"Program","Year","Period","Week Ending","Geo Level","State","State ANSI","Ag District","Ag District Code","County","County ANSI","Zip Code","Region","watershed_code","Watershed","Commodity","Data Item","Domain","Domain Category","Value","CV (%)"
"CENSUS","2024","YEAR","","STATE","ALABAMA","01","","","","","","","00000000","","PEPPERS","PEPPERS, UNDER PROTECTION - PRODUCTION, MEASURED IN CWT","TOTAL","NOT SPECIFIED"," (D)","(D)"
"CENSUS","2024","YEAR","","STATE","ARIZONA","04","","","","","","","00000000","","PEPPERS","PEPPERS, UNDER PROTECTION - PRODUCTION, MEASURED IN CWT","TOTAL","NOT SPECIFIED","59","63.2"
"CENSUS","2024","YEAR","","STATE","ARKANSAS","05","","","","","","","00000000","","PEPPERS","PEPPERS, UNDER PROTECTION - PRODUCTION, MEASURED IN CWT","TOTAL","NOT SPECIFIED","332","59.8"
"CENSUS","2024","YEAR","","STATE","CALIFORNIA","06","","","","","","","00000000","","PEPPERS","PEPPERS, UNDER PROTECTION - PRODUCTION, MEASURED IN CWT","TOTAL","NOT SPECIFIED","4,956","(H)"
"CENSUS","2024","YEAR","","STATE","CALIFORNIA","06","","","","","","","00000000","","PEPPERS","PEPPERS, UNDER PROTECTION, FROM HYDROPONIC SYSTEMS - PRODUCTION, MEASURED IN CWT","TOTAL","NOT SPECIFIED","4,332","(H)"
"CENSUS","2024","YEAR","","STATE","COLORADO","08","","","","","","","00000000","","PEPPERS","PEPPERS, UNDER PROTECTION - PRODUCTION, MEASURED IN CWT","TOTAL","NOT SPECIFIED","87","65.6"
"CENSUS","2024","YEAR","","STATE","CONNECTICUT","09","","","","","","","00000000","","PEPPERS","PEPPERS, UNDER PROTECTION - PRODUCTION, MEASURED IN CWT","TOTAL","NOT SPECIFIED"," (D)","(D)"
"CENSUS","2024","YEAR","","STATE","DELAWARE","10","","","","","","","00000000","","PEPPERS","PEPPERS, UNDER PROTECTION - PRODUCTION, MEASURED IN CWT","TOTAL","NOT SPECIFIED","26","87.9"
"CENSUS","2024","YEAR","","STATE","FLORIDA","12","","","","","","","00000000","","PEPPERS","PEPPERS, UNDER PROTECTION - PRODUCTION, MEASURED IN CWT","TOTAL","NOT SPECIFIED","181","72.2"
"CENSUS","2024","YEAR","","STATE","FLORIDA","12","","","","","","","00000000","","PEPPERS","PEPPERS, UNDER PROTECTION, FROM HYDROPONIC SYSTEMS - PRODUCTION, MEASURED IN CWT","TOTAL","NOT SPECIFIED","46","(H)"
"CENSUS","2024","YEAR","","STATE","GEORGIA","13","","","","","","","00000000","","PEPPERS","PEPPERS, UNDER PROTECTION - PRODUCTION, MEASURED IN CWT","TOTAL","NOT SPECIFIED"," (D)","(D)"
"CENSUS","2024","YEAR","","STATE","IDAHO","16","","","","","","","00000000","","PEPPERS","PEPPERS, UNDER PROTECTION - PRODUCTION, MEASURED IN CWT","TOTAL","NOT SPECIFIED","1,279","88.7"
"CENSUS","2024","YEAR","","STATE","ILLINOIS","17","","","","","","","00000000","","PEPPERS","PEPPERS, UNDER PROTECTION - PRODUCTION, MEASURED IN CWT","TOTAL","NOT SPECIFIED","386","73.4"
"CENSUS","2024","YEAR","","STATE","INDIANA","18","","","","","","","00000000","","PEPPERS","PEPPERS, UNDER PROTECTION - PRODUCTION, MEASURED IN CWT","TOTAL","NOT SPECIFIED","682","47.8"
"CENSUS","2024","YEAR","","STATE","IOWA","19","","","","","","","00000000","","PEPPERS","PEPPERS, UNDER PROTECTION - PRODUCTION, MEASURED IN CWT","TOTAL","NOT SPECIFIED","611","(H)"
"CENSUS","2024","YEAR","","STATE","IOWA","19","","","","","","","00000000","","PEPPERS","PEPPERS, UNDER PROTECTION, FROM HYDROPONIC SYSTEMS - PRODUCTION, MEASURED IN CWT","TOTAL","NOT SPECIFIED"," (D)","(D)"
"CENSUS","2024","YEAR","","STATE","KANSAS","20","","","","","","","00000000","","PEPPERS","PEPPERS, UNDER PROTECTION - PRODUCTION, MEASURED IN CWT","TOTAL","NOT SPECIFIED","344","50.5"
"CENSUS","2024","YEAR","","STATE","KENTUCKY","21","","","","","","","00000000","","PEPPERS","PEPPERS, UNDER PROTECTION - PRODUCTION, MEASURED IN CWT","TOTAL","NOT SPECIFIED","1,601","70.1"
"CENSUS","2024","YEAR","","STATE","LOUISIANA","22","","","","","","","00000000","","PEPPERS","PEPPERS, UNDER PROTECTION - PRODUCTION, MEASURED IN CWT","TOTAL","NOT SPECIFIED","8","(H)"
"CENSUS","2024","YEAR","","STATE","MAINE","23","","","","","","","00000000","","PEPPERS","PEPPERS, UNDER PROTECTION - PRODUCTION, MEASURED IN CWT","TOTAL","NOT SPECIFIED","388","34.6"
"CENSUS","2024","YEAR","","STATE","MAINE","23","","","","","","","00000000","","PEPPERS","PEPPERS, UNDER PROTECTION, FROM HYDROPONIC SYSTEMS - PRODUCTION, MEASURED IN CWT","TOTAL","NOT SPECIFIED"," (D)","(D)"
"CENSUS","2024","YEAR","","STATE","MARYLAND","24","","","","","","","00000000","","PEPPERS","PEPPERS, UNDER PROTECTION - PRODUCTION, MEASURED IN CWT","TOTAL","NOT SPECIFIED","44","(H)"
"CENSUS","2024","YEAR","","STATE","MASSACHUSETTS","25","","","","","","","00000000","","PEPPERS","PEPPERS, UNDER PROTECTION - PRODUCTION, MEASURED IN CWT","TOTAL","NOT SPECIFIED","278","43.4"
"CENSUS","2024","YEAR","","STATE","MASSACHUSETTS","25","","","","","","","00000000","","PEPPERS","PEPPERS, UNDER PROTECTION, FROM HYDROPONIC SYSTEMS - PRODUCTION, MEASURED IN CWT","TOTAL","NOT SPECIFIED","38","93.3"
"CENSUS","2024","YEAR","","STATE","MICHIGAN","26","","","","","","","00000000","","PEPPERS","PEPPERS, UNDER PROTECTION - PRODUCTION, MEASURED IN CWT","TOTAL","NOT SPECIFIED","1,683","37.7"
"CENSUS","2024","YEAR","","STATE","MICHIGAN","26","","","","","","","00000000","","PEPPERS","PEPPERS, UNDER PROTECTION, FROM HYDROPONIC SYSTEMS - PRODUCTION, MEASURED IN CWT","TOTAL","NOT SPECIFIED","8","(H)"
"CENSUS","2024","YEAR","","STATE","MINNESOTA","27","","","","","","","00000000","","PEPPERS","PEPPERS, UNDER PROTECTION - PRODUCTION, MEASURED IN CWT","TOTAL","NOT SPECIFIED","1,787","42.2"
"CENSUS","2024","YEAR","","STATE","MINNESOTA","27","","","","","","","00000000","","PEPPERS","PEPPERS, UNDER PROTECTION, FROM HYDROPONIC SYSTEMS - PRODUCTION, MEASURED IN CWT","TOTAL","NOT SPECIFIED","126","92.8"
"CENSUS","2024","YEAR","","STATE","MISSISSIPPI","28","","","","","","","00000000","","PEPPERS","PEPPERS, UNDER PROTECTION - PRODUCTION, MEASURED IN CWT","TOTAL","NOT SPECIFIED"," (D)","(D)"
"CENSUS","2024","YEAR","","STATE","MISSOURI","29","","","","","","","00000000","","PEPPERS","PEPPERS, UNDER PROTECTION - PRODUCTION, MEASURED IN CWT","TOTAL","NOT SPECIFIED","907","35.4"
"CENSUS","2024","YEAR","","STATE","MONTANA","30","","","","","","","00000000","","PEPPERS","PEPPERS, UNDER PROTECTION - PRODUCTION, MEASURED IN CWT","TOTAL","NOT SPECIFIED"," (D)","(D)"
"CENSUS","2024","YEAR","","STATE","MONTANA","30","","","","","","","00000000","","PEPPERS","PEPPERS, UNDER PROTECTION, FROM HYDROPONIC SYSTEMS - PRODUCTION, MEASURED IN CWT","TOTAL","NOT SPECIFIED"," (D)","(D)"
"CENSUS","2024","YEAR","","STATE","NEVADA","32","","","","","","","00000000","","PEPPERS","PEPPERS, UNDER PROTECTION - PRODUCTION, MEASURED IN CWT","TOTAL","NOT SPECIFIED","761","66.7"
"CENSUS","2024","YEAR","","STATE","NEVADA","32","","","","","","","00000000","","PEPPERS","PEPPERS, UNDER PROTECTION, FROM HYDROPONIC SYSTEMS - PRODUCTION, MEASURED IN CWT","TOTAL","NOT SPECIFIED","75","94.9"
"CENSUS","2024","YEAR","","STATE","NEW HAMPSHIRE","33","","","","","","","00000000","","PEPPERS","PEPPERS, UNDER PROTECTION - PRODUCTION, MEASURED IN CWT","TOTAL","NOT SPECIFIED","253","63.3"
"CENSUS","2024","YEAR","","STATE","NEW JERSEY","34","","","","","","","00000000","","PEPPERS","PEPPERS, UNDER PROTECTION - PRODUCTION, MEASURED IN CWT","TOTAL","NOT SPECIFIED","128","(H)"
"CENSUS","2024","YEAR","","STATE","NEW MEXICO","35","","","","","","","00000000","","PEPPERS","PEPPERS, UNDER PROTECTION - PRODUCTION, MEASURED IN CWT","TOTAL","NOT SPECIFIED","572","74.0"
"CENSUS","2024","YEAR","","STATE","NEW MEXICO","35","","","","","","","00000000","","PEPPERS","PEPPERS, UNDER PROTECTION, FROM HYDROPONIC SYSTEMS - PRODUCTION, MEASURED IN CWT","TOTAL","NOT SPECIFIED"," (D)","(D)"
"CENSUS","2024","YEAR","","STATE","NEW YORK","36","","","","","","","00000000","","PEPPERS","PEPPERS, UNDER PROTECTION - PRODUCTION, MEASURED IN CWT","TOTAL","NOT SPECIFIED","955","58.1"
"CENSUS","2024","YEAR","","STATE","NORTH CAROLINA","37","","","","","","","00000000","","PEPPERS","PEPPERS, UNDER PROTECTION - PRODUCTION, MEASURED IN CWT","TOTAL","NOT SPECIFIED","887","60.8"
"CENSUS","2024","YEAR","","STATE","NORTH DAKOTA","38","","","","","","","00000000","","PEPPERS","PEPPERS, UNDER PROTECTION - PRODUCTION, MEASURED IN CWT","TOTAL","NOT SPECIFIED","32","83.4"
"CENSUS","2024","YEAR","","STATE","OHIO","39","","","","","","","00000000","","PEPPERS","PEPPERS, UNDER PROTECTION - PRODUCTION, MEASURED IN CWT","TOTAL","NOT SPECIFIED","3,590","55.0"
"CENSUS","2024","YEAR","","STATE","OKLAHOMA","40","","","","","","","00000000","","PEPPERS","PEPPERS, UNDER PROTECTION - PRODUCTION, MEASURED IN CWT","TOTAL","NOT SPECIFIED","173","82.9"
"CENSUS","2024","YEAR","","STATE","OREGON","41","","","","","","","00000000","","PEPPERS","PEPPERS, UNDER PROTECTION - PRODUCTION, MEASURED IN CWT","TOTAL","NOT SPECIFIED","1,042","79.5"
"CENSUS","2024","YEAR","","STATE","PENNSYLVANIA","42","","","","","","","00000000","","PEPPERS","PEPPERS, UNDER PROTECTION - PRODUCTION, MEASURED IN CWT","TOTAL","NOT SPECIFIED","2,614","44.5"
"CENSUS","2024","YEAR","","STATE","PENNSYLVANIA","42","","","","","","","00000000","","PEPPERS","PEPPERS, UNDER PROTECTION, FROM HYDROPONIC SYSTEMS - PRODUCTION, MEASURED IN CWT","TOTAL","NOT SPECIFIED"," (D)","(D)"
"CENSUS","2024","YEAR","","STATE","RHODE ISLAND","44","","","","","","","00000000","","PEPPERS","PEPPERS, UNDER PROTECTION - PRODUCTION, MEASURED IN CWT","TOTAL","NOT SPECIFIED","34","85.2"
"CENSUS","2024","YEAR","","STATE","SOUTH CAROLINA","45","","","","","","","00000000","","PEPPERS","PEPPERS, UNDER PROTECTION - PRODUCTION, MEASURED IN CWT","TOTAL","NOT SPECIFIED","110","49.8"
"CENSUS","2024","YEAR","","STATE","SOUTH DAKOTA","46","","","","","","","00000000","","PEPPERS","PEPPERS, UNDER PROTECTION - PRODUCTION, MEASURED IN CWT","TOTAL","NOT SPECIFIED","126","96.8"
"CENSUS","2024","YEAR","","STATE","TENNESSEE","47","","","","","","","00000000","","PEPPERS","PEPPERS, UNDER PROTECTION - PRODUCTION, MEASURED IN CWT","TOTAL","NOT SPECIFIED","811","30.3"
"CENSUS","2024","YEAR","","STATE","TEXAS","48","","","","","","","00000000","","PEPPERS","PEPPERS, UNDER PROTECTION - PRODUCTION, MEASURED IN CWT","TOTAL","NOT SPECIFIED"," (D)","(D)"
"CENSUS","2024","YEAR","","STATE","TEXAS","48","","","","","","","00000000","","PEPPERS","PEPPERS, UNDER PROTECTION, FROM HYDROPONIC SYSTEMS - PRODUCTION, MEASURED IN CWT","TOTAL","NOT SPECIFIED","72","94.9"
"CENSUS","2024","YEAR","","STATE","UTAH","49","","","","","","","00000000","","PEPPERS","PEPPERS, UNDER PROTECTION - PRODUCTION, MEASURED IN CWT","TOTAL","NOT SPECIFIED","3","(H)"
"CENSUS","2024","YEAR","","STATE","VERMONT","50","","","","","","","00000000","","PEPPERS","PEPPERS, UNDER PROTECTION - PRODUCTION, MEASURED IN CWT","TOTAL","NOT SPECIFIED","617","56.8"
"CENSUS","2024","YEAR","","STATE","VIRGINIA","51","","","","","","","00000000","","PEPPERS","PEPPERS, UNDER PROTECTION - PRODUCTION, MEASURED IN CWT","TOTAL","NOT SPECIFIED","586","59.9"
"CENSUS","2024","YEAR","","STATE","VIRGINIA","51","","","","","","","00000000","","PEPPERS","PEPPERS, UNDER PROTECTION, FROM HYDROPONIC SYSTEMS - PRODUCTION, MEASURED IN CWT","TOTAL","NOT SPECIFIED"," (D)","(D)"
"CENSUS","2024","YEAR","","STATE","WASHINGTON","53","","","","","","","00000000","","PEPPERS","PEPPERS, UNDER PROTECTION - PRODUCTION, MEASURED IN CWT","TOTAL","NOT SPECIFIED","613","54.2"
"CENSUS","2024","YEAR","","STATE","WEST VIRGINIA","54","","","","","","","00000000","","PEPPERS","PEPPERS, UNDER PROTECTION - PRODUCTION, MEASURED IN CWT","TOTAL","NOT SPECIFIED","59","70.1"
"CENSUS","2024","YEAR","","STATE","WEST VIRGINIA","54","","","","","","","00000000","","PEPPERS","PEPPERS, UNDER PROTECTION, FROM HYDROPONIC SYSTEMS - PRODUCTION, MEASURED IN CWT","TOTAL","NOT SPECIFIED"," (D)","(D)"
"CENSUS","2024","YEAR","","STATE","WISCONSIN","55","","","","","","","00000000","","PEPPERS","PEPPERS, UNDER PROTECTION - PRODUCTION, MEASURED IN CWT","TOTAL","NOT SPECIFIED"," (D)","(D)"
"CENSUS","2021","YEAR","","STATE","ARKANSAS","05","","","","","","","00000000","","PEPPERS","PEPPERS, BELL, ORGANIC - PRODUCTION, MEASURED IN CWT","ORGANIC STATUS","ORGANIC STATUS: (NOP USDA CERTIFIED)","18","75.2"
"CENSUS","2021","YEAR","","STATE","CALIFORNIA","06","","","","","","","00000000","","PEPPERS","PEPPERS, BELL, ORGANIC - PRODUCTION, MEASURED IN CWT","ORGANIC STATUS","ORGANIC STATUS: (NOP USDA CERTIFIED)","150,318","40.7"
"CENSUS","2021","YEAR","","STATE","COLORADO","08","","","","","","","00000000","","PEPPERS","PEPPERS, BELL, ORGANIC - PRODUCTION, MEASURED IN CWT","ORGANIC STATUS","ORGANIC STATUS: (NOP USDA CERTIFIED)","154","(H)"
"CENSUS","2021","YEAR","","STATE","CONNECTICUT","09","","","","","","","00000000","","PEPPERS","PEPPERS, BELL, ORGANIC - PRODUCTION, MEASURED IN CWT","ORGANIC STATUS","ORGANIC STATUS: (NOP USDA CERTIFIED)","612","82.6"
"CENSUS","2021","YEAR","","STATE","FLORIDA","12","","","","","","","00000000","","PEPPERS","PEPPERS, BELL, ORGANIC - PRODUCTION, MEASURED IN CWT","ORGANIC STATUS","ORGANIC STATUS: (NOP USDA CERTIFIED)","21,437","69.1"
"CENSUS","2021","YEAR","","STATE","GEORGIA","13","","","","","","","00000000","","PEPPERS","PEPPERS, BELL, ORGANIC - PRODUCTION, MEASURED IN CWT","ORGANIC STATUS","ORGANIC STATUS: (NOP USDA CERTIFIED)","408","54.8"
"CENSUS","2021","YEAR","","STATE","HAWAII","15","","","","","","","00000000","","PEPPERS","PEPPERS, BELL, ORGANIC - PRODUCTION, MEASURED IN CWT","ORGANIC STATUS","ORGANIC STATUS: (NOP USDA CERTIFIED)"," (D)","(D)"
"CENSUS","2021","YEAR","","STATE","IDAHO","16","","","","","","","00000000","","PEPPERS","PEPPERS, BELL, ORGANIC - PRODUCTION, MEASURED IN CWT","ORGANIC STATUS","ORGANIC STATUS: (NOP USDA CERTIFIED)","206","43.4"
"CENSUS","2021","YEAR","","STATE","ILLINOIS","17","","","","","","","00000000","","PEPPERS","PEPPERS, BELL, ORGANIC - PRODUCTION, MEASURED IN CWT","ORGANIC STATUS","ORGANIC STATUS: (NOP USDA CERTIFIED)","196","42.5"
"CENSUS","2021","YEAR","","STATE","INDIANA","18","","","","","","","00000000","","PEPPERS","PEPPERS, BELL, ORGANIC - PRODUCTION, MEASURED IN CWT","ORGANIC STATUS","ORGANIC STATUS: (NOP USDA CERTIFIED)","599","(H)"
"CENSUS","2021","YEAR","","STATE","IOWA","19","","","","","","","00000000","","PEPPERS","PEPPERS, BELL, ORGANIC - PRODUCTION, MEASURED IN CWT","ORGANIC STATUS","ORGANIC STATUS: (NOP USDA CERTIFIED)","670","68.6"
"CENSUS","2021","YEAR","","STATE","KANSAS","20","","","","","","","00000000","","PEPPERS","PEPPERS, BELL, ORGANIC - PRODUCTION, MEASURED IN CWT","ORGANIC STATUS","ORGANIC STATUS: (NOP USDA CERTIFIED)","153","74.0"
"CENSUS","2021","YEAR","","STATE","KENTUCKY","21","","","","","","","00000000","","PEPPERS","PEPPERS, BELL, ORGANIC - PRODUCTION, MEASURED IN CWT","ORGANIC STATUS","ORGANIC STATUS: (NOP USDA CERTIFIED)","1,305","79.5"
"CENSUS","2021","YEAR","","STATE","MAINE","23","","","","","","","00000000","","PEPPERS","PEPPERS, BELL, ORGANIC - PRODUCTION, MEASURED IN CWT","ORGANIC STATUS","ORGANIC STATUS: (NOP USDA CERTIFIED)","1,039","(H)"
"CENSUS","2021","YEAR","","STATE","MARYLAND","24","","","","","","","00000000","","PEPPERS","PEPPERS, BELL, ORGANIC - PRODUCTION, MEASURED IN CWT","ORGANIC STATUS","ORGANIC STATUS: (NOP USDA CERTIFIED)","300","71.2"
"CENSUS","2021","YEAR","","STATE","MASSACHUSETTS","25","","","","","","","00000000","","PEPPERS","PEPPERS, BELL, ORGANIC - PRODUCTION, MEASURED IN CWT","ORGANIC STATUS","ORGANIC STATUS: (NOP USDA CERTIFIED)","4,251","92.8"
"CENSUS","2021","YEAR","","STATE","MICHIGAN","26","","","","","","","00000000","","PEPPERS","PEPPERS, BELL, ORGANIC - PRODUCTION, MEASURED IN CWT","ORGANIC STATUS","ORGANIC STATUS: (NOP USDA CERTIFIED)","1,530","38.9"
"CENSUS","2021","YEAR","","STATE","MINNESOTA","27","","","","","","","00000000","","PEPPERS","PEPPERS, BELL, ORGANIC - PRODUCTION, MEASURED IN CWT","ORGANIC STATUS","ORGANIC STATUS: (NOP USDA CERTIFIED)","2,136","48.2"
"CENSUS","2021","YEAR","","STATE","MISSOURI","29","","","","","","","00000000","","PEPPERS","PEPPERS, BELL, ORGANIC - PRODUCTION, MEASURED IN CWT","ORGANIC STATUS","ORGANIC STATUS: (NOP USDA CERTIFIED)"," (D)","(D)"
"CENSUS","2021","YEAR","","STATE","MONTANA","30","","","","","","","00000000","","PEPPERS","PEPPERS, BELL, ORGANIC - PRODUCTION, MEASURED IN CWT","ORGANIC STATUS","ORGANIC STATUS: (NOP USDA CERTIFIED)","500","96.9"
"CENSUS","2021","YEAR","","STATE","NEBRASKA","31","","","","","","","00000000","","PEPPERS","PEPPERS, BELL, ORGANIC - PRODUCTION, MEASURED IN CWT","ORGANIC STATUS","ORGANIC STATUS: (NOP USDA CERTIFIED)","199","90.1"
"CENSUS","2021","YEAR","","STATE","NEVADA","32","","","","","","","00000000","","PEPPERS","PEPPERS, BELL, ORGANIC - PRODUCTION, MEASURED IN CWT","ORGANIC STATUS","ORGANIC STATUS: (NOP USDA CERTIFIED)"," (D)","(D)"
"CENSUS","2021","YEAR","","STATE","NEW HAMPSHIRE","33","","","","","","","00000000","","PEPPERS","PEPPERS, BELL, ORGANIC - PRODUCTION, MEASURED IN CWT","ORGANIC STATUS","ORGANIC STATUS: (NOP USDA CERTIFIED)","208","(H)"
"CENSUS","2021","YEAR","","STATE","NEW JERSEY","34","","","","","","","00000000","","PEPPERS","PEPPERS, BELL, ORGANIC - PRODUCTION, MEASURED IN CWT","ORGANIC STATUS","ORGANIC STATUS: (NOP USDA CERTIFIED)","4,852","(H)"
"CENSUS","2021","YEAR","","STATE","NEW MEXICO","35","","","","","","","00000000","","PEPPERS","PEPPERS, BELL, ORGANIC - PRODUCTION, MEASURED IN CWT","ORGANIC STATUS","ORGANIC STATUS: (NOP USDA CERTIFIED)"," (D)","(D)"
"CENSUS","2021","YEAR","","STATE","NEW YORK","36","","","","","","","00000000","","PEPPERS","PEPPERS, BELL, ORGANIC - PRODUCTION, MEASURED IN CWT","ORGANIC STATUS","ORGANIC STATUS: (NOP USDA CERTIFIED)","3,331","23.2"
"CENSUS","2021","YEAR","","STATE","NORTH CAROLINA","37","","","","","","","00000000","","PEPPERS","PEPPERS, BELL, ORGANIC - PRODUCTION, MEASURED IN CWT","ORGANIC STATUS","ORGANIC STATUS: (NOP USDA CERTIFIED)","1,084","68.5"
"CENSUS","2021","YEAR","","STATE","NORTH DAKOTA","38","","","","","","","00000000","","PEPPERS","PEPPERS, BELL, ORGANIC - PRODUCTION, MEASURED IN CWT","ORGANIC STATUS","ORGANIC STATUS: (NOP USDA CERTIFIED)","40","96.5"
"CENSUS","2021","YEAR","","STATE","OHIO","39","","","","","","","00000000","","PEPPERS","PEPPERS, BELL, ORGANIC - PRODUCTION, MEASURED IN CWT","ORGANIC STATUS","ORGANIC STATUS: (NOP USDA CERTIFIED)","5,299","30.0"
"CENSUS","2021","YEAR","","STATE","OKLAHOMA","40","","","","","","","00000000","","PEPPERS","PEPPERS, BELL, ORGANIC - PRODUCTION, MEASURED IN CWT","ORGANIC STATUS","ORGANIC STATUS: (NOP USDA CERTIFIED)"," (D)","(D)"
"CENSUS","2021","YEAR","","STATE","OREGON","41","","","","","","","00000000","","PEPPERS","PEPPERS, BELL, ORGANIC - PRODUCTION, MEASURED IN CWT","ORGANIC STATUS","ORGANIC STATUS: (NOP USDA CERTIFIED)","764","(H)"
"CENSUS","2021","YEAR","","STATE","PENNSYLVANIA","42","","","","","","","00000000","","PEPPERS","PEPPERS, BELL, ORGANIC - PRODUCTION, MEASURED IN CWT","ORGANIC STATUS","ORGANIC STATUS: (NOP USDA CERTIFIED)","4,609","65.6"
"CENSUS","2021","YEAR","","STATE","RHODE ISLAND","44","","","","","","","00000000","","PEPPERS","PEPPERS, BELL, ORGANIC - PRODUCTION, MEASURED IN CWT","ORGANIC STATUS","ORGANIC STATUS: (NOP USDA CERTIFIED)","224","55.1"
"CENSUS","2021","YEAR","","STATE","SOUTH CAROLINA","45","","","","","","","00000000","","PEPPERS","PEPPERS, BELL, ORGANIC - PRODUCTION, MEASURED IN CWT","ORGANIC STATUS","ORGANIC STATUS: (NOP USDA CERTIFIED)","23,148","(H)"
"CENSUS","2021","YEAR","","STATE","SOUTH DAKOTA","46","","","","","","","00000000","","PEPPERS","PEPPERS, BELL, ORGANIC - PRODUCTION, MEASURED IN CWT","ORGANIC STATUS","ORGANIC STATUS: (NOP USDA CERTIFIED)","21","(H)"
"CENSUS","2021","YEAR","","STATE","TENNESSEE","47","","","","","","","00000000","","PEPPERS","PEPPERS, BELL, ORGANIC - PRODUCTION, MEASURED IN CWT","ORGANIC STATUS","ORGANIC STATUS: (NOP USDA CERTIFIED)","278","(H)"
"CENSUS","2021","YEAR","","STATE","TEXAS","48","","","","","","","00000000","","PEPPERS","PEPPERS, BELL, ORGANIC - PRODUCTION, MEASURED IN CWT","ORGANIC STATUS","ORGANIC STATUS: (NOP USDA CERTIFIED)","5,901","99.1"
"CENSUS","2021","YEAR","","STATE","UTAH","49","","","","","","","00000000","","PEPPERS","PEPPERS, BELL, ORGANIC - PRODUCTION, MEASURED IN CWT","ORGANIC STATUS","ORGANIC STATUS: (NOP USDA CERTIFIED)"," (D)","(D)"
"CENSUS","2021","YEAR","","STATE","VERMONT","50","","","","","","","00000000","","PEPPERS","PEPPERS, BELL, ORGANIC - PRODUCTION, MEASURED IN CWT","ORGANIC STATUS","ORGANIC STATUS: (NOP USDA CERTIFIED)","714","53.5"
"CENSUS","2021","YEAR","","STATE","VIRGINIA","51","","","","","","","00000000","","PEPPERS","PEPPERS, BELL, ORGANIC - PRODUCTION, MEASURED IN CWT","ORGANIC STATUS","ORGANIC STATUS: (NOP USDA CERTIFIED)","4,976","(H)"
"CENSUS","2021","YEAR","","STATE","WASHINGTON","53","","","","","","","00000000","","PEPPERS","PEPPERS, BELL, ORGANIC - PRODUCTION, MEASURED IN CWT","ORGANIC STATUS","ORGANIC STATUS: (NOP USDA CERTIFIED)","5,669","83.4"
"CENSUS","2021","YEAR","","STATE","WISCONSIN","55","","","","","","","00000000","","PEPPERS","PEPPERS, BELL, ORGANIC - PRODUCTION, MEASURED IN CWT","ORGANIC STATUS","ORGANIC STATUS: (NOP USDA CERTIFIED)","1,859","30.9"
"CENSUS","2019","YEAR","","STATE","ALABAMA","01","","","","","","","00000000","","PEPPERS","PEPPERS, UNDER PROTECTION - PRODUCTION, MEASURED IN CWT","TOTAL","NOT SPECIFIED","629","(H)"
"CENSUS","2019","YEAR","","STATE","ALABAMA","01","","","","","","","00000000","","PEPPERS","PEPPERS, UNDER PROTECTION, FROM HYDROPONIC SYSTEMS - PRODUCTION, MEASURED IN CWT","TOTAL","NOT SPECIFIED"," (D)","(D)"
"CENSUS","2019","YEAR","","STATE","ALASKA","02","","","","","","","00000000","","PEPPERS","PEPPERS, UNDER PROTECTION - PRODUCTION, MEASURED IN CWT","TOTAL","NOT SPECIFIED","59","76.8"
"CENSUS","2019","YEAR","","STATE","ARIZONA","04","","","","","","","00000000","","PEPPERS","PEPPERS, BELL, ORGANIC - PRODUCTION, MEASURED IN CWT","ORGANIC STATUS","ORGANIC STATUS: (NOP USDA CERTIFIED)","144","87.9"
"CENSUS","2019","YEAR","","STATE","ARIZONA","04","","","","","","","00000000","","PEPPERS","PEPPERS, UNDER PROTECTION - PRODUCTION, MEASURED IN CWT","TOTAL","NOT SPECIFIED"," (D)","(D)"
"CENSUS","2019","YEAR","","STATE","ARKANSAS","05","","","","","","","00000000","","PEPPERS","PEPPERS, BELL, ORGANIC - PRODUCTION, MEASURED IN CWT","ORGANIC STATUS","ORGANIC STATUS: (NOP USDA CERTIFIED)","32","82.6"
"CENSUS","2019","YEAR","","STATE","ARKANSAS","05","","","","","","","00000000","","PEPPERS","PEPPERS, UNDER PROTECTION - PRODUCTION, MEASURED IN CWT","TOTAL","NOT SPECIFIED","188","54.1"
"CENSUS","2019","YEAR","","STATE","CALIFORNIA","06","","","","","","","00000000","","PEPPERS","PEPPERS, BELL, ORGANIC - PRODUCTION, MEASURED IN CWT","ORGANIC STATUS","ORGANIC STATUS: (NOP USDA CERTIFIED)","245,523","32.4"
"CENSUS","2019","YEAR","","STATE","CALIFORNIA","06","","","","","","","00000000","","PEPPERS","PEPPERS, UNDER PROTECTION - PRODUCTION, MEASURED IN CWT","TOTAL","NOT SPECIFIED"," (D)","(D)"
"CENSUS","2019","YEAR","","STATE","CALIFORNIA","06","","","","","","","00000000","","PEPPERS","PEPPERS, UNDER PROTECTION, FROM HYDROPONIC SYSTEMS - PRODUCTION, MEASURED IN CWT","TOTAL","NOT SPECIFIED"," (D)","(D)"
"CENSUS","2019","YEAR","","STATE","COLORADO","08","","","","","","","00000000","","PEPPERS","PEPPERS, BELL, ORGANIC - PRODUCTION, MEASURED IN CWT","ORGANIC STATUS","ORGANIC STATUS: (NOP USDA CERTIFIED)","296","40.6"
"CENSUS","2019","YEAR","","STATE","COLORADO","08","","","","","","","00000000","","PEPPERS","PEPPERS, UNDER PROTECTION - PRODUCTION, MEASURED IN CWT","TOTAL","NOT SPECIFIED","3,156","(H)"
"CENSUS","2019","YEAR","","STATE","COLORADO","08","","","","","","","00000000","","PEPPERS","PEPPERS, UNDER PROTECTION, FROM HYDROPONIC SYSTEMS - PRODUCTION, MEASURED IN CWT","TOTAL","NOT SPECIFIED"," (D)","(D)"
"CENSUS","2019","YEAR","","STATE","CONNECTICUT","09","","","","","","","00000000","","PEPPERS","PEPPERS, BELL, ORGANIC - PRODUCTION, MEASURED IN CWT","ORGANIC STATUS","ORGANIC STATUS: (NOP USDA CERTIFIED)","481","40.9"
"CENSUS","2019","YEAR","","STATE","CONNECTICUT","09","","","","","","","00000000","","PEPPERS","PEPPERS, UNDER PROTECTION - PRODUCTION, MEASURED IN CWT","TOTAL","NOT SPECIFIED","199","41.3"
"CENSUS","2019","YEAR","","STATE","CONNECTICUT","09","","","","","","","00000000","","PEPPERS","PEPPERS, UNDER PROTECTION, FROM HYDROPONIC SYSTEMS - PRODUCTION, MEASURED IN CWT","TOTAL","NOT SPECIFIED"," (D)","(D)"
"CENSUS","2019","YEAR","","STATE","DELAWARE","10","","","","","","","00000000","","PEPPERS","PEPPERS, BELL, ORGANIC - PRODUCTION, MEASURED IN CWT","ORGANIC STATUS","ORGANIC STATUS: (NOP USDA CERTIFIED)"," (D)","(D)"
"CENSUS","2019","YEAR","","STATE","FLORIDA","12","","","","","","","00000000","","PEPPERS","PEPPERS, BELL, ORGANIC - PRODUCTION, MEASURED IN CWT","ORGANIC STATUS","ORGANIC STATUS: (NOP USDA CERTIFIED)","25,762","82.6"
"CENSUS","2019","YEAR","","STATE","FLORIDA","12","","","","","","","00000000","","PEPPERS","PEPPERS, UNDER PROTECTION - PRODUCTION, MEASURED IN CWT","TOTAL","NOT SPECIFIED","2,678","35.2"
"CENSUS","2019","YEAR","","STATE","FLORIDA","12","","","","","","","00000000","","PEPPERS","PEPPERS, UNDER PROTECTION, FROM HYDROPONIC SYSTEMS - PRODUCTION, MEASURED IN CWT","TOTAL","NOT SPECIFIED"," (D)","(D)"
"CENSUS","2019","YEAR","","STATE","GEORGIA","13","","","","","","","00000000","","PEPPERS","PEPPERS, BELL, ORGANIC - PRODUCTION, MEASURED IN CWT","ORGANIC STATUS","ORGANIC STATUS: (NOP USDA CERTIFIED)","190","82.6"
"CENSUS","2019","YEAR","","STATE","GEORGIA","13","","","","","","","00000000","","PEPPERS","PEPPERS, UNDER PROTECTION - PRODUCTION, MEASURED IN CWT","TOTAL","NOT SPECIFIED","990","89.0"
"CENSUS","2019","YEAR","","STATE","HAWAII","15","","","","","","","00000000","","PEPPERS","PEPPERS, BELL, ORGANIC - PRODUCTION, MEASURED IN CWT","ORGANIC STATUS","ORGANIC STATUS: (NOP USDA CERTIFIED)"," (D)","(D)"
"CENSUS","2019","YEAR","","STATE","HAWAII","15","","","","","","","00000000","","PEPPERS","PEPPERS, UNDER PROTECTION - PRODUCTION, MEASURED IN CWT","TOTAL","NOT SPECIFIED","19","68.7"
"CENSUS","2019","YEAR","","STATE","IDAHO","16","","","","","","","00000000","","PEPPERS","PEPPERS, BELL, ORGANIC - PRODUCTION, MEASURED IN CWT","ORGANIC STATUS","ORGANIC STATUS: (NOP USDA CERTIFIED)","301","45.3"
"CENSUS","2019","YEAR","","STATE","IDAHO","16","","","","","","","00000000","","PEPPERS","PEPPERS, UNDER PROTECTION - PRODUCTION, MEASURED IN CWT","TOTAL","NOT SPECIFIED","34","59.9"
"CENSUS","2019","YEAR","","STATE","ILLINOIS","17","","","","","","","00000000","","PEPPERS","PEPPERS, BELL, ORGANIC - PRODUCTION, MEASURED IN CWT","ORGANIC STATUS","ORGANIC STATUS: (NOP USDA CERTIFIED)","746","23.8"
"CENSUS","2019","YEAR","","STATE","ILLINOIS","17","","","","","","","00000000","","PEPPERS","PEPPERS, UNDER PROTECTION - PRODUCTION, MEASURED IN CWT","TOTAL","NOT SPECIFIED","702","49.0"
"CENSUS","2019","YEAR","","STATE","INDIANA","18","","","","","","","00000000","","PEPPERS","PEPPERS, BELL, ORGANIC - PRODUCTION, MEASURED IN CWT","ORGANIC STATUS","ORGANIC STATUS: (NOP USDA CERTIFIED)","1,567","23.8"
"CENSUS","2019","YEAR","","STATE","INDIANA","18","","","","","","","00000000","","PEPPERS","PEPPERS, UNDER PROTECTION - PRODUCTION, MEASURED IN CWT","TOTAL","NOT SPECIFIED","646","46.8"
"CENSUS","2019","YEAR","","STATE","IOWA","19","","","","","","","00000000","","PEPPERS","PEPPERS, BELL, ORGANIC - PRODUCTION, MEASURED IN CWT","ORGANIC STATUS","ORGANIC STATUS: (NOP USDA CERTIFIED)","438","42.9"
"CENSUS","2019","YEAR","","STATE","IOWA","19","","","","","","","00000000","","PEPPERS","PEPPERS, UNDER PROTECTION - PRODUCTION, MEASURED IN CWT","TOTAL","NOT SPECIFIED","86","48.0"
"CENSUS","2019","YEAR","","STATE","KANSAS","20","","","","","","","00000000","","PEPPERS","PEPPERS, BELL, ORGANIC - PRODUCTION, MEASURED IN CWT","ORGANIC STATUS","ORGANIC STATUS: (NOP USDA CERTIFIED)"," (D)","(D)"
"CENSUS","2019","YEAR","","STATE","KANSAS","20","","","","","","","00000000","","PEPPERS","PEPPERS, UNDER PROTECTION - PRODUCTION, MEASURED IN CWT","TOTAL","NOT SPECIFIED","49","62.6"
"CENSUS","2019","YEAR","","STATE","KENTUCKY","21","","","","","","","00000000","","PEPPERS","PEPPERS, BELL, ORGANIC - PRODUCTION, MEASURED IN CWT","ORGANIC STATUS","ORGANIC STATUS: (NOP USDA CERTIFIED)","2,929","56.4"
"CENSUS","2019","YEAR","","STATE","KENTUCKY","21","","","","","","","00000000","","PEPPERS","PEPPERS, UNDER PROTECTION - PRODUCTION, MEASURED IN CWT","TOTAL","NOT SPECIFIED","945","91.7"
"CENSUS","2019","YEAR","","STATE","LOUISIANA","22","","","","","","","00000000","","PEPPERS","PEPPERS, UNDER PROTECTION - PRODUCTION, MEASURED IN CWT","TOTAL","NOT SPECIFIED"," (D)","(D)"
"CENSUS","2019","YEAR","","STATE","MAINE","23","","","","","","","00000000","","PEPPERS","PEPPERS, BELL, ORGANIC - PRODUCTION, MEASURED IN CWT","ORGANIC STATUS","ORGANIC STATUS: (NOP USDA CERTIFIED)","1,141","40.9"
"CENSUS","2019","YEAR","","STATE","MAINE","23","","","","","","","00000000","","PEPPERS","PEPPERS, UNDER PROTECTION - PRODUCTION, MEASURED IN CWT","TOTAL","NOT SPECIFIED","606","68.7"
"CENSUS","2019","YEAR","","STATE","MARYLAND","24","","","","","","","00000000","","PEPPERS","PEPPERS, BELL, ORGANIC - PRODUCTION, MEASURED IN CWT","ORGANIC STATUS","ORGANIC STATUS: (NOP USDA CERTIFIED)","212","40.9"
"CENSUS","2019","YEAR","","STATE","MARYLAND","24","","","","","","","00000000","","PEPPERS","PEPPERS, UNDER PROTECTION - PRODUCTION, MEASURED IN CWT","TOTAL","NOT SPECIFIED"," (D)","(D)"
"CENSUS","2019","YEAR","","STATE","MASSACHUSETTS","25","","","","","","","00000000","","PEPPERS","PEPPERS, BELL, ORGANIC - PRODUCTION, MEASURED IN CWT","ORGANIC STATUS","ORGANIC STATUS: (NOP USDA CERTIFIED)","2,970","40.9"
"CENSUS","2019","YEAR","","STATE","MASSACHUSETTS","25","","","","","","","00000000","","PEPPERS","PEPPERS, UNDER PROTECTION - PRODUCTION, MEASURED IN CWT","TOTAL","NOT SPECIFIED","185","59.4"
"CENSUS","2019","YEAR","","STATE","MICHIGAN","26","","","","","","","00000000","","PEPPERS","PEPPERS, BELL, ORGANIC - PRODUCTION, MEASURED IN CWT","ORGANIC STATUS","ORGANIC STATUS: (NOP USDA CERTIFIED)","2,046","23.8"
"CENSUS","2019","YEAR","","STATE","MICHIGAN","26","","","","","","","00000000","","PEPPERS","PEPPERS, UNDER PROTECTION - PRODUCTION, MEASURED IN CWT","TOTAL","NOT SPECIFIED","374","36.7"
"CENSUS","2019","YEAR","","STATE","MINNESOTA","27","","","","","","","00000000","","PEPPERS","PEPPERS, BELL, ORGANIC - PRODUCTION, MEASURED IN CWT","ORGANIC STATUS","ORGANIC STATUS: (NOP USDA CERTIFIED)","2,117","46.0"
"CENSUS","2019","YEAR","","STATE","MINNESOTA","27","","","","","","","00000000","","PEPPERS","PEPPERS, UNDER PROTECTION - PRODUCTION, MEASURED IN CWT","TOTAL","NOT SPECIFIED"," (D)","(D)"
"CENSUS","2019","YEAR","","STATE","MINNESOTA","27","","","","","","","00000000","","PEPPERS","PEPPERS, UNDER PROTECTION, FROM HYDROPONIC SYSTEMS - PRODUCTION, MEASURED IN CWT","TOTAL","NOT SPECIFIED","25","97.4"
"CENSUS","2019","YEAR","","STATE","MISSISSIPPI","28","","","","","","","00000000","","PEPPERS","PEPPERS, UNDER PROTECTION - PRODUCTION, MEASURED IN CWT","TOTAL","NOT SPECIFIED"," (D)","(D)"
"CENSUS","2019","YEAR","","STATE","MISSOURI","29","","","","","","","00000000","","PEPPERS","PEPPERS, BELL, ORGANIC - PRODUCTION, MEASURED IN CWT","ORGANIC STATUS","ORGANIC STATUS: (NOP USDA CERTIFIED)","22","23.8"
"CENSUS","2019","YEAR","","STATE","MISSOURI","29","","","","","","","00000000","","PEPPERS","PEPPERS, UNDER PROTECTION - PRODUCTION, MEASURED IN CWT","TOTAL","NOT SPECIFIED","340","49.2"
"CENSUS","2019","YEAR","","STATE","MISSOURI","29","","","","","","","00000000","","PEPPERS","PEPPERS, UNDER PROTECTION, FROM HYDROPONIC SYSTEMS - PRODUCTION, MEASURED IN CWT","TOTAL","NOT SPECIFIED"," (D)","(D)"
"CENSUS","2019","YEAR","","STATE","MONTANA","30","","","","","","","00000000","","PEPPERS","PEPPERS, BELL, ORGANIC - PRODUCTION, MEASURED IN CWT","ORGANIC STATUS","ORGANIC STATUS: (NOP USDA CERTIFIED)"," (D)","(D)"
"CENSUS","2019","YEAR","","STATE","MONTANA","30","","","","","","","00000000","","PEPPERS","PEPPERS, UNDER PROTECTION - PRODUCTION, MEASURED IN CWT","TOTAL","NOT SPECIFIED","2,321","61.6"
"CENSUS","2019","YEAR","","STATE","NEBRASKA","31","","","","","","","00000000","","PEPPERS","PEPPERS, BELL, ORGANIC - PRODUCTION, MEASURED IN CWT","ORGANIC STATUS","ORGANIC STATUS: (NOP USDA CERTIFIED)","248","73.1"
"CENSUS","2019","YEAR","","STATE","NEBRASKA","31","","","","","","","00000000","","PEPPERS","PEPPERS, UNDER PROTECTION - PRODUCTION, MEASURED IN CWT","TOTAL","NOT SPECIFIED"," (D)","(D)"
"CENSUS","2019","YEAR","","STATE","NEVADA","32","","","","","","","00000000","","PEPPERS","PEPPERS, BELL, ORGANIC - PRODUCTION, MEASURED IN CWT","ORGANIC STATUS","ORGANIC STATUS: (NOP USDA CERTIFIED)","131","40.6"
"CENSUS","2019","YEAR","","STATE","NEVADA","32","","","","","","","00000000","","PEPPERS","PEPPERS, UNDER PROTECTION - PRODUCTION, MEASURED IN CWT","TOTAL","NOT SPECIFIED"," (D)","(D)"
"CENSUS","2019","YEAR","","STATE","NEW HAMPSHIRE","33","","","","","","","00000000","","PEPPERS","PEPPERS, BELL, ORGANIC - PRODUCTION, MEASURED IN CWT","ORGANIC STATUS","ORGANIC STATUS: (NOP USDA CERTIFIED)","222","40.9"
"CENSUS","2019","YEAR","","STATE","NEW HAMPSHIRE","33","","","","","","","00000000","","PEPPERS","PEPPERS, UNDER PROTECTION - PRODUCTION, MEASURED IN CWT","TOTAL","NOT SPECIFIED","235","62.7"
"CENSUS","2019","YEAR","","STATE","NEW JERSEY","34","","","","","","","00000000","","PEPPERS","PEPPERS, BELL, ORGANIC - PRODUCTION, MEASURED IN CWT","ORGANIC STATUS","ORGANIC STATUS: (NOP USDA CERTIFIED)","8,013","40.9"
"CENSUS","2019","YEAR","","STATE","NEW JERSEY","34","","","","","","","00000000","","PEPPERS","PEPPERS, UNDER PROTECTION - PRODUCTION, MEASURED IN CWT","TOTAL","NOT SPECIFIED"," (D)","(D)"
"CENSUS","2019","YEAR","","STATE","NEW MEXICO","35","","","","","","","00000000","","PEPPERS","PEPPERS, BELL, ORGANIC - PRODUCTION, MEASURED IN CWT","ORGANIC STATUS","ORGANIC STATUS: (NOP USDA CERTIFIED)","15","40.6"
"CENSUS","2019","YEAR","","STATE","NEW MEXICO","35","","","","","","","00000000","","PEPPERS","PEPPERS, UNDER PROTECTION - PRODUCTION, MEASURED IN CWT","TOTAL","NOT SPECIFIED","811","87.0"
"CENSUS","2019","YEAR","","STATE","NEW YORK","36","","","","","","","00000000","","PEPPERS","PEPPERS, BELL, ORGANIC - PRODUCTION, MEASURED IN CWT","ORGANIC STATUS","ORGANIC STATUS: (NOP USDA CERTIFIED)","4,852","28.9"
"CENSUS","2019","YEAR","","STATE","NEW YORK","36","","","","","","","00000000","","PEPPERS","PEPPERS, UNDER PROTECTION - PRODUCTION, MEASURED IN CWT","TOTAL","NOT SPECIFIED"," (D)","(D)"
"CENSUS","2019","YEAR","","STATE","NORTH CAROLINA","37","","","","","","","00000000","","PEPPERS","PEPPERS, BELL, ORGANIC - PRODUCTION, MEASURED IN CWT","ORGANIC STATUS","ORGANIC STATUS: (NOP USDA CERTIFIED)","6,636","56.4"
"CENSUS","2019","YEAR","","STATE","NORTH CAROLINA","37","","","","","","","00000000","","PEPPERS","PEPPERS, UNDER PROTECTION - PRODUCTION, MEASURED IN CWT","TOTAL","NOT SPECIFIED","1,672","44.1"
"CENSUS","2019","YEAR","","STATE","NORTH DAKOTA","38","","","","","","","00000000","","PEPPERS","PEPPERS, BELL, ORGANIC - PRODUCTION, MEASURED IN CWT","ORGANIC STATUS","ORGANIC STATUS: (NOP USDA CERTIFIED)"," (D)","(D)"
"CENSUS","2019","YEAR","","STATE","NORTH DAKOTA","38","","","","","","","00000000","","PEPPERS","PEPPERS, UNDER PROTECTION - PRODUCTION, MEASURED IN CWT","TOTAL","NOT SPECIFIED"," (D)","(D)"
"CENSUS","2019","YEAR","","STATE","OHIO","39","","","","","","","00000000","","PEPPERS","PEPPERS, BELL, ORGANIC - PRODUCTION, MEASURED IN CWT","ORGANIC STATUS","ORGANIC STATUS: (NOP USDA CERTIFIED)","13,332","22.6"
"CENSUS","2019","YEAR","","STATE","OHIO","39","","","","","","","00000000","","PEPPERS","PEPPERS, UNDER PROTECTION - PRODUCTION, MEASURED IN CWT","TOTAL","NOT SPECIFIED","229","36.4"
"CENSUS","2019","YEAR","","STATE","OKLAHOMA","40","","","","","","","00000000","","PEPPERS","PEPPERS, BELL, ORGANIC - PRODUCTION, MEASURED IN CWT","ORGANIC STATUS","ORGANIC STATUS: (NOP USDA CERTIFIED)","51","94.9"
"CENSUS","2019","YEAR","","STATE","OKLAHOMA","40","","","","","","","00000000","","PEPPERS","PEPPERS, UNDER PROTECTION - PRODUCTION, MEASURED IN CWT","TOTAL","NOT SPECIFIED"," (D)","(D)"
"CENSUS","2019","YEAR","","STATE","OREGON","41","","","","","","","00000000","","PEPPERS","PEPPERS, BELL, ORGANIC - PRODUCTION, MEASURED IN CWT","ORGANIC STATUS","ORGANIC STATUS: (NOP USDA CERTIFIED)","1,280","45.3"
"CENSUS","2019","YEAR","","STATE","OREGON","41","","","","","","","00000000","","PEPPERS","PEPPERS, UNDER PROTECTION - PRODUCTION, MEASURED IN CWT","TOTAL","NOT SPECIFIED","940","61.6"
"CENSUS","2019","YEAR","","STATE","OREGON","41","","","","","","","00000000","","PEPPERS","PEPPERS, UNDER PROTECTION, FROM HYDROPONIC SYSTEMS - PRODUCTION, MEASURED IN CWT","TOTAL","NOT SPECIFIED"," (Z)","(H)"
"CENSUS","2019","YEAR","","STATE","PENNSYLVANIA","42","","","","","","","00000000","","PEPPERS","PEPPERS, BELL, ORGANIC - PRODUCTION, MEASURED IN CWT","ORGANIC STATUS","ORGANIC STATUS: (NOP USDA CERTIFIED)","6,738","38.5"
"CENSUS","2019","YEAR","","STATE","PENNSYLVANIA","42","","","","","","","00000000","","PEPPERS","PEPPERS, UNDER PROTECTION - PRODUCTION, MEASURED IN CWT","TOTAL","NOT SPECIFIED","1,621","80.3"
"CENSUS","2019","YEAR","","STATE","PENNSYLVANIA","42","","","","","","","00000000","","PEPPERS","PEPPERS, UNDER PROTECTION, FROM HYDROPONIC SYSTEMS - PRODUCTION, MEASURED IN CWT","TOTAL","NOT SPECIFIED"," (D)","(D)"
"CENSUS","2019","YEAR","","STATE","RHODE ISLAND","44","","","","","","","00000000","","PEPPERS","PEPPERS, BELL, ORGANIC - PRODUCTION, MEASURED IN CWT","ORGANIC STATUS","ORGANIC STATUS: (NOP USDA CERTIFIED)","40","40.9"
"CENSUS","2019","YEAR","","STATE","RHODE ISLAND","44","","","","","","","00000000","","PEPPERS","PEPPERS, UNDER PROTECTION - PRODUCTION, MEASURED IN CWT","TOTAL","NOT SPECIFIED","129","(H)"
"CENSUS","2019","YEAR","","STATE","RHODE ISLAND","44","","","","","","","00000000","","PEPPERS","PEPPERS, UNDER PROTECTION, FROM HYDROPONIC SYSTEMS - PRODUCTION, MEASURED IN CWT","TOTAL","NOT SPECIFIED"," (D)","(D)"
"CENSUS","2019","YEAR","","STATE","SOUTH CAROLINA","45","","","","","","","00000000","","PEPPERS","PEPPERS, BELL, ORGANIC - PRODUCTION, MEASURED IN CWT","ORGANIC STATUS","ORGANIC STATUS: (NOP USDA CERTIFIED)","33,612","82.6"
"CENSUS","2019","YEAR","","STATE","SOUTH CAROLINA","45","","","","","","","00000000","","PEPPERS","PEPPERS, UNDER PROTECTION - PRODUCTION, MEASURED IN CWT","TOTAL","NOT SPECIFIED"," (D)","(D)"
"CENSUS","2019","YEAR","","STATE","SOUTH CAROLINA","45","","","","","","","00000000","","PEPPERS","PEPPERS, UNDER PROTECTION, FROM HYDROPONIC SYSTEMS - PRODUCTION, MEASURED IN CWT","TOTAL","NOT SPECIFIED"," (D)","(D)"
"CENSUS","2019","YEAR","","STATE","SOUTH DAKOTA","46","","","","","","","00000000","","PEPPERS","PEPPERS, BELL, ORGANIC - PRODUCTION, MEASURED IN CWT","ORGANIC STATUS","ORGANIC STATUS: (NOP USDA CERTIFIED)"," (D)","(D)"
"CENSUS","2019","YEAR","","STATE","SOUTH DAKOTA","46","","","","","","","00000000","","PEPPERS","PEPPERS, UNDER PROTECTION - PRODUCTION, MEASURED IN CWT","TOTAL","NOT SPECIFIED"," (D)","(D)"
"CENSUS","2019","YEAR","","STATE","TENNESSEE","47","","","","","","","00000000","","PEPPERS","PEPPERS, BELL, ORGANIC - PRODUCTION, MEASURED IN CWT","ORGANIC STATUS","ORGANIC STATUS: (NOP USDA CERTIFIED)","159","56.4"
"CENSUS","2019","YEAR","","STATE","TENNESSEE","47","","","","","","","00000000","","PEPPERS","PEPPERS, UNDER PROTECTION - PRODUCTION, MEASURED IN CWT","TOTAL","NOT SPECIFIED","2,581","89.2"
"CENSUS","2019","YEAR","","STATE","TEXAS","48","","","","","","","00000000","","PEPPERS","PEPPERS, BELL, ORGANIC - PRODUCTION, MEASURED IN CWT","ORGANIC STATUS","ORGANIC STATUS: (NOP USDA CERTIFIED)"," (D)","(D)"
"CENSUS","2019","YEAR","","STATE","TEXAS","48","","","","","","","00000000","","PEPPERS","PEPPERS, UNDER PROTECTION - PRODUCTION, MEASURED IN CWT","TOTAL","NOT SPECIFIED","3,645","96.4"
"CENSUS","2019","YEAR","","STATE","UTAH","49","","","","","","","00000000","","PEPPERS","PEPPERS, BELL, ORGANIC - PRODUCTION, MEASURED IN CWT","ORGANIC STATUS","ORGANIC STATUS: (NOP USDA CERTIFIED)"," (D)","(D)"
"CENSUS","2019","YEAR","","STATE","UTAH","49","","","","","","","00000000","","PEPPERS","PEPPERS, UNDER PROTECTION - PRODUCTION, MEASURED IN CWT","TOTAL","NOT SPECIFIED"," (D)","(D)"
"CENSUS","2019","YEAR","","STATE","VERMONT","50","","","","","","","00000000","","PEPPERS","PEPPERS, BELL, ORGANIC - PRODUCTION, MEASURED IN CWT","ORGANIC STATUS","ORGANIC STATUS: (NOP USDA CERTIFIED)","707","52.0"
"CENSUS","2019","YEAR","","STATE","VERMONT","50","","","","","","","00000000","","PEPPERS","PEPPERS, UNDER PROTECTION - PRODUCTION, MEASURED IN CWT","TOTAL","NOT SPECIFIED"," (D)","(D)"
"CENSUS","2019","YEAR","","STATE","VIRGINIA","51","","","","","","","00000000","","PEPPERS","PEPPERS, BELL, ORGANIC - PRODUCTION, MEASURED IN CWT","ORGANIC STATUS","ORGANIC STATUS: (NOP USDA CERTIFIED)","4,300","56.4"
"CENSUS","2019","YEAR","","STATE","VIRGINIA","51","","","","","","","00000000","","PEPPERS","PEPPERS, UNDER PROTECTION - PRODUCTION, MEASURED IN CWT","TOTAL","NOT SPECIFIED","3,253","(H)"
"CENSUS","2019","YEAR","","STATE","VIRGINIA","51","","","","","","","00000000","","PEPPERS","PEPPERS, UNDER PROTECTION, FROM HYDROPONIC SYSTEMS - PRODUCTION, MEASURED IN CWT","TOTAL","NOT SPECIFIED"," (D)","(D)"
"CENSUS","2019","YEAR","","STATE","WASHINGTON","53","","","","","","","00000000","","PEPPERS","PEPPERS, BELL, ORGANIC - PRODUCTION, MEASURED IN CWT","ORGANIC STATUS","ORGANIC STATUS: (NOP USDA CERTIFIED)"," (D)","(D)"
"CENSUS","2019","YEAR","","STATE","WASHINGTON","53","","","","","","","00000000","","PEPPERS","PEPPERS, UNDER PROTECTION - PRODUCTION, MEASURED IN CWT","TOTAL","NOT SPECIFIED","790","77.3"
"CENSUS","2019","YEAR","","STATE","WEST VIRGINIA","54","","","","","","","00000000","","PEPPERS","PEPPERS, BELL, ORGANIC - PRODUCTION, MEASURED IN CWT","ORGANIC STATUS","ORGANIC STATUS: (NOP USDA CERTIFIED)"," (D)","(D)"
"CENSUS","2019","YEAR","","STATE","WEST VIRGINIA","54","","","","","","","00000000","","PEPPERS","PEPPERS, UNDER PROTECTION - PRODUCTION, MEASURED IN CWT","TOTAL","NOT SPECIFIED","75","56.4"
"CENSUS","2019","YEAR","","STATE","WEST VIRGINIA","54","","","","","","","00000000","","PEPPERS","PEPPERS, UNDER PROTECTION, FROM HYDROPONIC SYSTEMS - PRODUCTION, MEASURED IN CWT","TOTAL","NOT SPECIFIED"," (D)","(D)"
"CENSUS","2019","YEAR","","STATE","WISCONSIN","55","","","","","","","00000000","","PEPPERS","PEPPERS, BELL, ORGANIC - PRODUCTION, MEASURED IN CWT","ORGANIC STATUS","ORGANIC STATUS: (NOP USDA CERTIFIED)","1,854","29.8"
"CENSUS","2019","YEAR","","STATE","WISCONSIN","55","","","","","","","00000000","","PEPPERS","PEPPERS, UNDER PROTECTION - PRODUCTION, MEASURED IN CWT","TOTAL","NOT SPECIFIED"," (D)","(D)"
"CENSUS","2019","YEAR","","STATE","WYOMING","56","","","","","","","00000000","","PEPPERS","PEPPERS, BELL, ORGANIC - PRODUCTION, MEASURED IN CWT","ORGANIC STATUS","ORGANIC STATUS: (NOP USDA CERTIFIED)"," (D)","(D)"
"CENSUS","2019","YEAR","","STATE","WYOMING","56","","","","","","","00000000","","PEPPERS","PEPPERS, UNDER PROTECTION - PRODUCTION, MEASURED IN CWT","TOTAL","NOT SPECIFIED"," (D)","(D)"
"CENSUS","2016","YEAR","","STATE","ARKANSAS","05","","","","","","","00000000","","PEPPERS","PEPPERS, BELL, ORGANIC - PRODUCTION, MEASURED IN CWT","ORGANIC STATUS","ORGANIC STATUS: (NOP USDA CERTIFIED)","25","15"
"CENSUS","2016","YEAR","","STATE","CALIFORNIA","06","","","","","","","00000000","","PEPPERS","PEPPERS, BELL, ORGANIC - PRODUCTION, MEASURED IN CWT","ORGANIC STATUS","ORGANIC STATUS: (NOP USDA CERTIFIED)","156,640","13.1"
"CENSUS","2016","YEAR","","STATE","CONNECTICUT","09","","","","","","","00000000","","PEPPERS","PEPPERS, BELL, ORGANIC - PRODUCTION, MEASURED IN CWT","ORGANIC STATUS","ORGANIC STATUS: (NOP USDA CERTIFIED)","466","15.3"
"CENSUS","2016","YEAR","","STATE","FLORIDA","12","","","","","","","00000000","","PEPPERS","PEPPERS, BELL, ORGANIC - PRODUCTION, MEASURED IN CWT","ORGANIC STATUS","ORGANIC STATUS: (NOP USDA CERTIFIED)","32,352","15"
"CENSUS","2016","YEAR","","STATE","GEORGIA","13","","","","","","","00000000","","PEPPERS","PEPPERS, BELL, ORGANIC - PRODUCTION, MEASURED IN CWT","ORGANIC STATUS","ORGANIC STATUS: (NOP USDA CERTIFIED)","192","15"
"CENSUS","2016","YEAR","","STATE","HAWAII","15","","","","","","","00000000","","PEPPERS","PEPPERS, BELL, ORGANIC - PRODUCTION, MEASURED IN CWT","ORGANIC STATUS","ORGANIC STATUS: (NOP USDA CERTIFIED)"," (D)","(D)"
"CENSUS","2016","YEAR","","STATE","IDAHO","16","","","","","","","00000000","","PEPPERS","PEPPERS, BELL, ORGANIC - PRODUCTION, MEASURED IN CWT","ORGANIC STATUS","ORGANIC STATUS: (NOP USDA CERTIFIED)","366","17.5"
"CENSUS","2016","YEAR","","STATE","ILLINOIS","17","","","","","","","00000000","","PEPPERS","PEPPERS, BELL, ORGANIC - PRODUCTION, MEASURED IN CWT","ORGANIC STATUS","ORGANIC STATUS: (NOP USDA CERTIFIED)","910","8.7"
"CENSUS","2016","YEAR","","STATE","INDIANA","18","","","","","","","00000000","","PEPPERS","PEPPERS, BELL, ORGANIC - PRODUCTION, MEASURED IN CWT","ORGANIC STATUS","ORGANIC STATUS: (NOP USDA CERTIFIED)","3,628","8.7"
"CENSUS","2016","YEAR","","STATE","IOWA","19","","","","","","","00000000","","PEPPERS","PEPPERS, BELL, ORGANIC - PRODUCTION, MEASURED IN CWT","ORGANIC STATUS","ORGANIC STATUS: (NOP USDA CERTIFIED)","887","22.2"
"CENSUS","2016","YEAR","","STATE","KENTUCKY","21","","","","","","","00000000","","PEPPERS","PEPPERS, BELL, ORGANIC - PRODUCTION, MEASURED IN CWT","ORGANIC STATUS","ORGANIC STATUS: (NOP USDA CERTIFIED)","1,235","8.6"
"CENSUS","2016","YEAR","","STATE","MAINE","23","","","","","","","00000000","","PEPPERS","PEPPERS, BELL, ORGANIC - PRODUCTION, MEASURED IN CWT","ORGANIC STATUS","ORGANIC STATUS: (NOP USDA CERTIFIED)","255","15.3"
"CENSUS","2016","YEAR","","STATE","MARYLAND","24","","","","","","","00000000","","PEPPERS","PEPPERS, BELL, ORGANIC - PRODUCTION, MEASURED IN CWT","ORGANIC STATUS","ORGANIC STATUS: (NOP USDA CERTIFIED)","1,591","15.3"
"CENSUS","2016","YEAR","","STATE","MASSACHUSETTS","25","","","","","","","00000000","","PEPPERS","PEPPERS, BELL, ORGANIC - PRODUCTION, MEASURED IN CWT","ORGANIC STATUS","ORGANIC STATUS: (NOP USDA CERTIFIED)","1,749","15.3"
"CENSUS","2016","YEAR","","STATE","MICHIGAN","26","","","","","","","00000000","","PEPPERS","PEPPERS, BELL, ORGANIC - PRODUCTION, MEASURED IN CWT","ORGANIC STATUS","ORGANIC STATUS: (NOP USDA CERTIFIED)","4,345","8.7"
"CENSUS","2016","YEAR","","STATE","MINNESOTA","27","","","","","","","00000000","","PEPPERS","PEPPERS, BELL, ORGANIC - PRODUCTION, MEASURED IN CWT","ORGANIC STATUS","ORGANIC STATUS: (NOP USDA CERTIFIED)","601","20.7"
"CENSUS","2016","YEAR","","STATE","MISSOURI","29","","","","","","","00000000","","PEPPERS","PEPPERS, BELL, ORGANIC - PRODUCTION, MEASURED IN CWT","ORGANIC STATUS","ORGANIC STATUS: (NOP USDA CERTIFIED)"," (D)","(D)"
"CENSUS","2016","YEAR","","STATE","MONTANA","30","","","","","","","00000000","","PEPPERS","PEPPERS, BELL, ORGANIC - PRODUCTION, MEASURED IN CWT","ORGANIC STATUS","ORGANIC STATUS: (NOP USDA CERTIFIED)","70","27.8"
"CENSUS","2016","YEAR","","STATE","NEBRASKA","31","","","","","","","00000000","","PEPPERS","PEPPERS, BELL, ORGANIC - PRODUCTION, MEASURED IN CWT","ORGANIC STATUS","ORGANIC STATUS: (NOP USDA CERTIFIED)"," (D)","(D)"
"CENSUS","2016","YEAR","","STATE","NEVADA","32","","","","","","","00000000","","PEPPERS","PEPPERS, BELL, ORGANIC - PRODUCTION, MEASURED IN CWT","ORGANIC STATUS","ORGANIC STATUS: (NOP USDA CERTIFIED)"," (D)","(D)"
"CENSUS","2016","YEAR","","STATE","NEW HAMPSHIRE","33","","","","","","","00000000","","PEPPERS","PEPPERS, BELL, ORGANIC - PRODUCTION, MEASURED IN CWT","ORGANIC STATUS","ORGANIC STATUS: (NOP USDA CERTIFIED)"," (D)","(D)"
"CENSUS","2016","YEAR","","STATE","NEW JERSEY","34","","","","","","","00000000","","PEPPERS","PEPPERS, BELL, ORGANIC - PRODUCTION, MEASURED IN CWT","ORGANIC STATUS","ORGANIC STATUS: (NOP USDA CERTIFIED)","4,530","15.3"
"CENSUS","2016","YEAR","","STATE","NEW MEXICO","35","","","","","","","00000000","","PEPPERS","PEPPERS, BELL, ORGANIC - PRODUCTION, MEASURED IN CWT","ORGANIC STATUS","ORGANIC STATUS: (NOP USDA CERTIFIED)","443","27.8"
"CENSUS","2016","YEAR","","STATE","NEW YORK","36","","","","","","","00000000","","PEPPERS","PEPPERS, BELL, ORGANIC - PRODUCTION, MEASURED IN CWT","ORGANIC STATUS","ORGANIC STATUS: (NOP USDA CERTIFIED)","2,019","12.3"
"CENSUS","2016","YEAR","","STATE","NORTH CAROLINA","37","","","","","","","00000000","","PEPPERS","PEPPERS, BELL, ORGANIC - PRODUCTION, MEASURED IN CWT","ORGANIC STATUS","ORGANIC STATUS: (NOP USDA CERTIFIED)","2,309","8.6"
"CENSUS","2016","YEAR","","STATE","OHIO","39","","","","","","","00000000","","PEPPERS","PEPPERS, BELL, ORGANIC - PRODUCTION, MEASURED IN CWT","ORGANIC STATUS","ORGANIC STATUS: (NOP USDA CERTIFIED)","7,492","11.5"
"CENSUS","2016","YEAR","","STATE","OKLAHOMA","40","","","","","","","00000000","","PEPPERS","PEPPERS, BELL, ORGANIC - PRODUCTION, MEASURED IN CWT","ORGANIC STATUS","ORGANIC STATUS: (NOP USDA CERTIFIED)","69","20.5"
"CENSUS","2016","YEAR","","STATE","OREGON","41","","","","","","","00000000","","PEPPERS","PEPPERS, BELL, ORGANIC - PRODUCTION, MEASURED IN CWT","ORGANIC STATUS","ORGANIC STATUS: (NOP USDA CERTIFIED)","1,523","17.5"
"CENSUS","2016","YEAR","","STATE","PENNSYLVANIA","42","","","","","","","00000000","","PEPPERS","PEPPERS, BELL, ORGANIC - PRODUCTION, MEASURED IN CWT","ORGANIC STATUS","ORGANIC STATUS: (NOP USDA CERTIFIED)","4,728","19"
"CENSUS","2016","YEAR","","STATE","RHODE ISLAND","44","","","","","","","00000000","","PEPPERS","PEPPERS, BELL, ORGANIC - PRODUCTION, MEASURED IN CWT","ORGANIC STATUS","ORGANIC STATUS: (NOP USDA CERTIFIED)","379","15.3"
"CENSUS","2016","YEAR","","STATE","SOUTH CAROLINA","45","","","","","","","00000000","","PEPPERS","PEPPERS, BELL, ORGANIC - PRODUCTION, MEASURED IN CWT","ORGANIC STATUS","ORGANIC STATUS: (NOP USDA CERTIFIED)"," (D)","(D)"
"CENSUS","2016","YEAR","","STATE","SOUTH DAKOTA","46","","","","","","","00000000","","PEPPERS","PEPPERS, BELL, ORGANIC - PRODUCTION, MEASURED IN CWT","ORGANIC STATUS","ORGANIC STATUS: (NOP USDA CERTIFIED)"," (D)","(D)"
"CENSUS","2016","YEAR","","STATE","TENNESSEE","47","","","","","","","00000000","","PEPPERS","PEPPERS, BELL, ORGANIC - PRODUCTION, MEASURED IN CWT","ORGANIC STATUS","ORGANIC STATUS: (NOP USDA CERTIFIED)","562","8.6"
"CENSUS","2016","YEAR","","STATE","TEXAS","48","","","","","","","00000000","","PEPPERS","PEPPERS, BELL, ORGANIC - PRODUCTION, MEASURED IN CWT","ORGANIC STATUS","ORGANIC STATUS: (NOP USDA CERTIFIED)","5,315","20.5"
"CENSUS","2016","YEAR","","STATE","UTAH","49","","","","","","","00000000","","PEPPERS","PEPPERS, BELL, ORGANIC - PRODUCTION, MEASURED IN CWT","ORGANIC STATUS","ORGANIC STATUS: (NOP USDA CERTIFIED)"," (D)","(D)"
"CENSUS","2016","YEAR","","STATE","VERMONT","50","","","","","","","00000000","","PEPPERS","PEPPERS, BELL, ORGANIC - PRODUCTION, MEASURED IN CWT","ORGANIC STATUS","ORGANIC STATUS: (NOP USDA CERTIFIED)","447","16"
"CENSUS","2016","YEAR","","STATE","VIRGINIA","51","","","","","","","00000000","","PEPPERS","PEPPERS, BELL, ORGANIC - PRODUCTION, MEASURED IN CWT","ORGANIC STATUS","ORGANIC STATUS: (NOP USDA CERTIFIED)","567","8.6"
"CENSUS","2016","YEAR","","STATE","WASHINGTON","53","","","","","","","00000000","","PEPPERS","PEPPERS, BELL, ORGANIC - PRODUCTION, MEASURED IN CWT","ORGANIC STATUS","ORGANIC STATUS: (NOP USDA CERTIFIED)","2,409","14.6"
"CENSUS","2016","YEAR","","STATE","WEST VIRGINIA","54","","","","","","","00000000","","PEPPERS","PEPPERS, BELL, ORGANIC - PRODUCTION, MEASURED IN CWT","ORGANIC STATUS","ORGANIC STATUS: (NOP USDA CERTIFIED)","52","8.6"
"CENSUS","2016","YEAR","","STATE","WISCONSIN","55","","","","","","","00000000","","PEPPERS","PEPPERS, BELL, ORGANIC - PRODUCTION, MEASURED IN CWT","ORGANIC STATUS","ORGANIC STATUS: (NOP USDA CERTIFIED)","3,256","9.1"
"CENSUS","2015","YEAR","","STATE","ALABAMA","01","","","","","","","00000000","","PEPPERS","PEPPERS, BELL, ORGANIC - PRODUCTION, MEASURED IN CWT","ORGANIC STATUS","ORGANIC STATUS: (NOP USDA CERTIFIED)"," (D)","(D)"
"CENSUS","2015","YEAR","","STATE","ALABAMA","01","","","","","","","00000000","","PEPPERS","PEPPERS, BELL, ORGANIC, UNDER PROTECTION - PRODUCTION, MEASURED IN CWT","ORGANIC STATUS","ORGANIC STATUS: (NOP USDA CERTIFIED)","415","95.9"
"CENSUS","2015","YEAR","","STATE","ARKANSAS","05","","","","","","","00000000","","PEPPERS","PEPPERS, BELL, ORGANIC - PRODUCTION, MEASURED IN CWT","ORGANIC STATUS","ORGANIC STATUS: (NOP USDA CERTIFIED)","90","48.2"
"CENSUS","2015","YEAR","","STATE","ARKANSAS","05","","","","","","","00000000","","PEPPERS","PEPPERS, BELL, ORGANIC, UNDER PROTECTION - PRODUCTION, MEASURED IN CWT","ORGANIC STATUS","ORGANIC STATUS: (NOP USDA CERTIFIED)"," (D)","(D)"
"CENSUS","2015","YEAR","","STATE","CALIFORNIA","06","","","","","","","00000000","","PEPPERS","PEPPERS, BELL, ORGANIC - PRODUCTION, MEASURED IN CWT","ORGANIC STATUS","ORGANIC STATUS: (NOP USDA CERTIFIED)","145,318","43.8"
"CENSUS","2015","YEAR","","STATE","CALIFORNIA","06","","","","","","","00000000","","PEPPERS","PEPPERS, BELL, ORGANIC, UNDER PROTECTION - PRODUCTION, MEASURED IN CWT","ORGANIC STATUS","ORGANIC STATUS: (NOP USDA CERTIFIED)"," (D)","(D)"
"CENSUS","2015","YEAR","","STATE","COLORADO","08","","","","","","","00000000","","PEPPERS","PEPPERS, BELL, ORGANIC - PRODUCTION, MEASURED IN CWT","ORGANIC STATUS","ORGANIC STATUS: (NOP USDA CERTIFIED)","82","(H)"
"CENSUS","2015","YEAR","","STATE","COLORADO","08","","","","","","","00000000","","PEPPERS","PEPPERS, BELL, ORGANIC, UNDER PROTECTION - PRODUCTION, MEASURED IN CWT","ORGANIC STATUS","ORGANIC STATUS: (NOP USDA CERTIFIED)"," (D)","(D)"
"CENSUS","2015","YEAR","","STATE","CONNECTICUT","09","","","","","","","00000000","","PEPPERS","PEPPERS, BELL, ORGANIC, UNDER PROTECTION - PRODUCTION, MEASURED IN CWT","ORGANIC STATUS","ORGANIC STATUS: (NOP USDA CERTIFIED)","3","81.1"
"CENSUS","2015","YEAR","","STATE","FLORIDA","12","","","","","","","00000000","","PEPPERS","PEPPERS, BELL, ORGANIC - PRODUCTION, MEASURED IN CWT","ORGANIC STATUS","ORGANIC STATUS: (NOP USDA CERTIFIED)","27,535","48.2"
"CENSUS","2015","YEAR","","STATE","GEORGIA","13","","","","","","","00000000","","PEPPERS","PEPPERS, BELL, ORGANIC - PRODUCTION, MEASURED IN CWT","ORGANIC STATUS","ORGANIC STATUS: (NOP USDA CERTIFIED)","1,069","48.2"
"CENSUS","2015","YEAR","","STATE","HAWAII","15","","","","","","","00000000","","PEPPERS","PEPPERS, BELL, ORGANIC - PRODUCTION, MEASURED IN CWT","ORGANIC STATUS","ORGANIC STATUS: (NOP USDA CERTIFIED)"," (D)","(D)"
"CENSUS","2015","YEAR","","STATE","IDAHO","16","","","","","","","00000000","","PEPPERS","PEPPERS, BELL, ORGANIC - PRODUCTION, MEASURED IN CWT","ORGANIC STATUS","ORGANIC STATUS: (NOP USDA CERTIFIED)","143","38.4"
"CENSUS","2015","YEAR","","STATE","IDAHO","16","","","","","","","00000000","","PEPPERS","PEPPERS, BELL, ORGANIC, UNDER PROTECTION - PRODUCTION, MEASURED IN CWT","ORGANIC STATUS","ORGANIC STATUS: (NOP USDA CERTIFIED)"," (D)","(D)"
"CENSUS","2015","YEAR","","STATE","ILLINOIS","17","","","","","","","00000000","","PEPPERS","PEPPERS, BELL, ORGANIC - PRODUCTION, MEASURED IN CWT","ORGANIC STATUS","ORGANIC STATUS: (NOP USDA CERTIFIED)","111","(H)"
"CENSUS","2015","YEAR","","STATE","ILLINOIS","17","","","","","","","00000000","","PEPPERS","PEPPERS, BELL, ORGANIC, UNDER PROTECTION - PRODUCTION, MEASURED IN CWT","ORGANIC STATUS","ORGANIC STATUS: (NOP USDA CERTIFIED)","35","62.6"
"CENSUS","2015","YEAR","","STATE","INDIANA","18","","","","","","","00000000","","PEPPERS","PEPPERS, BELL, ORGANIC - PRODUCTION, MEASURED IN CWT","ORGANIC STATUS","ORGANIC STATUS: (NOP USDA CERTIFIED)","2,535","(H)"
"CENSUS","2015","YEAR","","STATE","IOWA","19","","","","","","","00000000","","PEPPERS","PEPPERS, BELL, ORGANIC - PRODUCTION, MEASURED IN CWT","ORGANIC STATUS","ORGANIC STATUS: (NOP USDA CERTIFIED)","768","55.8"
"CENSUS","2015","YEAR","","STATE","IOWA","19","","","","","","","00000000","","PEPPERS","PEPPERS, BELL, ORGANIC, UNDER PROTECTION - PRODUCTION, MEASURED IN CWT","ORGANIC STATUS","ORGANIC STATUS: (NOP USDA CERTIFIED)","14","72.2"
"CENSUS","2015","YEAR","","STATE","KANSAS","20","","","","","","","00000000","","PEPPERS","PEPPERS, BELL, ORGANIC - PRODUCTION, MEASURED IN CWT","ORGANIC STATUS","ORGANIC STATUS: (NOP USDA CERTIFIED)","42","87.5"
"CENSUS","2015","YEAR","","STATE","KENTUCKY","21","","","","","","","00000000","","PEPPERS","PEPPERS, BELL, ORGANIC - PRODUCTION, MEASURED IN CWT","ORGANIC STATUS","ORGANIC STATUS: (NOP USDA CERTIFIED)","811","42.6"
"CENSUS","2015","YEAR","","STATE","KENTUCKY","21","","","","","","","00000000","","PEPPERS","PEPPERS, BELL, ORGANIC, UNDER PROTECTION - PRODUCTION, MEASURED IN CWT","ORGANIC STATUS","ORGANIC STATUS: (NOP USDA CERTIFIED)"," (D)","(D)"
"CENSUS","2015","YEAR","","STATE","LOUISIANA","22","","","","","","","00000000","","PEPPERS","PEPPERS, BELL, ORGANIC, UNDER PROTECTION - PRODUCTION, MEASURED IN CWT","ORGANIC STATUS","ORGANIC STATUS: (NOP USDA CERTIFIED)"," (D)","(D)"
"CENSUS","2015","YEAR","","STATE","MAINE","23","","","","","","","00000000","","PEPPERS","PEPPERS, BELL, ORGANIC - PRODUCTION, MEASURED IN CWT","ORGANIC STATUS","ORGANIC STATUS: (NOP USDA CERTIFIED)","258","46.8"
"CENSUS","2015","YEAR","","STATE","MAINE","23","","","","","","","00000000","","PEPPERS","PEPPERS, BELL, ORGANIC, UNDER PROTECTION - PRODUCTION, MEASURED IN CWT","ORGANIC STATUS","ORGANIC STATUS: (NOP USDA CERTIFIED)","177","81.1"
"CENSUS","2015","YEAR","","STATE","MARYLAND","24","","","","","","","00000000","","PEPPERS","PEPPERS, BELL, ORGANIC - PRODUCTION, MEASURED IN CWT","ORGANIC STATUS","ORGANIC STATUS: (NOP USDA CERTIFIED)"," (D)","(D)"
"CENSUS","2015","YEAR","","STATE","MARYLAND","24","","","","","","","00000000","","PEPPERS","PEPPERS, BELL, ORGANIC, UNDER PROTECTION - PRODUCTION, MEASURED IN CWT","ORGANIC STATUS","ORGANIC STATUS: (NOP USDA CERTIFIED)","51","81.1"
"CENSUS","2015","YEAR","","STATE","MASSACHUSETTS","25","","","","","","","00000000","","PEPPERS","PEPPERS, BELL, ORGANIC - PRODUCTION, MEASURED IN CWT","ORGANIC STATUS","ORGANIC STATUS: (NOP USDA CERTIFIED)","2,575","46.8"
"CENSUS","2015","YEAR","","STATE","MICHIGAN","26","","","","","","","00000000","","PEPPERS","PEPPERS, BELL, ORGANIC - PRODUCTION, MEASURED IN CWT","ORGANIC STATUS","ORGANIC STATUS: (NOP USDA CERTIFIED)","285","(H)"
"CENSUS","2015","YEAR","","STATE","MICHIGAN","26","","","","","","","00000000","","PEPPERS","PEPPERS, BELL, ORGANIC, UNDER PROTECTION - PRODUCTION, MEASURED IN CWT","ORGANIC STATUS","ORGANIC STATUS: (NOP USDA CERTIFIED)","26","62.6"
"CENSUS","2015","YEAR","","STATE","MINNESOTA","27","","","","","","","00000000","","PEPPERS","PEPPERS, BELL, ORGANIC - PRODUCTION, MEASURED IN CWT","ORGANIC STATUS","ORGANIC STATUS: (NOP USDA CERTIFIED)","407","72.5"
"CENSUS","2015","YEAR","","STATE","MINNESOTA","27","","","","","","","00000000","","PEPPERS","PEPPERS, BELL, ORGANIC, UNDER PROTECTION - PRODUCTION, MEASURED IN CWT","ORGANIC STATUS","ORGANIC STATUS: (NOP USDA CERTIFIED)"," (D)","(D)"
"CENSUS","2015","YEAR","","STATE","MISSOURI","29","","","","","","","00000000","","PEPPERS","PEPPERS, BELL, ORGANIC - PRODUCTION, MEASURED IN CWT","ORGANIC STATUS","ORGANIC STATUS: (NOP USDA CERTIFIED)","49","(H)"
"CENSUS","2015","YEAR","","STATE","MISSOURI","29","","","","","","","00000000","","PEPPERS","PEPPERS, BELL, ORGANIC, UNDER PROTECTION - PRODUCTION, MEASURED IN CWT","ORGANIC STATUS","ORGANIC STATUS: (NOP USDA CERTIFIED)"," (D)","(D)"
"CENSUS","2015","YEAR","","STATE","MONTANA","30","","","","","","","00000000","","PEPPERS","PEPPERS, BELL, ORGANIC - PRODUCTION, MEASURED IN CWT","ORGANIC STATUS","ORGANIC STATUS: (NOP USDA CERTIFIED)","246","(H)"
"CENSUS","2015","YEAR","","STATE","MONTANA","30","","","","","","","00000000","","PEPPERS","PEPPERS, BELL, ORGANIC, UNDER PROTECTION - PRODUCTION, MEASURED IN CWT","ORGANIC STATUS","ORGANIC STATUS: (NOP USDA CERTIFIED)","49","(H)"
"CENSUS","2015","YEAR","","STATE","NEBRASKA","31","","","","","","","00000000","","PEPPERS","PEPPERS, BELL, ORGANIC, UNDER PROTECTION - PRODUCTION, MEASURED IN CWT","ORGANIC STATUS","ORGANIC STATUS: (NOP USDA CERTIFIED)"," (D)","(D)"
"CENSUS","2015","YEAR","","STATE","NEVADA","32","","","","","","","00000000","","PEPPERS","PEPPERS, BELL, ORGANIC, UNDER PROTECTION - PRODUCTION, MEASURED IN CWT","ORGANIC STATUS","ORGANIC STATUS: (NOP USDA CERTIFIED)"," (D)","(D)"
"CENSUS","2015","YEAR","","STATE","NEW HAMPSHIRE","33","","","","","","","00000000","","PEPPERS","PEPPERS, BELL, ORGANIC - PRODUCTION, MEASURED IN CWT","ORGANIC STATUS","ORGANIC STATUS: (NOP USDA CERTIFIED)"," (D)","(D)"
"CENSUS","2015","YEAR","","STATE","NEW HAMPSHIRE","33","","","","","","","00000000","","PEPPERS","PEPPERS, BELL, ORGANIC, UNDER PROTECTION - PRODUCTION, MEASURED IN CWT","ORGANIC STATUS","ORGANIC STATUS: (NOP USDA CERTIFIED)","18","81.1"
"CENSUS","2015","YEAR","","STATE","NEW JERSEY","34","","","","","","","00000000","","PEPPERS","PEPPERS, BELL, ORGANIC - PRODUCTION, MEASURED IN CWT","ORGANIC STATUS","ORGANIC STATUS: (NOP USDA CERTIFIED)","4,211","46.8"
"CENSUS","2015","YEAR","","STATE","NEW JERSEY","34","","","","","","","00000000","","PEPPERS","PEPPERS, BELL, ORGANIC, UNDER PROTECTION - PRODUCTION, MEASURED IN CWT","ORGANIC STATUS","ORGANIC STATUS: (NOP USDA CERTIFIED)"," (D)","(D)"
"CENSUS","2015","YEAR","","STATE","NEW MEXICO","35","","","","","","","00000000","","PEPPERS","PEPPERS, BELL, ORGANIC - PRODUCTION, MEASURED IN CWT","ORGANIC STATUS","ORGANIC STATUS: (NOP USDA CERTIFIED)","92","(H)"
"CENSUS","2015","YEAR","","STATE","NEW YORK","36","","","","","","","00000000","","PEPPERS","PEPPERS, BELL, ORGANIC - PRODUCTION, MEASURED IN CWT","ORGANIC STATUS","ORGANIC STATUS: (NOP USDA CERTIFIED)","701","55.8"
"CENSUS","2015","YEAR","","STATE","NEW YORK","36","","","","","","","00000000","","PEPPERS","PEPPERS, BELL, ORGANIC, UNDER PROTECTION - PRODUCTION, MEASURED IN CWT","ORGANIC STATUS","ORGANIC STATUS: (NOP USDA CERTIFIED)","106","(H)"
"CENSUS","2015","YEAR","","STATE","NORTH CAROLINA","37","","","","","","","00000000","","PEPPERS","PEPPERS, BELL, ORGANIC - PRODUCTION, MEASURED IN CWT","ORGANIC STATUS","ORGANIC STATUS: (NOP USDA CERTIFIED)","3,255","42.6"
"CENSUS","2015","YEAR","","STATE","NORTH CAROLINA","37","","","","","","","00000000","","PEPPERS","PEPPERS, BELL, ORGANIC, UNDER PROTECTION - PRODUCTION, MEASURED IN CWT","ORGANIC STATUS","ORGANIC STATUS: (NOP USDA CERTIFIED)","61","90.3"
"CENSUS","2015","YEAR","","STATE","OHIO","39","","","","","","","00000000","","PEPPERS","PEPPERS, BELL, ORGANIC - PRODUCTION, MEASURED IN CWT","ORGANIC STATUS","ORGANIC STATUS: (NOP USDA CERTIFIED)","4,754","54.5"
"CENSUS","2015","YEAR","","STATE","OHIO","39","","","","","","","00000000","","PEPPERS","PEPPERS, BELL, ORGANIC, UNDER PROTECTION - PRODUCTION, MEASURED IN CWT","ORGANIC STATUS","ORGANIC STATUS: (NOP USDA CERTIFIED)"," (D)","(D)"
"CENSUS","2015","YEAR","","STATE","OREGON","41","","","","","","","00000000","","PEPPERS","PEPPERS, BELL, ORGANIC - PRODUCTION, MEASURED IN CWT","ORGANIC STATUS","ORGANIC STATUS: (NOP USDA CERTIFIED)","153","38.4"
"CENSUS","2015","YEAR","","STATE","OREGON","41","","","","","","","00000000","","PEPPERS","PEPPERS, BELL, ORGANIC, UNDER PROTECTION - PRODUCTION, MEASURED IN CWT","ORGANIC STATUS","ORGANIC STATUS: (NOP USDA CERTIFIED)","1,102","60.3"
"CENSUS","2015","YEAR","","STATE","PENNSYLVANIA","42","","","","","","","00000000","","PEPPERS","PEPPERS, BELL, ORGANIC - PRODUCTION, MEASURED IN CWT","ORGANIC STATUS","ORGANIC STATUS: (NOP USDA CERTIFIED)","4,800","52.8"
"CENSUS","2015","YEAR","","STATE","PENNSYLVANIA","42","","","","","","","00000000","","PEPPERS","PEPPERS, BELL, ORGANIC, UNDER PROTECTION - PRODUCTION, MEASURED IN CWT","ORGANIC STATUS","ORGANIC STATUS: (NOP USDA CERTIFIED)","24","(H)"
"CENSUS","2015","YEAR","","STATE","RHODE ISLAND","44","","","","","","","00000000","","PEPPERS","PEPPERS, BELL, ORGANIC - PRODUCTION, MEASURED IN CWT","ORGANIC STATUS","ORGANIC STATUS: (NOP USDA CERTIFIED)"," (D)","(D)"
"CENSUS","2015","YEAR","","STATE","RHODE ISLAND","44","","","","","","","00000000","","PEPPERS","PEPPERS, BELL, ORGANIC, UNDER PROTECTION - PRODUCTION, MEASURED IN CWT","ORGANIC STATUS","ORGANIC STATUS: (NOP USDA CERTIFIED)"," (D)","(D)"
"CENSUS","2015","YEAR","","STATE","SOUTH CAROLINA","45","","","","","","","00000000","","PEPPERS","PEPPERS, BELL, ORGANIC - PRODUCTION, MEASURED IN CWT","ORGANIC STATUS","ORGANIC STATUS: (NOP USDA CERTIFIED)"," (D)","(D)"
"CENSUS","2015","YEAR","","STATE","TENNESSEE","47","","","","","","","00000000","","PEPPERS","PEPPERS, BELL, ORGANIC - PRODUCTION, MEASURED IN CWT","ORGANIC STATUS","ORGANIC STATUS: (NOP USDA CERTIFIED)","239","42.6"
"CENSUS","2015","YEAR","","STATE","TENNESSEE","47","","","","","","","00000000","","PEPPERS","PEPPERS, BELL, ORGANIC, UNDER PROTECTION - PRODUCTION, MEASURED IN CWT","ORGANIC STATUS","ORGANIC STATUS: (NOP USDA CERTIFIED)"," (D)","(D)"
"CENSUS","2015","YEAR","","STATE","TEXAS","48","","","","","","","00000000","","PEPPERS","PEPPERS, BELL, ORGANIC - PRODUCTION, MEASURED IN CWT","ORGANIC STATUS","ORGANIC STATUS: (NOP USDA CERTIFIED)"," (D)","(D)"
"CENSUS","2015","YEAR","","STATE","TEXAS","48","","","","","","","00000000","","PEPPERS","PEPPERS, BELL, ORGANIC, UNDER PROTECTION - PRODUCTION, MEASURED IN CWT","ORGANIC STATUS","ORGANIC STATUS: (NOP USDA CERTIFIED)"," (D)","(D)"
"CENSUS","2015","YEAR","","STATE","VERMONT","50","","","","","","","00000000","","PEPPERS","PEPPERS, BELL, ORGANIC - PRODUCTION, MEASURED IN CWT","ORGANIC STATUS","ORGANIC STATUS: (NOP USDA CERTIFIED)","670","51.9"
"CENSUS","2015","YEAR","","STATE","VERMONT","50","","","","","","","00000000","","PEPPERS","PEPPERS, BELL, ORGANIC, UNDER PROTECTION - PRODUCTION, MEASURED IN CWT","ORGANIC STATUS","ORGANIC STATUS: (NOP USDA CERTIFIED)","177","96.9"
"CENSUS","2015","YEAR","","STATE","VIRGINIA","51","","","","","","","00000000","","PEPPERS","PEPPERS, BELL, ORGANIC - PRODUCTION, MEASURED IN CWT","ORGANIC STATUS","ORGANIC STATUS: (NOP USDA CERTIFIED)","154","42.6"
"CENSUS","2015","YEAR","","STATE","WASHINGTON","53","","","","","","","00000000","","PEPPERS","PEPPERS, BELL, ORGANIC - PRODUCTION, MEASURED IN CWT","ORGANIC STATUS","ORGANIC STATUS: (NOP USDA CERTIFIED)","1,059","75.3"
"CENSUS","2015","YEAR","","STATE","WASHINGTON","53","","","","","","","00000000","","PEPPERS","PEPPERS, BELL, ORGANIC, UNDER PROTECTION - PRODUCTION, MEASURED IN CWT","ORGANIC STATUS","ORGANIC STATUS: (NOP USDA CERTIFIED)","185","91.7"
"CENSUS","2015","YEAR","","STATE","WEST VIRGINIA","54","","","","","","","00000000","","PEPPERS","PEPPERS, BELL, ORGANIC - PRODUCTION, MEASURED IN CWT","ORGANIC STATUS","ORGANIC STATUS: (NOP USDA CERTIFIED)","155","42.6"
"CENSUS","2015","YEAR","","STATE","WISCONSIN","55","","","","","","","00000000","","PEPPERS","PEPPERS, BELL, ORGANIC - PRODUCTION, MEASURED IN CWT","ORGANIC STATUS","ORGANIC STATUS: (NOP USDA CERTIFIED)","1,915","32.7"
"CENSUS","2015","YEAR","","STATE","WISCONSIN","55","","","","","","","00000000","","PEPPERS","PEPPERS, BELL, ORGANIC, UNDER PROTECTION - PRODUCTION, MEASURED IN CWT","ORGANIC STATUS","ORGANIC STATUS: (NOP USDA CERTIFIED)","73","48.0"
"CENSUS","2015","YEAR","","STATE","WYOMING","56","","","","","","","00000000","","PEPPERS","PEPPERS, BELL, ORGANIC, UNDER PROTECTION - PRODUCTION, MEASURED IN CWT","ORGANIC STATUS","ORGANIC STATUS: (NOP USDA CERTIFIED)"," (D)","(D)"
"CENSUS","2014","YEAR","","STATE","ALABAMA","01","","","","","","","00000000","","PEPPERS","PEPPERS, BELL, ORGANIC - PRODUCTION, MEASURED IN CWT","ORGANIC STATUS","ORGANIC STATUS: (NOP USDA CERTIFIED & EXEMPT)","121","82.0"
"CENSUS","2014","YEAR","","STATE","ALABAMA","01","","","","","","","00000000","","PEPPERS","PEPPERS, BELL, ORGANIC - PRODUCTION, MEASURED IN CWT","ORGANIC STATUS","ORGANIC STATUS: (NOP USDA CERTIFIED)"," (D)","(D)"
"CENSUS","2014","YEAR","","STATE","ALABAMA","01","","","","","","","00000000","","PEPPERS","PEPPERS, BELL, ORGANIC - PRODUCTION, MEASURED IN CWT","ORGANIC STATUS","ORGANIC STATUS: (NOP USDA EXEMPT)"," (D)","(D)"
"CENSUS","2014","YEAR","","STATE","ALABAMA","01","","","","","","","00000000","","PEPPERS","PEPPERS, BELL, ORGANIC, UNDER PROTECTION - PRODUCTION, MEASURED IN CWT","ORGANIC STATUS","ORGANIC STATUS: (NOP USDA CERTIFIED & EXEMPT)"," (D)","(D)"
"CENSUS","2014","YEAR","","STATE","ALABAMA","01","","","","","","","00000000","","PEPPERS","PEPPERS, BELL, ORGANIC, UNDER PROTECTION - PRODUCTION, MEASURED IN CWT","ORGANIC STATUS","ORGANIC STATUS: (NOP USDA EXEMPT)"," (D)","(D)"
"CENSUS","2014","YEAR","","STATE","ALASKA","02","","","","","","","00000000","","PEPPERS","PEPPERS, BELL, ORGANIC, UNDER PROTECTION - PRODUCTION, MEASURED IN CWT","ORGANIC STATUS","ORGANIC STATUS: (NOP USDA CERTIFIED & EXEMPT)"," (D)","(D)"
"CENSUS","2014","YEAR","","STATE","ALASKA","02","","","","","","","00000000","","PEPPERS","PEPPERS, BELL, ORGANIC, UNDER PROTECTION - PRODUCTION, MEASURED IN CWT","ORGANIC STATUS","ORGANIC STATUS: (NOP USDA EXEMPT)"," (D)","(D)"
"CENSUS","2014","YEAR","","STATE","ALASKA","02","","","","","","","00000000","","PEPPERS","PEPPERS, UNDER PROTECTION - PRODUCTION, MEASURED IN CWT","TOTAL","NOT SPECIFIED"," (D)","(D)"
"CENSUS","2014","YEAR","","STATE","ARIZONA","04","","","","","","","00000000","","PEPPERS","PEPPERS, BELL, ORGANIC - PRODUCTION, MEASURED IN CWT","ORGANIC STATUS","ORGANIC STATUS: (NOP USDA CERTIFIED & EXEMPT)","16","(H)"
"CENSUS","2014","YEAR","","STATE","ARIZONA","04","","","","","","","00000000","","PEPPERS","PEPPERS, BELL, ORGANIC - PRODUCTION, MEASURED IN CWT","ORGANIC STATUS","ORGANIC STATUS: (NOP USDA CERTIFIED)","16","(H)"
"CENSUS","2014","YEAR","","STATE","ARIZONA","04","","","","","","","00000000","","PEPPERS","PEPPERS, UNDER PROTECTION - PRODUCTION, MEASURED IN CWT","TOTAL","NOT SPECIFIED"," (D)","(D)"
"CENSUS","2014","YEAR","","STATE","ARKANSAS","05","","","","","","","00000000","","PEPPERS","PEPPERS, BELL, ORGANIC - PRODUCTION, MEASURED IN CWT","ORGANIC STATUS","ORGANIC STATUS: (NOP USDA CERTIFIED & EXEMPT)","74","82.0"
"CENSUS","2014","YEAR","","STATE","ARKANSAS","05","","","","","","","00000000","","PEPPERS","PEPPERS, BELL, ORGANIC - PRODUCTION, MEASURED IN CWT","ORGANIC STATUS","ORGANIC STATUS: (NOP USDA CERTIFIED)","74","82.5"
"CENSUS","2014","YEAR","","STATE","ARKANSAS","05","","","","","","","00000000","","PEPPERS","PEPPERS, BELL, ORGANIC, UNDER PROTECTION - PRODUCTION, MEASURED IN CWT","ORGANIC STATUS","ORGANIC STATUS: (NOP USDA CERTIFIED & EXEMPT)","324","87.7"
"CENSUS","2014","YEAR","","STATE","ARKANSAS","05","","","","","","","00000000","","PEPPERS","PEPPERS, BELL, ORGANIC, UNDER PROTECTION - PRODUCTION, MEASURED IN CWT","ORGANIC STATUS","ORGANIC STATUS: (NOP USDA CERTIFIED)","324","90.7"
"CENSUS","2014","YEAR","","STATE","ARKANSAS","05","","","","","","","00000000","","PEPPERS","PEPPERS, UNDER PROTECTION - PRODUCTION, MEASURED IN CWT","TOTAL","NOT SPECIFIED"," (D)","(D)"
"CENSUS","2014","YEAR","","STATE","CALIFORNIA","06","","","","","","","00000000","","PEPPERS","PEPPERS, BELL, ORGANIC - PRODUCTION, MEASURED IN CWT","ORGANIC STATUS","ORGANIC STATUS: (NOP USDA CERTIFIED & EXEMPT)","138,192","31.9"
"CENSUS","2014","YEAR","","STATE","CALIFORNIA","06","","","","","","","00000000","","PEPPERS","PEPPERS, BELL, ORGANIC - PRODUCTION, MEASURED IN CWT","ORGANIC STATUS","ORGANIC STATUS: (NOP USDA CERTIFIED)","137,991","32.0"
"CENSUS","2014","YEAR","","STATE","CALIFORNIA","06","","","","","","","00000000","","PEPPERS","PEPPERS, BELL, ORGANIC - PRODUCTION, MEASURED IN CWT","ORGANIC STATUS","ORGANIC STATUS: (NOP USDA EXEMPT)","201","87.4"
"CENSUS","2014","YEAR","","STATE","CALIFORNIA","06","","","","","","","00000000","","PEPPERS","PEPPERS, BELL, ORGANIC, UNDER PROTECTION - PRODUCTION, MEASURED IN CWT","ORGANIC STATUS","ORGANIC STATUS: (NOP USDA CERTIFIED & EXEMPT)","1,599","53.2"
"CENSUS","2014","YEAR","","STATE","CALIFORNIA","06","","","","","","","00000000","","PEPPERS","PEPPERS, BELL, ORGANIC, UNDER PROTECTION - PRODUCTION, MEASURED IN CWT","ORGANIC STATUS","ORGANIC STATUS: (NOP USDA CERTIFIED)","1,599","53.2"
"CENSUS","2014","YEAR","","STATE","CALIFORNIA","06","","","","","","","00000000","","PEPPERS","PEPPERS, UNDER PROTECTION - PRODUCTION, MEASURED IN CWT","TOTAL","NOT SPECIFIED","28,444","5.5"
"CENSUS","2014","YEAR","","STATE","CALIFORNIA","06","","","","","","","00000000","","PEPPERS","PEPPERS, UNDER PROTECTION, FROM HYDROPONIC SYSTEMS - PRODUCTION, MEASURED IN CWT","TOTAL","NOT SPECIFIED"," (D)","(D)"
"CENSUS","2014","YEAR","","STATE","COLORADO","08","","","","","","","00000000","","PEPPERS","PEPPERS, BELL, ORGANIC - PRODUCTION, MEASURED IN CWT","ORGANIC STATUS","ORGANIC STATUS: (NOP USDA CERTIFIED & EXEMPT)","266","33.0"
"CENSUS","2014","YEAR","","STATE","COLORADO","08","","","","","","","00000000","","PEPPERS","PEPPERS, BELL, ORGANIC - PRODUCTION, MEASURED IN CWT","ORGANIC STATUS","ORGANIC STATUS: (NOP USDA CERTIFIED)","266","33.0"
"CENSUS","2014","YEAR","","STATE","COLORADO","08","","","","","","","00000000","","PEPPERS","PEPPERS, UNDER PROTECTION - PRODUCTION, MEASURED IN CWT","TOTAL","NOT SPECIFIED","61","(H)"
"CENSUS","2014","YEAR","","STATE","COLORADO","08","","","","","","","00000000","","PEPPERS","PEPPERS, UNDER PROTECTION, FROM HYDROPONIC SYSTEMS - PRODUCTION, MEASURED IN CWT","TOTAL","NOT SPECIFIED"," (D)","(D)"
"CENSUS","2014","YEAR","","STATE","CONNECTICUT","09","","","","","","","00000000","","PEPPERS","PEPPERS, BELL, ORGANIC - PRODUCTION, MEASURED IN CWT","ORGANIC STATUS","ORGANIC STATUS: (NOP USDA CERTIFIED & EXEMPT)","136","75.3"
"CENSUS","2014","YEAR","","STATE","CONNECTICUT","09","","","","","","","00000000","","PEPPERS","PEPPERS, BELL, ORGANIC - PRODUCTION, MEASURED IN CWT","ORGANIC STATUS","ORGANIC STATUS: (NOP USDA CERTIFIED)","123","75.9"
"CENSUS","2014","YEAR","","STATE","CONNECTICUT","09","","","","","","","00000000","","PEPPERS","PEPPERS, BELL, ORGANIC - PRODUCTION, MEASURED IN CWT","ORGANIC STATUS","ORGANIC STATUS: (NOP USDA EXEMPT)","13","92.3"
"CENSUS","2014","YEAR","","STATE","CONNECTICUT","09","","","","","","","00000000","","PEPPERS","PEPPERS, BELL, ORGANIC, UNDER PROTECTION - PRODUCTION, MEASURED IN CWT","ORGANIC STATUS","ORGANIC STATUS: (NOP USDA CERTIFIED & EXEMPT)","14","92.3"
"CENSUS","2014","YEAR","","STATE","CONNECTICUT","09","","","","","","","00000000","","PEPPERS","PEPPERS, BELL, ORGANIC, UNDER PROTECTION - PRODUCTION, MEASURED IN CWT","ORGANIC STATUS","ORGANIC STATUS: (NOP USDA CERTIFIED)"," (D)","(D)"
"CENSUS","2014","YEAR","","STATE","CONNECTICUT","09","","","","","","","00000000","","PEPPERS","PEPPERS, BELL, ORGANIC, UNDER PROTECTION - PRODUCTION, MEASURED IN CWT","ORGANIC STATUS","ORGANIC STATUS: (NOP USDA EXEMPT)"," (D)","(D)"
"CENSUS","2014","YEAR","","STATE","CONNECTICUT","09","","","","","","","00000000","","PEPPERS","PEPPERS, UNDER PROTECTION - PRODUCTION, MEASURED IN CWT","TOTAL","NOT SPECIFIED","777","79.7"
"CENSUS","2014","YEAR","","STATE","FLORIDA","12","","","","","","","00000000","","PEPPERS","PEPPERS, BELL, ORGANIC - PRODUCTION, MEASURED IN CWT","ORGANIC STATUS","ORGANIC STATUS: (NOP USDA CERTIFIED & EXEMPT)","38,994","82.0"
"CENSUS","2014","YEAR","","STATE","FLORIDA","12","","","","","","","00000000","","PEPPERS","PEPPERS, BELL, ORGANIC - PRODUCTION, MEASURED IN CWT","ORGANIC STATUS","ORGANIC STATUS: (NOP USDA CERTIFIED)","38,976","82.5"
"CENSUS","2014","YEAR","","STATE","FLORIDA","12","","","","","","","00000000","","PEPPERS","PEPPERS, BELL, ORGANIC - PRODUCTION, MEASURED IN CWT","ORGANIC STATUS","ORGANIC STATUS: (NOP USDA EXEMPT)","18","66.9"
"CENSUS","2014","YEAR","","STATE","FLORIDA","12","","","","","","","00000000","","PEPPERS","PEPPERS, BELL, ORGANIC, UNDER PROTECTION - PRODUCTION, MEASURED IN CWT","ORGANIC STATUS","ORGANIC STATUS: (NOP USDA CERTIFIED & EXEMPT)","606","87.7"
"CENSUS","2014","YEAR","","STATE","FLORIDA","12","","","","","","","00000000","","PEPPERS","PEPPERS, BELL, ORGANIC, UNDER PROTECTION - PRODUCTION, MEASURED IN CWT","ORGANIC STATUS","ORGANIC STATUS: (NOP USDA CERTIFIED)","606","90.7"
"CENSUS","2014","YEAR","","STATE","FLORIDA","12","","","","","","","00000000","","PEPPERS","PEPPERS, UNDER PROTECTION - PRODUCTION, MEASURED IN CWT","TOTAL","NOT SPECIFIED","7,380","48.9"
"CENSUS","2014","YEAR","","STATE","FLORIDA","12","","","","","","","00000000","","PEPPERS","PEPPERS, UNDER PROTECTION, FROM HYDROPONIC SYSTEMS - PRODUCTION, MEASURED IN CWT","TOTAL","NOT SPECIFIED","2,006","(H)"
"CENSUS","2014","YEAR","","STATE","GEORGIA","13","","","","","","","00000000","","PEPPERS","PEPPERS, BELL, ORGANIC - PRODUCTION, MEASURED IN CWT","ORGANIC STATUS","ORGANIC STATUS: (NOP USDA CERTIFIED & EXEMPT)","69","82.0"
"CENSUS","2014","YEAR","","STATE","GEORGIA","13","","","","","","","00000000","","PEPPERS","PEPPERS, BELL, ORGANIC - PRODUCTION, MEASURED IN CWT","ORGANIC STATUS","ORGANIC STATUS: (NOP USDA CERTIFIED)","55","82.5"
"CENSUS","2014","YEAR","","STATE","GEORGIA","13","","","","","","","00000000","","PEPPERS","PEPPERS, BELL, ORGANIC - PRODUCTION, MEASURED IN CWT","ORGANIC STATUS","ORGANIC STATUS: (NOP USDA EXEMPT)","14","66.9"
"CENSUS","2014","YEAR","","STATE","GEORGIA","13","","","","","","","00000000","","PEPPERS","PEPPERS, BELL, ORGANIC, UNDER PROTECTION - PRODUCTION, MEASURED IN CWT","ORGANIC STATUS","ORGANIC STATUS: (NOP USDA CERTIFIED & EXEMPT)","124","87.7"
"CENSUS","2014","YEAR","","STATE","GEORGIA","13","","","","","","","00000000","","PEPPERS","PEPPERS, BELL, ORGANIC, UNDER PROTECTION - PRODUCTION, MEASURED IN CWT","ORGANIC STATUS","ORGANIC STATUS: (NOP USDA CERTIFIED)","123","90.7"
"CENSUS","2014","YEAR","","STATE","GEORGIA","13","","","","","","","00000000","","PEPPERS","PEPPERS, BELL, ORGANIC, UNDER PROTECTION - PRODUCTION, MEASURED IN CWT","ORGANIC STATUS","ORGANIC STATUS: (NOP USDA EXEMPT)","1","(H)"
"CENSUS","2014","YEAR","","STATE","GEORGIA","13","","","","","","","00000000","","PEPPERS","PEPPERS, UNDER PROTECTION - PRODUCTION, MEASURED IN CWT","TOTAL","NOT SPECIFIED","51","93.4"
"CENSUS","2014","YEAR","","STATE","HAWAII","15","","","","","","","00000000","","PEPPERS","PEPPERS, BELL, ORGANIC - PRODUCTION, MEASURED IN CWT","ORGANIC STATUS","ORGANIC STATUS: (NOP USDA CERTIFIED & EXEMPT)","251","(H)"
"CENSUS","2014","YEAR","","STATE","HAWAII","15","","","","","","","00000000","","PEPPERS","PEPPERS, BELL, ORGANIC - PRODUCTION, MEASURED IN CWT","ORGANIC STATUS","ORGANIC STATUS: (NOP USDA CERTIFIED)","251","(H)"
"CENSUS","2014","YEAR","","STATE","HAWAII","15","","","","","","","00000000","","PEPPERS","PEPPERS, UNDER PROTECTION - PRODUCTION, MEASURED IN CWT","TOTAL","NOT SPECIFIED"," (D)","(D)"
"CENSUS","2014","YEAR","","STATE","HAWAII","15","","","","","","","00000000","","PEPPERS","PEPPERS, UNDER PROTECTION, FROM HYDROPONIC SYSTEMS - PRODUCTION, MEASURED IN CWT","TOTAL","NOT SPECIFIED"," (D)","(D)"
"CENSUS","2014","YEAR","","STATE","IDAHO","16","","","","","","","00000000","","PEPPERS","PEPPERS, BELL, ORGANIC - PRODUCTION, MEASURED IN CWT","ORGANIC STATUS","ORGANIC STATUS: (NOP USDA CERTIFIED & EXEMPT)","31","80.6"
"CENSUS","2014","YEAR","","STATE","IDAHO","16","","","","","","","00000000","","PEPPERS","PEPPERS, BELL, ORGANIC - PRODUCTION, MEASURED IN CWT","ORGANIC STATUS","ORGANIC STATUS: (NOP USDA CERTIFIED)"," (D)","(D)"
"CENSUS","2014","YEAR","","STATE","IDAHO","16","","","","","","","00000000","","PEPPERS","PEPPERS, BELL, ORGANIC - PRODUCTION, MEASURED IN CWT","ORGANIC STATUS","ORGANIC STATUS: (NOP USDA EXEMPT)"," (D)","(D)"
"CENSUS","2014","YEAR","","STATE","IDAHO","16","","","","","","","00000000","","PEPPERS","PEPPERS, BELL, ORGANIC, UNDER PROTECTION - PRODUCTION, MEASURED IN CWT","ORGANIC STATUS","ORGANIC STATUS: (NOP USDA CERTIFIED & EXEMPT)","6","53.3"
"CENSUS","2014","YEAR","","STATE","IDAHO","16","","","","","","","00000000","","PEPPERS","PEPPERS, BELL, ORGANIC, UNDER PROTECTION - PRODUCTION, MEASURED IN CWT","ORGANIC STATUS","ORGANIC STATUS: (NOP USDA CERTIFIED)","6","53.3"
"CENSUS","2014","YEAR","","STATE","IDAHO","16","","","","","","","00000000","","PEPPERS","PEPPERS, UNDER PROTECTION - PRODUCTION, MEASURED IN CWT","TOTAL","NOT SPECIFIED","166","(H)"
"CENSUS","2014","YEAR","","STATE","IDAHO","16","","","","","","","00000000","","PEPPERS","PEPPERS, UNDER PROTECTION, FROM HYDROPONIC SYSTEMS - PRODUCTION, MEASURED IN CWT","TOTAL","NOT SPECIFIED"," (D)","(D)"
"CENSUS","2014","YEAR","","STATE","ILLINOIS","17","","","","","","","00000000","","PEPPERS","PEPPERS, BELL, ORGANIC - PRODUCTION, MEASURED IN CWT","ORGANIC STATUS","ORGANIC STATUS: (NOP USDA CERTIFIED & EXEMPT)","223","65.5"
"CENSUS","2014","YEAR","","STATE","ILLINOIS","17","","","","","","","00000000","","PEPPERS","PEPPERS, BELL, ORGANIC - PRODUCTION, MEASURED IN CWT","ORGANIC STATUS","ORGANIC STATUS: (NOP USDA CERTIFIED)","207","65.4"
"CENSUS","2014","YEAR","","STATE","ILLINOIS","17","","","","","","","00000000","","PEPPERS","PEPPERS, BELL, ORGANIC - PRODUCTION, MEASURED IN CWT","ORGANIC STATUS","ORGANIC STATUS: (NOP USDA EXEMPT)","16","(H)"
"CENSUS","2014","YEAR","","STATE","ILLINOIS","17","","","","","","","00000000","","PEPPERS","PEPPERS, BELL, ORGANIC, UNDER PROTECTION - PRODUCTION, MEASURED IN CWT","ORGANIC STATUS","ORGANIC STATUS: (NOP USDA CERTIFIED & EXEMPT)","66","(H)"
"CENSUS","2014","YEAR","","STATE","ILLINOIS","17","","","","","","","00000000","","PEPPERS","PEPPERS, BELL, ORGANIC, UNDER PROTECTION - PRODUCTION, MEASURED IN CWT","ORGANIC STATUS","ORGANIC STATUS: (NOP USDA CERTIFIED)","24","(H)"
"CENSUS","2014","YEAR","","STATE","ILLINOIS","17","","","","","","","00000000","","PEPPERS","PEPPERS, BELL, ORGANIC, UNDER PROTECTION - PRODUCTION, MEASURED IN CWT","ORGANIC STATUS","ORGANIC STATUS: (NOP USDA EXEMPT)","42","(H)"
"CENSUS","2014","YEAR","","STATE","ILLINOIS","17","","","","","","","00000000","","PEPPERS","PEPPERS, UNDER PROTECTION - PRODUCTION, MEASURED IN CWT","TOTAL","NOT SPECIFIED","702","69.3"
"CENSUS","2014","YEAR","","STATE","ILLINOIS","17","","","","","","","00000000","","PEPPERS","PEPPERS, UNDER PROTECTION, FROM HYDROPONIC SYSTEMS - PRODUCTION, MEASURED IN CWT","TOTAL","NOT SPECIFIED"," (D)","(D)"
"CENSUS","2014","YEAR","","STATE","INDIANA","18","","","","","","","00000000","","PEPPERS","PEPPERS, BELL, ORGANIC - PRODUCTION, MEASURED IN CWT","ORGANIC STATUS","ORGANIC STATUS: (NOP USDA CERTIFIED & EXEMPT)","2,317","65.5"
"CENSUS","2014","YEAR","","STATE","INDIANA","18","","","","","","","00000000","","PEPPERS","PEPPERS, BELL, ORGANIC - PRODUCTION, MEASURED IN CWT","ORGANIC STATUS","ORGANIC STATUS: (NOP USDA CERTIFIED)","2,116","65.4"
"CENSUS","2014","YEAR","","STATE","INDIANA","18","","","","","","","00000000","","PEPPERS","PEPPERS, BELL, ORGANIC - PRODUCTION, MEASURED IN CWT","ORGANIC STATUS","ORGANIC STATUS: (NOP USDA EXEMPT)","202","(H)"
"CENSUS","2014","YEAR","","STATE","INDIANA","18","","","","","","","00000000","","PEPPERS","PEPPERS, BELL, ORGANIC, UNDER PROTECTION - PRODUCTION, MEASURED IN CWT","ORGANIC STATUS","ORGANIC STATUS: (NOP USDA CERTIFIED & EXEMPT)","24","(H)"
"CENSUS","2014","YEAR","","STATE","INDIANA","18","","","","","","","00000000","","PEPPERS","PEPPERS, BELL, ORGANIC, UNDER PROTECTION - PRODUCTION, MEASURED IN CWT","ORGANIC STATUS","ORGANIC STATUS: (NOP USDA CERTIFIED)","24","(H)"
"CENSUS","2014","YEAR","","STATE","INDIANA","18","","","","","","","00000000","","PEPPERS","PEPPERS, UNDER PROTECTION - PRODUCTION, MEASURED IN CWT","TOTAL","NOT SPECIFIED","431","53.7"
"CENSUS","2014","YEAR","","STATE","IOWA","19","","","","","","","00000000","","PEPPERS","PEPPERS, BELL, ORGANIC - PRODUCTION, MEASURED IN CWT","ORGANIC STATUS","ORGANIC STATUS: (NOP USDA CERTIFIED & EXEMPT)","611","27.2"
"CENSUS","2014","YEAR","","STATE","IOWA","19","","","","","","","00000000","","PEPPERS","PEPPERS, BELL, ORGANIC - PRODUCTION, MEASURED IN CWT","ORGANIC STATUS","ORGANIC STATUS: (NOP USDA CERTIFIED)","450","34.1"
"CENSUS","2014","YEAR","","STATE","IOWA","19","","","","","","","00000000","","PEPPERS","PEPPERS, BELL, ORGANIC - PRODUCTION, MEASURED IN CWT","ORGANIC STATUS","ORGANIC STATUS: (NOP USDA EXEMPT)","161","92.0"
"CENSUS","2014","YEAR","","STATE","IOWA","19","","","","","","","00000000","","PEPPERS","PEPPERS, BELL, ORGANIC, UNDER PROTECTION - PRODUCTION, MEASURED IN CWT","ORGANIC STATUS","ORGANIC STATUS: (NOP USDA CERTIFIED & EXEMPT)","9","61.4"
"CENSUS","2014","YEAR","","STATE","IOWA","19","","","","","","","00000000","","PEPPERS","PEPPERS, BELL, ORGANIC, UNDER PROTECTION - PRODUCTION, MEASURED IN CWT","ORGANIC STATUS","ORGANIC STATUS: (NOP USDA CERTIFIED)"," (D)","(D)"
"CENSUS","2014","YEAR","","STATE","IOWA","19","","","","","","","00000000","","PEPPERS","PEPPERS, BELL, ORGANIC, UNDER PROTECTION - PRODUCTION, MEASURED IN CWT","ORGANIC STATUS","ORGANIC STATUS: (NOP USDA EXEMPT)"," (D)","(D)"
"CENSUS","2014","YEAR","","STATE","IOWA","19","","","","","","","00000000","","PEPPERS","PEPPERS, UNDER PROTECTION - PRODUCTION, MEASURED IN CWT","TOTAL","NOT SPECIFIED","824","49.8"
"CENSUS","2014","YEAR","","STATE","KANSAS","20","","","","","","","00000000","","PEPPERS","PEPPERS, BELL, ORGANIC - PRODUCTION, MEASURED IN CWT","ORGANIC STATUS","ORGANIC STATUS: (NOP USDA CERTIFIED & EXEMPT)","54","92.2"
"CENSUS","2014","YEAR","","STATE","KANSAS","20","","","","","","","00000000","","PEPPERS","PEPPERS, BELL, ORGANIC - PRODUCTION, MEASURED IN CWT","ORGANIC STATUS","ORGANIC STATUS: (NOP USDA CERTIFIED)","54","92.2"
"CENSUS","2014","YEAR","","STATE","KANSAS","20","","","","","","","00000000","","PEPPERS","PEPPERS, BELL, ORGANIC, UNDER PROTECTION - PRODUCTION, MEASURED IN CWT","ORGANIC STATUS","ORGANIC STATUS: (NOP USDA CERTIFIED & EXEMPT)"," (D)","(D)"
"CENSUS","2014","YEAR","","STATE","KANSAS","20","","","","","","","00000000","","PEPPERS","PEPPERS, BELL, ORGANIC, UNDER PROTECTION - PRODUCTION, MEASURED IN CWT","ORGANIC STATUS","ORGANIC STATUS: (NOP USDA CERTIFIED)"," (D)","(D)"
"CENSUS","2014","YEAR","","STATE","KANSAS","20","","","","","","","00000000","","PEPPERS","PEPPERS, BELL, ORGANIC, UNDER PROTECTION - PRODUCTION, MEASURED IN CWT","ORGANIC STATUS","ORGANIC STATUS: (NOP USDA EXEMPT)"," (D)","(D)"
"CENSUS","2014","YEAR","","STATE","KANSAS","20","","","","","","","00000000","","PEPPERS","PEPPERS, UNDER PROTECTION - PRODUCTION, MEASURED IN CWT","TOTAL","NOT SPECIFIED","72","85.2"
"CENSUS","2014","YEAR","","STATE","KENTUCKY","21","","","","","","","00000000","","PEPPERS","PEPPERS, BELL, ORGANIC - PRODUCTION, MEASURED IN CWT","ORGANIC STATUS","ORGANIC STATUS: (NOP USDA CERTIFIED & EXEMPT)"," (D)","(D)"
"CENSUS","2014","YEAR","","STATE","KENTUCKY","21","","","","","","","00000000","","PEPPERS","PEPPERS, BELL, ORGANIC - PRODUCTION, MEASURED IN CWT","ORGANIC STATUS","ORGANIC STATUS: (NOP USDA CERTIFIED)"," (D)","(D)"
"CENSUS","2014","YEAR","","STATE","KENTUCKY","21","","","","","","","00000000","","PEPPERS","PEPPERS, BELL, ORGANIC - PRODUCTION, MEASURED IN CWT","ORGANIC STATUS","ORGANIC STATUS: (NOP USDA EXEMPT)"," (D)","(D)"
"CENSUS","2014","YEAR","","STATE","KENTUCKY","21","","","","","","","00000000","","PEPPERS","PEPPERS, BELL, ORGANIC, UNDER PROTECTION - PRODUCTION, MEASURED IN CWT","ORGANIC STATUS","ORGANIC STATUS: (NOP USDA CERTIFIED & EXEMPT)","12","59.6"
"CENSUS","2014","YEAR","","STATE","KENTUCKY","21","","","","","","","00000000","","PEPPERS","PEPPERS, BELL, ORGANIC, UNDER PROTECTION - PRODUCTION, MEASURED IN CWT","ORGANIC STATUS","ORGANIC STATUS: (NOP USDA CERTIFIED)","12","59.6"
"CENSUS","2014","YEAR","","STATE","KENTUCKY","21","","","","","","","00000000","","PEPPERS","PEPPERS, UNDER PROTECTION - PRODUCTION, MEASURED IN CWT","TOTAL","NOT SPECIFIED","381","80.3"
"CENSUS","2014","YEAR","","STATE","LOUISIANA","22","","","","","","","00000000","","PEPPERS","PEPPERS, BELL, ORGANIC - PRODUCTION, MEASURED IN CWT","ORGANIC STATUS","ORGANIC STATUS: (NOP USDA CERTIFIED & EXEMPT)"," (D)","(D)"
"CENSUS","2014","YEAR","","STATE","LOUISIANA","22","","","","","","","00000000","","PEPPERS","PEPPERS, BELL, ORGANIC - PRODUCTION, MEASURED IN CWT","ORGANIC STATUS","ORGANIC STATUS: (NOP USDA CERTIFIED)"," (D)","(D)"
"CENSUS","2014","YEAR","","STATE","LOUISIANA","22","","","","","","","00000000","","PEPPERS","PEPPERS, BELL, ORGANIC, UNDER PROTECTION - PRODUCTION, MEASURED IN CWT","ORGANIC STATUS","ORGANIC STATUS: (NOP USDA CERTIFIED & EXEMPT)"," (D)","(D)"
"CENSUS","2014","YEAR","","STATE","LOUISIANA","22","","","","","","","00000000","","PEPPERS","PEPPERS, BELL, ORGANIC, UNDER PROTECTION - PRODUCTION, MEASURED IN CWT","ORGANIC STATUS","ORGANIC STATUS: (NOP USDA CERTIFIED)"," (D)","(D)"
"CENSUS","2014","YEAR","","STATE","LOUISIANA","22","","","","","","","00000000","","PEPPERS","PEPPERS, UNDER PROTECTION - PRODUCTION, MEASURED IN CWT","TOTAL","NOT SPECIFIED","988","82.9"
"CENSUS","2014","YEAR","","STATE","MAINE","23","","","","","","","00000000","","PEPPERS","PEPPERS, BELL, ORGANIC - PRODUCTION, MEASURED IN CWT","ORGANIC STATUS","ORGANIC STATUS: (NOP USDA CERTIFIED & EXEMPT)","147","75.3"
"CENSUS","2014","YEAR","","STATE","MAINE","23","","","","","","","00000000","","PEPPERS","PEPPERS, BELL, ORGANIC - PRODUCTION, MEASURED IN CWT","ORGANIC STATUS","ORGANIC STATUS: (NOP USDA CERTIFIED)"," (D)","(D)"
"CENSUS","2014","YEAR","","STATE","MAINE","23","","","","","","","00000000","","PEPPERS","PEPPERS, BELL, ORGANIC - PRODUCTION, MEASURED IN CWT","ORGANIC STATUS","ORGANIC STATUS: (NOP USDA EXEMPT)"," (D)","(D)"
"CENSUS","2014","YEAR","","STATE","MAINE","23","","","","","","","00000000","","PEPPERS","PEPPERS, BELL, ORGANIC, UNDER PROTECTION - PRODUCTION, MEASURED IN CWT","ORGANIC STATUS","ORGANIC STATUS: (NOP USDA CERTIFIED & EXEMPT)","159","92.3"
"CENSUS","2014","YEAR","","STATE","MAINE","23","","","","","","","00000000","","PEPPERS","PEPPERS, BELL, ORGANIC, UNDER PROTECTION - PRODUCTION, MEASURED IN CWT","ORGANIC STATUS","ORGANIC STATUS: (NOP USDA CERTIFIED)","152","93.5"
"CENSUS","2014","YEAR","","STATE","MAINE","23","","","","","","","00000000","","PEPPERS","PEPPERS, BELL, ORGANIC, UNDER PROTECTION - PRODUCTION, MEASURED IN CWT","ORGANIC STATUS","ORGANIC STATUS: (NOP USDA EXEMPT)","7","60.1"
"CENSUS","2014","YEAR","","STATE","MAINE","23","","","","","","","00000000","","PEPPERS","PEPPERS, UNDER PROTECTION - PRODUCTION, MEASURED IN CWT","TOTAL","NOT SPECIFIED","86","(H)"
"CENSUS","2014","YEAR","","STATE","MARYLAND","24","","","","","","","00000000","","PEPPERS","PEPPERS, BELL, ORGANIC - PRODUCTION, MEASURED IN CWT","ORGANIC STATUS","ORGANIC STATUS: (NOP USDA CERTIFIED & EXEMPT)","446","75.3"
"CENSUS","2014","YEAR","","STATE","MARYLAND","24","","","","","","","00000000","","PEPPERS","PEPPERS, BELL, ORGANIC - PRODUCTION, MEASURED IN CWT","ORGANIC STATUS","ORGANIC STATUS: (NOP USDA CERTIFIED)","446","75.9"
"CENSUS","2014","YEAR","","STATE","MARYLAND","24","","","","","","","00000000","","PEPPERS","PEPPERS, BELL, ORGANIC, UNDER PROTECTION - PRODUCTION, MEASURED IN CWT","ORGANIC STATUS","ORGANIC STATUS: (NOP USDA CERTIFIED & EXEMPT)"," (D)","(D)"
"CENSUS","2014","YEAR","","STATE","MARYLAND","24","","","","","","","00000000","","PEPPERS","PEPPERS, BELL, ORGANIC, UNDER PROTECTION - PRODUCTION, MEASURED IN CWT","ORGANIC STATUS","ORGANIC STATUS: (NOP USDA CERTIFIED)"," (D)","(D)"
"CENSUS","2014","YEAR","","STATE","MARYLAND","24","","","","","","","00000000","","PEPPERS","PEPPERS, UNDER PROTECTION - PRODUCTION, MEASURED IN CWT","TOTAL","NOT SPECIFIED","734","5.3"
"CENSUS","2014","YEAR","","STATE","MASSACHUSETTS","25","","","","","","","00000000","","PEPPERS","PEPPERS, BELL, ORGANIC - PRODUCTION, MEASURED IN CWT","ORGANIC STATUS","ORGANIC STATUS: (NOP USDA CERTIFIED & EXEMPT)","2,298","75.3"
"CENSUS","2014","YEAR","","STATE","MASSACHUSETTS","25","","","","","","","00000000","","PEPPERS","PEPPERS, BELL, ORGANIC - PRODUCTION, MEASURED IN CWT","ORGANIC STATUS","ORGANIC STATUS: (NOP USDA CERTIFIED)","2,256","75.9"
"CENSUS","2014","YEAR","","STATE","MASSACHUSETTS","25","","","","","","","00000000","","PEPPERS","PEPPERS, BELL, ORGANIC - PRODUCTION, MEASURED IN CWT","ORGANIC STATUS","ORGANIC STATUS: (NOP USDA EXEMPT)","42","92.3"
"CENSUS","2014","YEAR","","STATE","MASSACHUSETTS","25","","","","","","","00000000","","PEPPERS","PEPPERS, BELL, ORGANIC, UNDER PROTECTION - PRODUCTION, MEASURED IN CWT","ORGANIC STATUS","ORGANIC STATUS: (NOP USDA CERTIFIED & EXEMPT)","111","92.3"
"CENSUS","2014","YEAR","","STATE","MASSACHUSETTS","25","","","","","","","00000000","","PEPPERS","PEPPERS, BELL, ORGANIC, UNDER PROTECTION - PRODUCTION, MEASURED IN CWT","ORGANIC STATUS","ORGANIC STATUS: (NOP USDA CERTIFIED)","111","93.5"
"CENSUS","2014","YEAR","","STATE","MASSACHUSETTS","25","","","","","","","00000000","","PEPPERS","PEPPERS, UNDER PROTECTION - PRODUCTION, MEASURED IN CWT","TOTAL","NOT SPECIFIED","1,969","25.3"
"CENSUS","2014","YEAR","","STATE","MASSACHUSETTS","25","","","","","","","00000000","","PEPPERS","PEPPERS, UNDER PROTECTION, FROM HYDROPONIC SYSTEMS - PRODUCTION, MEASURED IN CWT","TOTAL","NOT SPECIFIED"," (D)","(D)"
"CENSUS","2014","YEAR","","STATE","MICHIGAN","26","","","","","","","00000000","","PEPPERS","PEPPERS, BELL, ORGANIC - PRODUCTION, MEASURED IN CWT","ORGANIC STATUS","ORGANIC STATUS: (NOP USDA CERTIFIED & EXEMPT)","249","65.5"
"CENSUS","2014","YEAR","","STATE","MICHIGAN","26","","","","","","","00000000","","PEPPERS","PEPPERS, BELL, ORGANIC - PRODUCTION, MEASURED IN CWT","ORGANIC STATUS","ORGANIC STATUS: (NOP USDA CERTIFIED)","238","65.4"
"CENSUS","2014","YEAR","","STATE","MICHIGAN","26","","","","","","","00000000","","PEPPERS","PEPPERS, BELL, ORGANIC - PRODUCTION, MEASURED IN CWT","ORGANIC STATUS","ORGANIC STATUS: (NOP USDA EXEMPT)","11","(H)"
"CENSUS","2014","YEAR","","STATE","MICHIGAN","26","","","","","","","00000000","","PEPPERS","PEPPERS, BELL, ORGANIC, UNDER PROTECTION - PRODUCTION, MEASURED IN CWT","ORGANIC STATUS","ORGANIC STATUS: (NOP USDA CERTIFIED & EXEMPT)","292","(H)"
"CENSUS","2014","YEAR","","STATE","MICHIGAN","26","","","","","","","00000000","","PEPPERS","PEPPERS, BELL, ORGANIC, UNDER PROTECTION - PRODUCTION, MEASURED IN CWT","ORGANIC STATUS","ORGANIC STATUS: (NOP USDA CERTIFIED)","292","(H)"
"CENSUS","2014","YEAR","","STATE","MICHIGAN","26","","","","","","","00000000","","PEPPERS","PEPPERS, UNDER PROTECTION - PRODUCTION, MEASURED IN CWT","TOTAL","NOT SPECIFIED","339","89.9"
"CENSUS","2014","YEAR","","STATE","MINNESOTA","27","","","","","","","00000000","","PEPPERS","PEPPERS, BELL, ORGANIC - PRODUCTION, MEASURED IN CWT","ORGANIC STATUS","ORGANIC STATUS: (NOP USDA CERTIFIED & EXEMPT)","707","83.4"
"CENSUS","2014","YEAR","","STATE","MINNESOTA","27","","","","","","","00000000","","PEPPERS","PEPPERS, BELL, ORGANIC - PRODUCTION, MEASURED IN CWT","ORGANIC STATUS","ORGANIC STATUS: (NOP USDA CERTIFIED)","686","85.7"
"CENSUS","2014","YEAR","","STATE","MINNESOTA","27","","","","","","","00000000","","PEPPERS","PEPPERS, BELL, ORGANIC - PRODUCTION, MEASURED IN CWT","ORGANIC STATUS","ORGANIC STATUS: (NOP USDA EXEMPT)","21","(H)"
"CENSUS","2014","YEAR","","STATE","MINNESOTA","27","","","","","","","00000000","","PEPPERS","PEPPERS, BELL, ORGANIC, UNDER PROTECTION - PRODUCTION, MEASURED IN CWT","ORGANIC STATUS","ORGANIC STATUS: (NOP USDA CERTIFIED & EXEMPT)","124","93.7"
"CENSUS","2014","YEAR","","STATE","MINNESOTA","27","","","","","","","00000000","","PEPPERS","PEPPERS, BELL, ORGANIC, UNDER PROTECTION - PRODUCTION, MEASURED IN CWT","ORGANIC STATUS","ORGANIC STATUS: (NOP USDA CERTIFIED)","101","(H)"
"CENSUS","2014","YEAR","","STATE","MINNESOTA","27","","","","","","","00000000","","PEPPERS","PEPPERS, BELL, ORGANIC, UNDER PROTECTION - PRODUCTION, MEASURED IN CWT","ORGANIC STATUS","ORGANIC STATUS: (NOP USDA EXEMPT)","23","(H)"
"CENSUS","2014","YEAR","","STATE","MINNESOTA","27","","","","","","","00000000","","PEPPERS","PEPPERS, UNDER PROTECTION - PRODUCTION, MEASURED IN CWT","TOTAL","NOT SPECIFIED","337","35.1"
"CENSUS","2014","YEAR","","STATE","MISSISSIPPI","28","","","","","","","00000000","","PEPPERS","PEPPERS, UNDER PROTECTION - PRODUCTION, MEASURED IN CWT","TOTAL","NOT SPECIFIED","150","73.4"
"CENSUS","2014","YEAR","","STATE","MISSOURI","29","","","","","","","00000000","","PEPPERS","PEPPERS, BELL, ORGANIC - PRODUCTION, MEASURED IN CWT","ORGANIC STATUS","ORGANIC STATUS: (NOP USDA CERTIFIED & EXEMPT)","106","65.5"
"CENSUS","2014","YEAR","","STATE","MISSOURI","29","","","","","","","00000000","","PEPPERS","PEPPERS, BELL, ORGANIC - PRODUCTION, MEASURED IN CWT","ORGANIC STATUS","ORGANIC STATUS: (NOP USDA CERTIFIED)","30","65.4"
"CENSUS","2014","YEAR","","STATE","MISSOURI","29","","","","","","","00000000","","PEPPERS","PEPPERS, BELL, ORGANIC - PRODUCTION, MEASURED IN CWT","ORGANIC STATUS","ORGANIC STATUS: (NOP USDA EXEMPT)","76","(H)"
"CENSUS","2014","YEAR","","STATE","MISSOURI","29","","","","","","","00000000","","PEPPERS","PEPPERS, BELL, ORGANIC, UNDER PROTECTION - PRODUCTION, MEASURED IN CWT","ORGANIC STATUS","ORGANIC STATUS: (NOP USDA CERTIFIED & EXEMPT)"," (D)","(D)"
"CENSUS","2014","YEAR","","STATE","MISSOURI","29","","","","","","","00000000","","PEPPERS","PEPPERS, BELL, ORGANIC, UNDER PROTECTION - PRODUCTION, MEASURED IN CWT","ORGANIC STATUS","ORGANIC STATUS: (NOP USDA EXEMPT)"," (D)","(D)"
"CENSUS","2014","YEAR","","STATE","MISSOURI","29","","","","","","","00000000","","PEPPERS","PEPPERS, UNDER PROTECTION - PRODUCTION, MEASURED IN CWT","TOTAL","NOT SPECIFIED","317","53.5"
"CENSUS","2014","YEAR","","STATE","MONTANA","30","","","","","","","00000000","","PEPPERS","PEPPERS, BELL, ORGANIC - PRODUCTION, MEASURED IN CWT","ORGANIC STATUS","ORGANIC STATUS: (NOP USDA CERTIFIED & EXEMPT)","4","33.0"
"CENSUS","2014","YEAR","","STATE","MONTANA","30","","","","","","","00000000","","PEPPERS","PEPPERS, BELL, ORGANIC - PRODUCTION, MEASURED IN CWT","ORGANIC STATUS","ORGANIC STATUS: (NOP USDA CERTIFIED)","4","33.0"
"CENSUS","2014","YEAR","","STATE","MONTANA","30","","","","","","","00000000","","PEPPERS","PEPPERS, BELL, ORGANIC, UNDER PROTECTION - PRODUCTION, MEASURED IN CWT","ORGANIC STATUS","ORGANIC STATUS: (NOP USDA CERTIFIED & EXEMPT)","110","(H)"
"CENSUS","2014","YEAR","","STATE","MONTANA","30","","","","","","","00000000","","PEPPERS","PEPPERS, BELL, ORGANIC, UNDER PROTECTION - PRODUCTION, MEASURED IN CWT","ORGANIC STATUS","ORGANIC STATUS: (NOP USDA CERTIFIED)","110","(H)"
"CENSUS","2014","YEAR","","STATE","MONTANA","30","","","","","","","00000000","","PEPPERS","PEPPERS, UNDER PROTECTION - PRODUCTION, MEASURED IN CWT","TOTAL","NOT SPECIFIED","566","67.9"
"CENSUS","2014","YEAR","","STATE","NEBRASKA","31","","","","","","","00000000","","PEPPERS","PEPPERS, BELL, ORGANIC, UNDER PROTECTION - PRODUCTION, MEASURED IN CWT","ORGANIC STATUS","ORGANIC STATUS: (NOP USDA CERTIFIED & EXEMPT)"," (D)","(D)"
"CENSUS","2014","YEAR","","STATE","NEBRASKA","31","","","","","","","00000000","","PEPPERS","PEPPERS, BELL, ORGANIC, UNDER PROTECTION - PRODUCTION, MEASURED IN CWT","ORGANIC STATUS","ORGANIC STATUS: (NOP USDA CERTIFIED)"," (D)","(D)"
"CENSUS","2014","YEAR","","STATE","NEBRASKA","31","","","","","","","00000000","","PEPPERS","PEPPERS, UNDER PROTECTION - PRODUCTION, MEASURED IN CWT","TOTAL","NOT SPECIFIED"," (D)","(D)"
"CENSUS","2014","YEAR","","STATE","NEVADA","32","","","","","","","00000000","","PEPPERS","PEPPERS, BELL, ORGANIC - PRODUCTION, MEASURED IN CWT","ORGANIC STATUS","ORGANIC STATUS: (NOP USDA CERTIFIED & EXEMPT)","82","33.0"
"CENSUS","2014","YEAR","","STATE","NEVADA","32","","","","","","","00000000","","PEPPERS","PEPPERS, BELL, ORGANIC - PRODUCTION, MEASURED IN CWT","ORGANIC STATUS","ORGANIC STATUS: (NOP USDA CERTIFIED)","82","33.0"
"CENSUS","2014","YEAR","","STATE","NEVADA","32","","","","","","","00000000","","PEPPERS","PEPPERS, BELL, ORGANIC, UNDER PROTECTION - PRODUCTION, MEASURED IN CWT","ORGANIC STATUS","ORGANIC STATUS: (NOP USDA CERTIFIED & EXEMPT)","6","(H)"
"CENSUS","2014","YEAR","","STATE","NEVADA","32","","","","","","","00000000","","PEPPERS","PEPPERS, BELL, ORGANIC, UNDER PROTECTION - PRODUCTION, MEASURED IN CWT","ORGANIC STATUS","ORGANIC STATUS: (NOP USDA CERTIFIED)","6","(H)"
"CENSUS","2014","YEAR","","STATE","NEW HAMPSHIRE","33","","","","","","","00000000","","PEPPERS","PEPPERS, BELL, ORGANIC - PRODUCTION, MEASURED IN CWT","ORGANIC STATUS","ORGANIC STATUS: (NOP USDA CERTIFIED & EXEMPT)","161","75.3"
"CENSUS","2014","YEAR","","STATE","NEW HAMPSHIRE","33","","","","","","","00000000","","PEPPERS","PEPPERS, BELL, ORGANIC - PRODUCTION, MEASURED IN CWT","ORGANIC STATUS","ORGANIC STATUS: (NOP USDA CERTIFIED)","161","75.9"
"CENSUS","2014","YEAR","","STATE","NEW HAMPSHIRE","33","","","","","","","00000000","","PEPPERS","PEPPERS, BELL, ORGANIC, UNDER PROTECTION - PRODUCTION, MEASURED IN CWT","ORGANIC STATUS","ORGANIC STATUS: (NOP USDA CERTIFIED & EXEMPT)","139","92.3"
"CENSUS","2014","YEAR","","STATE","NEW HAMPSHIRE","33","","","","","","","00000000","","PEPPERS","PEPPERS, BELL, ORGANIC, UNDER PROTECTION - PRODUCTION, MEASURED IN CWT","ORGANIC STATUS","ORGANIC STATUS: (NOP USDA CERTIFIED)","139","93.5"
"CENSUS","2014","YEAR","","STATE","NEW HAMPSHIRE","33","","","","","","","00000000","","PEPPERS","PEPPERS, UNDER PROTECTION - PRODUCTION, MEASURED IN CWT","TOTAL","NOT SPECIFIED","137","61.4"
"CENSUS","2014","YEAR","","STATE","NEW JERSEY","34","","","","","","","00000000","","PEPPERS","PEPPERS, BELL, ORGANIC - PRODUCTION, MEASURED IN CWT","ORGANIC STATUS","ORGANIC STATUS: (NOP USDA CERTIFIED & EXEMPT)","8,307","75.3"
"CENSUS","2014","YEAR","","STATE","NEW JERSEY","34","","","","","","","00000000","","PEPPERS","PEPPERS, BELL, ORGANIC - PRODUCTION, MEASURED IN CWT","ORGANIC STATUS","ORGANIC STATUS: (NOP USDA CERTIFIED)","8,297","75.9"
"CENSUS","2014","YEAR","","STATE","NEW JERSEY","34","","","","","","","00000000","","PEPPERS","PEPPERS, BELL, ORGANIC - PRODUCTION, MEASURED IN CWT","ORGANIC STATUS","ORGANIC STATUS: (NOP USDA EXEMPT)","10","92.3"
"CENSUS","2014","YEAR","","STATE","NEW JERSEY","34","","","","","","","00000000","","PEPPERS","PEPPERS, BELL, ORGANIC, UNDER PROTECTION - PRODUCTION, MEASURED IN CWT","ORGANIC STATUS","ORGANIC STATUS: (NOP USDA CERTIFIED & EXEMPT)","617","92.3"
"CENSUS","2014","YEAR","","STATE","NEW JERSEY","34","","","","","","","00000000","","PEPPERS","PEPPERS, BELL, ORGANIC, UNDER PROTECTION - PRODUCTION, MEASURED IN CWT","ORGANIC STATUS","ORGANIC STATUS: (NOP USDA CERTIFIED)","617","93.5"
"CENSUS","2014","YEAR","","STATE","NEW JERSEY","34","","","","","","","00000000","","PEPPERS","PEPPERS, UNDER PROTECTION - PRODUCTION, MEASURED IN CWT","TOTAL","NOT SPECIFIED","348","66.7"
"CENSUS","2014","YEAR","","STATE","NEW MEXICO","35","","","","","","","00000000","","PEPPERS","PEPPERS, BELL, ORGANIC - PRODUCTION, MEASURED IN CWT","ORGANIC STATUS","ORGANIC STATUS: (NOP USDA CERTIFIED & EXEMPT)","248","33.0"
"CENSUS","2014","YEAR","","STATE","NEW MEXICO","35","","","","","","","00000000","","PEPPERS","PEPPERS, BELL, ORGANIC - PRODUCTION, MEASURED IN CWT","ORGANIC STATUS","ORGANIC STATUS: (NOP USDA CERTIFIED)","248","33.0"
"CENSUS","2014","YEAR","","STATE","NEW MEXICO","35","","","","","","","00000000","","PEPPERS","PEPPERS, UNDER PROTECTION - PRODUCTION, MEASURED IN CWT","TOTAL","NOT SPECIFIED","121","(H)"
"CENSUS","2014","YEAR","","STATE","NEW YORK","36","","","","","","","00000000","","PEPPERS","PEPPERS, BELL, ORGANIC - PRODUCTION, MEASURED IN CWT","ORGANIC STATUS","ORGANIC STATUS: (NOP USDA CERTIFIED & EXEMPT)","1,644","65.1"
"CENSUS","2014","YEAR","","STATE","NEW YORK","36","","","","","","","00000000","","PEPPERS","PEPPERS, BELL, ORGANIC - PRODUCTION, MEASURED IN CWT","ORGANIC STATUS","ORGANIC STATUS: (NOP USDA CERTIFIED)","1,615","66.2"
"CENSUS","2014","YEAR","","STATE","NEW YORK","36","","","","","","","00000000","","PEPPERS","PEPPERS, BELL, ORGANIC - PRODUCTION, MEASURED IN CWT","ORGANIC STATUS","ORGANIC STATUS: (NOP USDA EXEMPT)","29","50.1"
"CENSUS","2014","YEAR","","STATE","NEW YORK","36","","","","","","","00000000","","PEPPERS","PEPPERS, BELL, ORGANIC, UNDER PROTECTION - PRODUCTION, MEASURED IN CWT","ORGANIC STATUS","ORGANIC STATUS: (NOP USDA CERTIFIED & EXEMPT)","93","43.2"
"CENSUS","2014","YEAR","","STATE","NEW YORK","36","","","","","","","00000000","","PEPPERS","PEPPERS, BELL, ORGANIC, UNDER PROTECTION - PRODUCTION, MEASURED IN CWT","ORGANIC STATUS","ORGANIC STATUS: (NOP USDA CERTIFIED)","69","53.1"
"CENSUS","2014","YEAR","","STATE","NEW YORK","36","","","","","","","00000000","","PEPPERS","PEPPERS, BELL, ORGANIC, UNDER PROTECTION - PRODUCTION, MEASURED IN CWT","ORGANIC STATUS","ORGANIC STATUS: (NOP USDA EXEMPT)","24","99.5"
"CENSUS","2014","YEAR","","STATE","NEW YORK","36","","","","","","","00000000","","PEPPERS","PEPPERS, UNDER PROTECTION - PRODUCTION, MEASURED IN CWT","TOTAL","NOT SPECIFIED","561","11.0"
"CENSUS","2014","YEAR","","STATE","NEW YORK","36","","","","","","","00000000","","PEPPERS","PEPPERS, UNDER PROTECTION, FROM HYDROPONIC SYSTEMS - PRODUCTION, MEASURED IN CWT","TOTAL","NOT SPECIFIED"," (D)","(D)"
"CENSUS","2014","YEAR","","STATE","NORTH CAROLINA","37","","","","","","","00000000","","PEPPERS","PEPPERS, BELL, ORGANIC - PRODUCTION, MEASURED IN CWT","ORGANIC STATUS","ORGANIC STATUS: (NOP USDA CERTIFIED & EXEMPT)","1,628","50.5"
"CENSUS","2014","YEAR","","STATE","NORTH CAROLINA","37","","","","","","","00000000","","PEPPERS","PEPPERS, BELL, ORGANIC - PRODUCTION, MEASURED IN CWT","ORGANIC STATUS","ORGANIC STATUS: (NOP USDA CERTIFIED)","1,578","51.1"
"CENSUS","2014","YEAR","","STATE","NORTH CAROLINA","37","","","","","","","00000000","","PEPPERS","PEPPERS, BELL, ORGANIC - PRODUCTION, MEASURED IN CWT","ORGANIC STATUS","ORGANIC STATUS: (NOP USDA EXEMPT)","49","97.3"
"CENSUS","2014","YEAR","","STATE","NORTH CAROLINA","37","","","","","","","00000000","","PEPPERS","PEPPERS, BELL, ORGANIC, UNDER PROTECTION - PRODUCTION, MEASURED IN CWT","ORGANIC STATUS","ORGANIC STATUS: (NOP USDA CERTIFIED & EXEMPT)","9","59.6"
"CENSUS","2014","YEAR","","STATE","NORTH CAROLINA","37","","","","","","","00000000","","PEPPERS","PEPPERS, BELL, ORGANIC, UNDER PROTECTION - PRODUCTION, MEASURED IN CWT","ORGANIC STATUS","ORGANIC STATUS: (NOP USDA CERTIFIED)","9","59.6"
"CENSUS","2014","YEAR","","STATE","NORTH CAROLINA","37","","","","","","","00000000","","PEPPERS","PEPPERS, UNDER PROTECTION - PRODUCTION, MEASURED IN CWT","TOTAL","NOT SPECIFIED","172","21.6"
"CENSUS","2014","YEAR","","STATE","NORTH DAKOTA","38","","","","","","","00000000","","PEPPERS","PEPPERS, BELL, ORGANIC - PRODUCTION, MEASURED IN CWT","ORGANIC STATUS","ORGANIC STATUS: (NOP USDA CERTIFIED & EXEMPT)","27","92.2"
"CENSUS","2014","YEAR","","STATE","NORTH DAKOTA","38","","","","","","","00000000","","PEPPERS","PEPPERS, BELL, ORGANIC - PRODUCTION, MEASURED IN CWT","ORGANIC STATUS","ORGANIC STATUS: (NOP USDA CERTIFIED)","27","92.2"
"CENSUS","2014","YEAR","","STATE","NORTH DAKOTA","38","","","","","","","00000000","","PEPPERS","PEPPERS, UNDER PROTECTION - PRODUCTION, MEASURED IN CWT","TOTAL","NOT SPECIFIED"," (D)","(D)"
"CENSUS","2014","YEAR","","STATE","OHIO","39","","","","","","","00000000","","PEPPERS","PEPPERS, BELL, ORGANIC - PRODUCTION, MEASURED IN CWT","ORGANIC STATUS","ORGANIC STATUS: (NOP USDA CERTIFIED & EXEMPT)","3,938","49.8"
"CENSUS","2014","YEAR","","STATE","OHIO","39","","","","","","","00000000","","PEPPERS","PEPPERS, BELL, ORGANIC - PRODUCTION, MEASURED IN CWT","ORGANIC STATUS","ORGANIC STATUS: (NOP USDA CERTIFIED)","3,871","50.6"
"CENSUS","2014","YEAR","","STATE","OHIO","39","","","","","","","00000000","","PEPPERS","PEPPERS, BELL, ORGANIC - PRODUCTION, MEASURED IN CWT","ORGANIC STATUS","ORGANIC STATUS: (NOP USDA EXEMPT)","67","64.3"
"CENSUS","2014","YEAR","","STATE","OHIO","39","","","","","","","00000000","","PEPPERS","PEPPERS, BELL, ORGANIC, UNDER PROTECTION - PRODUCTION, MEASURED IN CWT","ORGANIC STATUS","ORGANIC STATUS: (NOP USDA CERTIFIED & EXEMPT)","189","88.6"
"CENSUS","2014","YEAR","","STATE","OHIO","39","","","","","","","00000000","","PEPPERS","PEPPERS, BELL, ORGANIC, UNDER PROTECTION - PRODUCTION, MEASURED IN CWT","ORGANIC STATUS","ORGANIC STATUS: (NOP USDA CERTIFIED)"," (D)","(D)"
"CENSUS","2014","YEAR","","STATE","OHIO","39","","","","","","","00000000","","PEPPERS","PEPPERS, BELL, ORGANIC, UNDER PROTECTION - PRODUCTION, MEASURED IN CWT","ORGANIC STATUS","ORGANIC STATUS: (NOP USDA EXEMPT)"," (D)","(D)"
"CENSUS","2014","YEAR","","STATE","OHIO","39","","","","","","","00000000","","PEPPERS","PEPPERS, UNDER PROTECTION - PRODUCTION, MEASURED IN CWT","TOTAL","NOT SPECIFIED","346","18.3"
"CENSUS","2014","YEAR","","STATE","OKLAHOMA","40","","","","","","","00000000","","PEPPERS","PEPPERS, BELL, ORGANIC - PRODUCTION, MEASURED IN CWT","ORGANIC STATUS","ORGANIC STATUS: (NOP USDA CERTIFIED & EXEMPT)","285","(H)"
"CENSUS","2014","YEAR","","STATE","OKLAHOMA","40","","","","","","","00000000","","PEPPERS","PEPPERS, BELL, ORGANIC - PRODUCTION, MEASURED IN CWT","ORGANIC STATUS","ORGANIC STATUS: (NOP USDA CERTIFIED)","285","(H)"
"CENSUS","2014","YEAR","","STATE","OKLAHOMA","40","","","","","","","00000000","","PEPPERS","PEPPERS, BELL, ORGANIC, UNDER PROTECTION - PRODUCTION, MEASURED IN CWT","ORGANIC STATUS","ORGANIC STATUS: (NOP USDA CERTIFIED & EXEMPT)"," (D)","(D)"
"CENSUS","2014","YEAR","","STATE","OKLAHOMA","40","","","","","","","00000000","","PEPPERS","PEPPERS, BELL, ORGANIC, UNDER PROTECTION - PRODUCTION, MEASURED IN CWT","ORGANIC STATUS","ORGANIC STATUS: (NOP USDA CERTIFIED)"," (D)","(D)"
"CENSUS","2014","YEAR","","STATE","OKLAHOMA","40","","","","","","","00000000","","PEPPERS","PEPPERS, UNDER PROTECTION - PRODUCTION, MEASURED IN CWT","TOTAL","NOT SPECIFIED"," (D)","(D)"
"CENSUS","2014","YEAR","","STATE","OREGON","41","","","","","","","00000000","","PEPPERS","PEPPERS, BELL, ORGANIC - PRODUCTION, MEASURED IN CWT","ORGANIC STATUS","ORGANIC STATUS: (NOP USDA CERTIFIED & EXEMPT)","9,216","80.6"
"CENSUS","2014","YEAR","","STATE","OREGON","41","","","","","","","00000000","","PEPPERS","PEPPERS, BELL, ORGANIC - PRODUCTION, MEASURED IN CWT","ORGANIC STATUS","ORGANIC STATUS: (NOP USDA CERTIFIED)","9,205","80.9"
"CENSUS","2014","YEAR","","STATE","OREGON","41","","","","","","","00000000","","PEPPERS","PEPPERS, BELL, ORGANIC - PRODUCTION, MEASURED IN CWT","ORGANIC STATUS","ORGANIC STATUS: (NOP USDA EXEMPT)","11","(H)"
"CENSUS","2014","YEAR","","STATE","OREGON","41","","","","","","","00000000","","PEPPERS","PEPPERS, BELL, ORGANIC, UNDER PROTECTION - PRODUCTION, MEASURED IN CWT","ORGANIC STATUS","ORGANIC STATUS: (NOP USDA CERTIFIED & EXEMPT)","1,272","53.3"
"CENSUS","2014","YEAR","","STATE","OREGON","41","","","","","","","00000000","","PEPPERS","PEPPERS, BELL, ORGANIC, UNDER PROTECTION - PRODUCTION, MEASURED IN CWT","ORGANIC STATUS","ORGANIC STATUS: (NOP USDA CERTIFIED)","1,272","53.3"
"CENSUS","2014","YEAR","","STATE","OREGON","41","","","","","","","00000000","","PEPPERS","PEPPERS, UNDER PROTECTION - PRODUCTION, MEASURED IN CWT","TOTAL","NOT SPECIFIED","1,975","77.6"
"CENSUS","2014","YEAR","","STATE","PENNSYLVANIA","42","","","","","","","00000000","","PEPPERS","PEPPERS, BELL, ORGANIC - PRODUCTION, MEASURED IN CWT","ORGANIC STATUS","ORGANIC STATUS: (NOP USDA CERTIFIED & EXEMPT)"," (D)","(D)"
"CENSUS","2014","YEAR","","STATE","PENNSYLVANIA","42","","","","","","","00000000","","PEPPERS","PEPPERS, BELL, ORGANIC - PRODUCTION, MEASURED IN CWT","ORGANIC STATUS","ORGANIC STATUS: (NOP USDA CERTIFIED)"," (D)","(D)"
"CENSUS","2014","YEAR","","STATE","PENNSYLVANIA","42","","","","","","","00000000","","PEPPERS","PEPPERS, BELL, ORGANIC - PRODUCTION, MEASURED IN CWT","ORGANIC STATUS","ORGANIC STATUS: (NOP USDA EXEMPT)"," (D)","(D)"
"CENSUS","2014","YEAR","","STATE","PENNSYLVANIA","42","","","","","","","00000000","","PEPPERS","PEPPERS, BELL, ORGANIC, UNDER PROTECTION - PRODUCTION, MEASURED IN CWT","ORGANIC STATUS","ORGANIC STATUS: (NOP USDA CERTIFIED & EXEMPT)","140","73.8"
"CENSUS","2014","YEAR","","STATE","PENNSYLVANIA","42","","","","","","","00000000","","PEPPERS","PEPPERS, BELL, ORGANIC, UNDER PROTECTION - PRODUCTION, MEASURED IN CWT","ORGANIC STATUS","ORGANIC STATUS: (NOP USDA CERTIFIED)"," (D)","(D)"
"CENSUS","2014","YEAR","","STATE","PENNSYLVANIA","42","","","","","","","00000000","","PEPPERS","PEPPERS, BELL, ORGANIC, UNDER PROTECTION - PRODUCTION, MEASURED IN CWT","ORGANIC STATUS","ORGANIC STATUS: (NOP USDA EXEMPT)"," (D)","(D)"
"CENSUS","2014","YEAR","","STATE","PENNSYLVANIA","42","","","","","","","00000000","","PEPPERS","PEPPERS, UNDER PROTECTION - PRODUCTION, MEASURED IN CWT","TOTAL","NOT SPECIFIED","25,661","11.5"
"CENSUS","2014","YEAR","","STATE","PENNSYLVANIA","42","","","","","","","00000000","","PEPPERS","PEPPERS, UNDER PROTECTION, FROM HYDROPONIC SYSTEMS - PRODUCTION, MEASURED IN CWT","TOTAL","NOT SPECIFIED"," (D)","(D)"
"CENSUS","2014","YEAR","","STATE","RHODE ISLAND","44","","","","","","","00000000","","PEPPERS","PEPPERS, BELL, ORGANIC - PRODUCTION, MEASURED IN CWT","ORGANIC STATUS","ORGANIC STATUS: (NOP USDA CERTIFIED & EXEMPT)","48","75.3"
"CENSUS","2014","YEAR","","STATE","RHODE ISLAND","44","","","","","","","00000000","","PEPPERS","PEPPERS, BELL, ORGANIC - PRODUCTION, MEASURED IN CWT","ORGANIC STATUS","ORGANIC STATUS: (NOP USDA CERTIFIED)","48","75.9"
"CENSUS","2014","YEAR","","STATE","RHODE ISLAND","44","","","","","","","00000000","","PEPPERS","PEPPERS, BELL, ORGANIC, UNDER PROTECTION - PRODUCTION, MEASURED IN CWT","ORGANIC STATUS","ORGANIC STATUS: (NOP USDA CERTIFIED & EXEMPT)","37","92.3"
"CENSUS","2014","YEAR","","STATE","RHODE ISLAND","44","","","","","","","00000000","","PEPPERS","PEPPERS, BELL, ORGANIC, UNDER PROTECTION - PRODUCTION, MEASURED IN CWT","ORGANIC STATUS","ORGANIC STATUS: (NOP USDA CERTIFIED)","37","93.5"
"CENSUS","2014","YEAR","","STATE","RHODE ISLAND","44","","","","","","","00000000","","PEPPERS","PEPPERS, UNDER PROTECTION - PRODUCTION, MEASURED IN CWT","TOTAL","NOT SPECIFIED","122","95.9"
"CENSUS","2014","YEAR","","STATE","RHODE ISLAND","44","","","","","","","00000000","","PEPPERS","PEPPERS, UNDER PROTECTION, FROM HYDROPONIC SYSTEMS - PRODUCTION, MEASURED IN CWT","TOTAL","NOT SPECIFIED","75","(H)"
"CENSUS","2014","YEAR","","STATE","SOUTH CAROLINA","45","","","","","","","00000000","","PEPPERS","PEPPERS, BELL, ORGANIC - PRODUCTION, MEASURED IN CWT","ORGANIC STATUS","ORGANIC STATUS: (NOP USDA CERTIFIED & EXEMPT)"," (D)","(D)"
"CENSUS","2014","YEAR","","STATE","SOUTH CAROLINA","45","","","","","","","00000000","","PEPPERS","PEPPERS, BELL, ORGANIC - PRODUCTION, MEASURED IN CWT","ORGANIC STATUS","ORGANIC STATUS: (NOP USDA CERTIFIED)"," (D)","(D)"
"CENSUS","2014","YEAR","","STATE","SOUTH CAROLINA","45","","","","","","","00000000","","PEPPERS","PEPPERS, BELL, ORGANIC - PRODUCTION, MEASURED IN CWT","ORGANIC STATUS","ORGANIC STATUS: (NOP USDA EXEMPT)","85","66.9"
"CENSUS","2014","YEAR","","STATE","SOUTH CAROLINA","45","","","","","","","00000000","","PEPPERS","PEPPERS, BELL, ORGANIC, UNDER PROTECTION - PRODUCTION, MEASURED IN CWT","ORGANIC STATUS","ORGANIC STATUS: (NOP USDA CERTIFIED & EXEMPT)","70","87.7"
"CENSUS","2014","YEAR","","STATE","SOUTH CAROLINA","45","","","","","","","00000000","","PEPPERS","PEPPERS, BELL, ORGANIC, UNDER PROTECTION - PRODUCTION, MEASURED IN CWT","ORGANIC STATUS","ORGANIC STATUS: (NOP USDA EXEMPT)","70","(H)"
"CENSUS","2014","YEAR","","STATE","SOUTH CAROLINA","45","","","","","","","00000000","","PEPPERS","PEPPERS, UNDER PROTECTION - PRODUCTION, MEASURED IN CWT","TOTAL","NOT SPECIFIED","116","(L)"
"CENSUS","2014","YEAR","","STATE","SOUTH DAKOTA","46","","","","","","","00000000","","PEPPERS","PEPPERS, UNDER PROTECTION - PRODUCTION, MEASURED IN CWT","TOTAL","NOT SPECIFIED","93","74.1"
"CENSUS","2014","YEAR","","STATE","TENNESSEE","47","","","","","","","00000000","","PEPPERS","PEPPERS, BELL, ORGANIC - PRODUCTION, MEASURED IN CWT","ORGANIC STATUS","ORGANIC STATUS: (NOP USDA CERTIFIED & EXEMPT)","145","50.5"
"CENSUS","2014","YEAR","","STATE","TENNESSEE","47","","","","","","","00000000","","PEPPERS","PEPPERS, BELL, ORGANIC - PRODUCTION, MEASURED IN CWT","ORGANIC STATUS","ORGANIC STATUS: (NOP USDA CERTIFIED)","145","51.1"
"CENSUS","2014","YEAR","","STATE","TENNESSEE","47","","","","","","","00000000","","PEPPERS","PEPPERS, BELL, ORGANIC, UNDER PROTECTION - PRODUCTION, MEASURED IN CWT","ORGANIC STATUS","ORGANIC STATUS: (NOP USDA CERTIFIED & EXEMPT)"," (D)","(D)"
"CENSUS","2014","YEAR","","STATE","TENNESSEE","47","","","","","","","00000000","","PEPPERS","PEPPERS, BELL, ORGANIC, UNDER PROTECTION - PRODUCTION, MEASURED IN CWT","ORGANIC STATUS","ORGANIC STATUS: (NOP USDA CERTIFIED)"," (D)","(D)"
"CENSUS","2014","YEAR","","STATE","TENNESSEE","47","","","","","","","00000000","","PEPPERS","PEPPERS, UNDER PROTECTION - PRODUCTION, MEASURED IN CWT","TOTAL","NOT SPECIFIED","48","90.7"
"CENSUS","2014","YEAR","","STATE","TEXAS","48","","","","","","","00000000","","PEPPERS","PEPPERS, BELL, ORGANIC - PRODUCTION, MEASURED IN CWT","ORGANIC STATUS","ORGANIC STATUS: (NOP USDA CERTIFIED & EXEMPT)","8,328","(H)"
"CENSUS","2014","YEAR","","STATE","TEXAS","48","","","","","","","00000000","","PEPPERS","PEPPERS, BELL, ORGANIC - PRODUCTION, MEASURED IN CWT","ORGANIC STATUS","ORGANIC STATUS: (NOP USDA CERTIFIED)"," (D)","(D)"
"CENSUS","2014","YEAR","","STATE","TEXAS","48","","","","","","","00000000","","PEPPERS","PEPPERS, BELL, ORGANIC - PRODUCTION, MEASURED IN CWT","ORGANIC STATUS","ORGANIC STATUS: (NOP USDA EXEMPT)"," (D)","(D)"
"CENSUS","2014","YEAR","","STATE","TEXAS","48","","","","","","","00000000","","PEPPERS","PEPPERS, UNDER PROTECTION - PRODUCTION, MEASURED IN CWT","TOTAL","NOT SPECIFIED","395","73.5"
"CENSUS","2014","YEAR","","STATE","UTAH","49","","","","","","","00000000","","PEPPERS","PEPPERS, BELL, ORGANIC - PRODUCTION, MEASURED IN CWT","ORGANIC STATUS","ORGANIC STATUS: (NOP USDA CERTIFIED & EXEMPT)","28","33.0"
"CENSUS","2014","YEAR","","STATE","UTAH","49","","","","","","","00000000","","PEPPERS","PEPPERS, BELL, ORGANIC - PRODUCTION, MEASURED IN CWT","ORGANIC STATUS","ORGANIC STATUS: (NOP USDA CERTIFIED)","28","33.0"
"CENSUS","2014","YEAR","","STATE","UTAH","49","","","","","","","00000000","","PEPPERS","PEPPERS, UNDER PROTECTION - PRODUCTION, MEASURED IN CWT","TOTAL","NOT SPECIFIED"," (D)","(D)"
"CENSUS","2014","YEAR","","STATE","VERMONT","50","","","","","","","00000000","","PEPPERS","PEPPERS, BELL, ORGANIC - PRODUCTION, MEASURED IN CWT","ORGANIC STATUS","ORGANIC STATUS: (NOP USDA CERTIFIED & EXEMPT)","901","49.1"
"CENSUS","2014","YEAR","","STATE","VERMONT","50","","","","","","","00000000","","PEPPERS","PEPPERS, BELL, ORGANIC - PRODUCTION, MEASURED IN CWT","ORGANIC STATUS","ORGANIC STATUS: (NOP USDA CERTIFIED)","901","49.1"
"CENSUS","2014","YEAR","","STATE","VERMONT","50","","","","","","","00000000","","PEPPERS","PEPPERS, BELL, ORGANIC, UNDER PROTECTION - PRODUCTION, MEASURED IN CWT","ORGANIC STATUS","ORGANIC STATUS: (NOP USDA CERTIFIED & EXEMPT)","67","79.4"
"CENSUS","2014","YEAR","","STATE","VERMONT","50","","","","","","","00000000","","PEPPERS","PEPPERS, BELL, ORGANIC, UNDER PROTECTION - PRODUCTION, MEASURED IN CWT","ORGANIC STATUS","ORGANIC STATUS: (NOP USDA CERTIFIED)","67","79.4"
"CENSUS","2014","YEAR","","STATE","VERMONT","50","","","","","","","00000000","","PEPPERS","PEPPERS, UNDER PROTECTION - PRODUCTION, MEASURED IN CWT","TOTAL","NOT SPECIFIED","301","(H)"
"CENSUS","2014","YEAR","","STATE","VIRGINIA","51","","","","","","","00000000","","PEPPERS","PEPPERS, BELL, ORGANIC - PRODUCTION, MEASURED IN CWT","ORGANIC STATUS","ORGANIC STATUS: (NOP USDA CERTIFIED & EXEMPT)","347","50.5"
"CENSUS","2014","YEAR","","STATE","VIRGINIA","51","","","","","","","00000000","","PEPPERS","PEPPERS, BELL, ORGANIC - PRODUCTION, MEASURED IN CWT","ORGANIC STATUS","ORGANIC STATUS: (NOP USDA CERTIFIED)","347","51.1"
"CENSUS","2014","YEAR","","STATE","VIRGINIA","51","","","","","","","00000000","","PEPPERS","PEPPERS, BELL, ORGANIC, UNDER PROTECTION - PRODUCTION, MEASURED IN CWT","ORGANIC STATUS","ORGANIC STATUS: (NOP USDA CERTIFIED & EXEMPT)"," (D)","(D)"
"CENSUS","2014","YEAR","","STATE","VIRGINIA","51","","","","","","","00000000","","PEPPERS","PEPPERS, BELL, ORGANIC, UNDER PROTECTION - PRODUCTION, MEASURED IN CWT","ORGANIC STATUS","ORGANIC STATUS: (NOP USDA CERTIFIED)"," (D)","(D)"
"CENSUS","2014","YEAR","","STATE","VIRGINIA","51","","","","","","","00000000","","PEPPERS","PEPPERS, UNDER PROTECTION - PRODUCTION, MEASURED IN CWT","TOTAL","NOT SPECIFIED","82","72.6"
"CENSUS","2014","YEAR","","STATE","VIRGINIA","51","","","","","","","00000000","","PEPPERS","PEPPERS, UNDER PROTECTION, FROM HYDROPONIC SYSTEMS - PRODUCTION, MEASURED IN CWT","TOTAL","NOT SPECIFIED"," (D)","(D)"
"CENSUS","2014","YEAR","","STATE","WASHINGTON","53","","","","","","","00000000","","PEPPERS","PEPPERS, BELL, ORGANIC - PRODUCTION, MEASURED IN CWT","ORGANIC STATUS","ORGANIC STATUS: (NOP USDA CERTIFIED & EXEMPT)","1,829","89.7"
"CENSUS","2014","YEAR","","STATE","WASHINGTON","53","","","","","","","00000000","","PEPPERS","PEPPERS, BELL, ORGANIC - PRODUCTION, MEASURED IN CWT","ORGANIC STATUS","ORGANIC STATUS: (NOP USDA CERTIFIED)","1,813","90.6"
"CENSUS","2014","YEAR","","STATE","WASHINGTON","53","","","","","","","00000000","","PEPPERS","PEPPERS, BELL, ORGANIC - PRODUCTION, MEASURED IN CWT","ORGANIC STATUS","ORGANIC STATUS: (NOP USDA EXEMPT)","16","93.9"
"CENSUS","2014","YEAR","","STATE","WASHINGTON","53","","","","","","","00000000","","PEPPERS","PEPPERS, BELL, ORGANIC, UNDER PROTECTION - PRODUCTION, MEASURED IN CWT","ORGANIC STATUS","ORGANIC STATUS: (NOP USDA CERTIFIED & EXEMPT)","149","52.9"
"CENSUS","2014","YEAR","","STATE","WASHINGTON","53","","","","","","","00000000","","PEPPERS","PEPPERS, BELL, ORGANIC, UNDER PROTECTION - PRODUCTION, MEASURED IN CWT","ORGANIC STATUS","ORGANIC STATUS: (NOP USDA CERTIFIED)","149","52.9"
"CENSUS","2014","YEAR","","STATE","WASHINGTON","53","","","","","","","00000000","","PEPPERS","PEPPERS, UNDER PROTECTION - PRODUCTION, MEASURED IN CWT","TOTAL","NOT SPECIFIED","589","66.5"
"CENSUS","2014","YEAR","","STATE","WASHINGTON","53","","","","","","","00000000","","PEPPERS","PEPPERS, UNDER PROTECTION, FROM HYDROPONIC SYSTEMS - PRODUCTION, MEASURED IN CWT","TOTAL","NOT SPECIFIED"," (D)","(D)"
"CENSUS","2014","YEAR","","STATE","WEST VIRGINIA","54","","","","","","","00000000","","PEPPERS","PEPPERS, BELL, ORGANIC - PRODUCTION, MEASURED IN CWT","ORGANIC STATUS","ORGANIC STATUS: (NOP USDA CERTIFIED & EXEMPT)"," (D)","(D)"
"CENSUS","2014","YEAR","","STATE","WEST VIRGINIA","54","","","","","","","00000000","","PEPPERS","PEPPERS, BELL, ORGANIC - PRODUCTION, MEASURED IN CWT","ORGANIC STATUS","ORGANIC STATUS: (NOP USDA CERTIFIED)"," (D)","(D)"
"CENSUS","2014","YEAR","","STATE","WEST VIRGINIA","54","","","","","","","00000000","","PEPPERS","PEPPERS, BELL, ORGANIC - PRODUCTION, MEASURED IN CWT","ORGANIC STATUS","ORGANIC STATUS: (NOP USDA EXEMPT)"," (D)","(D)"
"CENSUS","2014","YEAR","","STATE","WEST VIRGINIA","54","","","","","","","00000000","","PEPPERS","PEPPERS, UNDER PROTECTION - PRODUCTION, MEASURED IN CWT","TOTAL","NOT SPECIFIED","106","63.6"
"CENSUS","2014","YEAR","","STATE","WISCONSIN","55","","","","","","","00000000","","PEPPERS","PEPPERS, BELL, ORGANIC - PRODUCTION, MEASURED IN CWT","ORGANIC STATUS","ORGANIC STATUS: (NOP USDA CERTIFIED & EXEMPT)","1,562","39.4"
"CENSUS","2014","YEAR","","STATE","WISCONSIN","55","","","","","","","00000000","","PEPPERS","PEPPERS, BELL, ORGANIC - PRODUCTION, MEASURED IN CWT","ORGANIC STATUS","ORGANIC STATUS: (NOP USDA CERTIFIED)","1,503","40.4"
"CENSUS","2014","YEAR","","STATE","WISCONSIN","55","","","","","","","00000000","","PEPPERS","PEPPERS, BELL, ORGANIC - PRODUCTION, MEASURED IN CWT","ORGANIC STATUS","ORGANIC STATUS: (NOP USDA EXEMPT)","59","61.6"
"CENSUS","2014","YEAR","","STATE","WISCONSIN","55","","","","","","","00000000","","PEPPERS","PEPPERS, BELL, ORGANIC, UNDER PROTECTION - PRODUCTION, MEASURED IN CWT","ORGANIC STATUS","ORGANIC STATUS: (NOP USDA CERTIFIED & EXEMPT)","230","(H)"
"CENSUS","2014","YEAR","","STATE","WISCONSIN","55","","","","","","","00000000","","PEPPERS","PEPPERS, BELL, ORGANIC, UNDER PROTECTION - PRODUCTION, MEASURED IN CWT","ORGANIC STATUS","ORGANIC STATUS: (NOP USDA CERTIFIED)"," (D)","(D)"
"CENSUS","2014","YEAR","","STATE","WISCONSIN","55","","","","","","","00000000","","PEPPERS","PEPPERS, BELL, ORGANIC, UNDER PROTECTION - PRODUCTION, MEASURED IN CWT","ORGANIC STATUS","ORGANIC STATUS: (NOP USDA EXEMPT)"," (D)","(D)"
"CENSUS","2014","YEAR","","STATE","WISCONSIN","55","","","","","","","00000000","","PEPPERS","PEPPERS, UNDER PROTECTION - PRODUCTION, MEASURED IN CWT","TOTAL","NOT SPECIFIED","114","(H)"
"CENSUS","2014","YEAR","","STATE","WYOMING","56","","","","","","","00000000","","PEPPERS","PEPPERS, BELL, ORGANIC, UNDER PROTECTION - PRODUCTION, MEASURED IN CWT","ORGANIC STATUS","ORGANIC STATUS: (NOP USDA CERTIFIED & EXEMPT)"," (D)","(D)"
"CENSUS","2014","YEAR","","STATE","WYOMING","56","","","","","","","00000000","","PEPPERS","PEPPERS, BELL, ORGANIC, UNDER PROTECTION - PRODUCTION, MEASURED IN CWT","ORGANIC STATUS","ORGANIC STATUS: (NOP USDA CERTIFIED)"," (D)","(D)"
"CENSUS","2014","YEAR","","STATE","WYOMING","56","","","","","","","00000000","","PEPPERS","PEPPERS, UNDER PROTECTION - PRODUCTION, MEASURED IN CWT","TOTAL","NOT SPECIFIED"," (D)","(D)"
"CENSUS","2011","YEAR","","STATE","ARIZONA","04","","","","","","","00000000","","PEPPERS","PEPPERS, BELL, ORGANIC - PRODUCTION, MEASURED IN CWT","ORGANIC STATUS","ORGANIC STATUS: (NOP USDA CERTIFIED)","285",""
"CENSUS","2011","YEAR","","STATE","ARKANSAS","05","","","","","","","00000000","","PEPPERS","PEPPERS, BELL, ORGANIC - PRODUCTION, MEASURED IN CWT","ORGANIC STATUS","ORGANIC STATUS: (NOP USDA CERTIFIED)"," (D)",""
"CENSUS","2011","YEAR","","STATE","CALIFORNIA","06","","","","","","","00000000","","PEPPERS","PEPPERS, BELL, ORGANIC - PRODUCTION, MEASURED IN CWT","ORGANIC STATUS","ORGANIC STATUS: (NOP USDA CERTIFIED)","111,485",""
"CENSUS","2011","YEAR","","STATE","COLORADO","08","","","","","","","00000000","","PEPPERS","PEPPERS, BELL, ORGANIC - PRODUCTION, MEASURED IN CWT","ORGANIC STATUS","ORGANIC STATUS: (NOP USDA CERTIFIED)","356",""
"CENSUS","2011","YEAR","","STATE","CONNECTICUT","09","","","","","","","00000000","","PEPPERS","PEPPERS, BELL, ORGANIC - PRODUCTION, MEASURED IN CWT","ORGANIC STATUS","ORGANIC STATUS: (NOP USDA CERTIFIED)","185",""
"CENSUS","2011","YEAR","","STATE","DELAWARE","10","","","","","","","00000000","","PEPPERS","PEPPERS, BELL, ORGANIC - PRODUCTION, MEASURED IN CWT","ORGANIC STATUS","ORGANIC STATUS: (NOP USDA CERTIFIED)"," (D)",""
"CENSUS","2011","YEAR","","STATE","FLORIDA","12","","","","","","","00000000","","PEPPERS","PEPPERS, BELL, ORGANIC - PRODUCTION, MEASURED IN CWT","ORGANIC STATUS","ORGANIC STATUS: (NOP USDA CERTIFIED)","19,857",""
"CENSUS","2011","YEAR","","STATE","GEORGIA","13","","","","","","","00000000","","PEPPERS","PEPPERS, BELL, ORGANIC - PRODUCTION, MEASURED IN CWT","ORGANIC STATUS","ORGANIC STATUS: (NOP USDA CERTIFIED)","271",""
"CENSUS","2011","YEAR","","STATE","HAWAII","15","","","","","","","00000000","","PEPPERS","PEPPERS, BELL, ORGANIC - PRODUCTION, MEASURED IN CWT","ORGANIC STATUS","ORGANIC STATUS: (NOP USDA CERTIFIED)"," (D)",""
"CENSUS","2011","YEAR","","STATE","IDAHO","16","","","","","","","00000000","","PEPPERS","PEPPERS, BELL, ORGANIC - PRODUCTION, MEASURED IN CWT","ORGANIC STATUS","ORGANIC STATUS: (NOP USDA CERTIFIED)","15",""
"CENSUS","2011","YEAR","","STATE","ILLINOIS","17","","","","","","","00000000","","PEPPERS","PEPPERS, BELL, ORGANIC - PRODUCTION, MEASURED IN CWT","ORGANIC STATUS","ORGANIC STATUS: (NOP USDA CERTIFIED)","189",""
"CENSUS","2011","YEAR","","STATE","INDIANA","18","","","","","","","00000000","","PEPPERS","PEPPERS, BELL, ORGANIC - PRODUCTION, MEASURED IN CWT","ORGANIC STATUS","ORGANIC STATUS: (NOP USDA CERTIFIED)","872",""
"CENSUS","2011","YEAR","","STATE","IOWA","19","","","","","","","00000000","","PEPPERS","PEPPERS, BELL, ORGANIC - PRODUCTION, MEASURED IN CWT","ORGANIC STATUS","ORGANIC STATUS: (NOP USDA CERTIFIED)","204",""
"CENSUS","2011","YEAR","","STATE","KANSAS","20","","","","","","","00000000","","PEPPERS","PEPPERS, BELL, ORGANIC - PRODUCTION, MEASURED IN CWT","ORGANIC STATUS","ORGANIC STATUS: (NOP USDA CERTIFIED)"," (D)",""
"CENSUS","2011","YEAR","","STATE","KENTUCKY","21","","","","","","","00000000","","PEPPERS","PEPPERS, BELL, ORGANIC - PRODUCTION, MEASURED IN CWT","ORGANIC STATUS","ORGANIC STATUS: (NOP USDA CERTIFIED)","113",""
"CENSUS","2011","YEAR","","STATE","LOUISIANA","22","","","","","","","00000000","","PEPPERS","PEPPERS, BELL, ORGANIC - PRODUCTION, MEASURED IN CWT","ORGANIC STATUS","ORGANIC STATUS: (NOP USDA CERTIFIED)"," (D)",""
"CENSUS","2011","YEAR","","STATE","MAINE","23","","","","","","","00000000","","PEPPERS","PEPPERS, BELL, ORGANIC - PRODUCTION, MEASURED IN CWT","ORGANIC STATUS","ORGANIC STATUS: (NOP USDA CERTIFIED)","65",""
"CENSUS","2011","YEAR","","STATE","MARYLAND","24","","","","","","","00000000","","PEPPERS","PEPPERS, BELL, ORGANIC - PRODUCTION, MEASURED IN CWT","ORGANIC STATUS","ORGANIC STATUS: (NOP USDA CERTIFIED)","1,715",""
"CENSUS","2011","YEAR","","STATE","MASSACHUSETTS","25","","","","","","","00000000","","PEPPERS","PEPPERS, BELL, ORGANIC - PRODUCTION, MEASURED IN CWT","ORGANIC STATUS","ORGANIC STATUS: (NOP USDA CERTIFIED)","988",""
"CENSUS","2011","YEAR","","STATE","MICHIGAN","26","","","","","","","00000000","","PEPPERS","PEPPERS, BELL, ORGANIC - PRODUCTION, MEASURED IN CWT","ORGANIC STATUS","ORGANIC STATUS: (NOP USDA CERTIFIED)","709",""
"CENSUS","2011","YEAR","","STATE","MINNESOTA","27","","","","","","","00000000","","PEPPERS","PEPPERS, BELL, ORGANIC - PRODUCTION, MEASURED IN CWT","ORGANIC STATUS","ORGANIC STATUS: (NOP USDA CERTIFIED)","123",""
"CENSUS","2011","YEAR","","STATE","MISSISSIPPI","28","","","","","","","00000000","","PEPPERS","PEPPERS, BELL, ORGANIC - PRODUCTION, MEASURED IN CWT","ORGANIC STATUS","ORGANIC STATUS: (NOP USDA CERTIFIED)"," (D)",""
"CENSUS","2011","YEAR","","STATE","MISSOURI","29","","","","","","","00000000","","PEPPERS","PEPPERS, BELL, ORGANIC - PRODUCTION, MEASURED IN CWT","ORGANIC STATUS","ORGANIC STATUS: (NOP USDA CERTIFIED)"," (D)",""
"CENSUS","2011","YEAR","","STATE","MONTANA","30","","","","","","","00000000","","PEPPERS","PEPPERS, BELL, ORGANIC - PRODUCTION, MEASURED IN CWT","ORGANIC STATUS","ORGANIC STATUS: (NOP USDA CERTIFIED)","9",""
"CENSUS","2011","YEAR","","STATE","NEBRASKA","31","","","","","","","00000000","","PEPPERS","PEPPERS, BELL, ORGANIC - PRODUCTION, MEASURED IN CWT","ORGANIC STATUS","ORGANIC STATUS: (NOP USDA CERTIFIED)"," (D)",""
"CENSUS","2011","YEAR","","STATE","NEVADA","32","","","","","","","00000000","","PEPPERS","PEPPERS, BELL, ORGANIC - PRODUCTION, MEASURED IN CWT","ORGANIC STATUS","ORGANIC STATUS: (NOP USDA CERTIFIED)","10",""
"CENSUS","2011","YEAR","","STATE","NEW HAMPSHIRE","33","","","","","","","00000000","","PEPPERS","PEPPERS, BELL, ORGANIC - PRODUCTION, MEASURED IN CWT","ORGANIC STATUS","ORGANIC STATUS: (NOP USDA CERTIFIED)","447",""
"CENSUS","2011","YEAR","","STATE","NEW JERSEY","34","","","","","","","00000000","","PEPPERS","PEPPERS, BELL, ORGANIC - PRODUCTION, MEASURED IN CWT","ORGANIC STATUS","ORGANIC STATUS: (NOP USDA CERTIFIED)","2,463",""
"CENSUS","2011","YEAR","","STATE","NEW MEXICO","35","","","","","","","00000000","","PEPPERS","PEPPERS, BELL, ORGANIC - PRODUCTION, MEASURED IN CWT","ORGANIC STATUS","ORGANIC STATUS: (NOP USDA CERTIFIED)","217",""
"CENSUS","2011","YEAR","","STATE","NEW YORK","36","","","","","","","00000000","","PEPPERS","PEPPERS, BELL, ORGANIC - PRODUCTION, MEASURED IN CWT","ORGANIC STATUS","ORGANIC STATUS: (NOP USDA CERTIFIED)","671",""
"CENSUS","2011","YEAR","","STATE","NORTH CAROLINA","37","","","","","","","00000000","","PEPPERS","PEPPERS, BELL, ORGANIC - PRODUCTION, MEASURED IN CWT","ORGANIC STATUS","ORGANIC STATUS: (NOP USDA CERTIFIED)","1,564",""
"CENSUS","2011","YEAR","","STATE","NORTH DAKOTA","38","","","","","","","00000000","","PEPPERS","PEPPERS, BELL, ORGANIC - PRODUCTION, MEASURED IN CWT","ORGANIC STATUS","ORGANIC STATUS: (NOP USDA CERTIFIED)","30",""
"CENSUS","2011","YEAR","","STATE","OHIO","39","","","","","","","00000000","","PEPPERS","PEPPERS, BELL, ORGANIC - PRODUCTION, MEASURED IN CWT","ORGANIC STATUS","ORGANIC STATUS: (NOP USDA CERTIFIED)","225",""
"CENSUS","2011","YEAR","","STATE","OKLAHOMA","40","","","","","","","00000000","","PEPPERS","PEPPERS, BELL, ORGANIC - PRODUCTION, MEASURED IN CWT","ORGANIC STATUS","ORGANIC STATUS: (NOP USDA CERTIFIED)","85",""
"CENSUS","2011","YEAR","","STATE","OREGON","41","","","","","","","00000000","","PEPPERS","PEPPERS, BELL, ORGANIC - PRODUCTION, MEASURED IN CWT","ORGANIC STATUS","ORGANIC STATUS: (NOP USDA CERTIFIED)","3,991",""
"CENSUS","2011","YEAR","","STATE","PENNSYLVANIA","42","","","","","","","00000000","","PEPPERS","PEPPERS, BELL, ORGANIC - PRODUCTION, MEASURED IN CWT","ORGANIC STATUS","ORGANIC STATUS: (NOP USDA CERTIFIED)","1,656",""
"CENSUS","2011","YEAR","","STATE","RHODE ISLAND","44","","","","","","","00000000","","PEPPERS","PEPPERS, BELL, ORGANIC - PRODUCTION, MEASURED IN CWT","ORGANIC STATUS","ORGANIC STATUS: (NOP USDA CERTIFIED)"," (D)",""
"CENSUS","2011","YEAR","","STATE","SOUTH CAROLINA","45","","","","","","","00000000","","PEPPERS","PEPPERS, BELL, ORGANIC - PRODUCTION, MEASURED IN CWT","ORGANIC STATUS","ORGANIC STATUS: (NOP USDA CERTIFIED)"," (D)",""
"CENSUS","2011","YEAR","","STATE","TENNESSEE","47","","","","","","","00000000","","PEPPERS","PEPPERS, BELL, ORGANIC - PRODUCTION, MEASURED IN CWT","ORGANIC STATUS","ORGANIC STATUS: (NOP USDA CERTIFIED)","181",""
"CENSUS","2011","YEAR","","STATE","TEXAS","48","","","","","","","00000000","","PEPPERS","PEPPERS, BELL, ORGANIC - PRODUCTION, MEASURED IN CWT","ORGANIC STATUS","ORGANIC STATUS: (NOP USDA CERTIFIED)","199",""
"CENSUS","2011","YEAR","","STATE","VERMONT","50","","","","","","","00000000","","PEPPERS","PEPPERS, BELL, ORGANIC - PRODUCTION, MEASURED IN CWT","ORGANIC STATUS","ORGANIC STATUS: (NOP USDA CERTIFIED)","630",""
"CENSUS","2011","YEAR","","STATE","VIRGINIA","51","","","","","","","00000000","","PEPPERS","PEPPERS, BELL, ORGANIC - PRODUCTION, MEASURED IN CWT","ORGANIC STATUS","ORGANIC STATUS: (NOP USDA CERTIFIED)","195",""
"CENSUS","2011","YEAR","","STATE","WASHINGTON","53","","","","","","","00000000","","PEPPERS","PEPPERS, BELL, ORGANIC - PRODUCTION, MEASURED IN CWT","ORGANIC STATUS","ORGANIC STATUS: (NOP USDA CERTIFIED)","1,912",""
"CENSUS","2011","YEAR","","STATE","WEST VIRGINIA","54","","","","","","","00000000","","PEPPERS","PEPPERS, BELL, ORGANIC - PRODUCTION, MEASURED IN CWT","ORGANIC STATUS","ORGANIC STATUS: (NOP USDA CERTIFIED)"," (D)",""
"CENSUS","2011","YEAR","","STATE","WISCONSIN","55","","","","","","","00000000","","PEPPERS","PEPPERS, BELL, ORGANIC - PRODUCTION, MEASURED IN CWT","ORGANIC STATUS","ORGANIC STATUS: (NOP USDA CERTIFIED)","1,106",""
"CENSUS","2009","YEAR","","STATE","ALASKA","02","","","","","","","00000000","","PEPPERS","PEPPERS, UNDER PROTECTION - PRODUCTION, MEASURED IN CWT","TOTAL","NOT SPECIFIED"," (D)",""
"CENSUS","2009","YEAR","","STATE","ARIZONA","04","","","","","","","00000000","","PEPPERS","PEPPERS, UNDER PROTECTION - PRODUCTION, MEASURED IN CWT","TOTAL","NOT SPECIFIED"," (D)",""
"CENSUS","2009","YEAR","","STATE","ARIZONA","04","","","","","","","00000000","","PEPPERS","PEPPERS, UNDER PROTECTION, FROM HYDROPONIC SYSTEMS - PRODUCTION, MEASURED IN CWT","TOTAL","NOT SPECIFIED"," (D)",""
"CENSUS","2009","YEAR","","STATE","ARKANSAS","05","","","","","","","00000000","","PEPPERS","PEPPERS, UNDER PROTECTION - PRODUCTION, MEASURED IN CWT","TOTAL","NOT SPECIFIED"," (D)",""
"CENSUS","2009","YEAR","","STATE","CALIFORNIA","06","","","","","","","00000000","","PEPPERS","PEPPERS, UNDER PROTECTION - PRODUCTION, MEASURED IN CWT","TOTAL","NOT SPECIFIED","6,857",""
"CENSUS","2009","YEAR","","STATE","CALIFORNIA","06","","","","","","","00000000","","PEPPERS","PEPPERS, UNDER PROTECTION, FROM HYDROPONIC SYSTEMS - PRODUCTION, MEASURED IN CWT","TOTAL","NOT SPECIFIED","32",""
"CENSUS","2009","YEAR","","STATE","COLORADO","08","","","","","","","00000000","","PEPPERS","PEPPERS, UNDER PROTECTION - PRODUCTION, MEASURED IN CWT","TOTAL","NOT SPECIFIED"," (D)",""
"CENSUS","2009","YEAR","","STATE","CONNECTICUT","09","","","","","","","00000000","","PEPPERS","PEPPERS, UNDER PROTECTION - PRODUCTION, MEASURED IN CWT","TOTAL","NOT SPECIFIED"," (D)",""
"CENSUS","2009","YEAR","","STATE","CONNECTICUT","09","","","","","","","00000000","","PEPPERS","PEPPERS, UNDER PROTECTION, FROM HYDROPONIC SYSTEMS - PRODUCTION, MEASURED IN CWT","TOTAL","NOT SPECIFIED"," (D)",""
"CENSUS","2009","YEAR","","STATE","FLORIDA","12","","","","","","","00000000","","PEPPERS","PEPPERS, UNDER PROTECTION - PRODUCTION, MEASURED IN CWT","TOTAL","NOT SPECIFIED"," (D)",""
"CENSUS","2009","YEAR","","STATE","GEORGIA","13","","","","","","","00000000","","PEPPERS","PEPPERS, UNDER PROTECTION - PRODUCTION, MEASURED IN CWT","TOTAL","NOT SPECIFIED","31",""
"CENSUS","2009","YEAR","","STATE","IDAHO","16","","","","","","","00000000","","PEPPERS","PEPPERS, UNDER PROTECTION - PRODUCTION, MEASURED IN CWT","TOTAL","NOT SPECIFIED","20",""
"CENSUS","2009","YEAR","","STATE","ILLINOIS","17","","","","","","","00000000","","PEPPERS","PEPPERS, UNDER PROTECTION - PRODUCTION, MEASURED IN CWT","TOTAL","NOT SPECIFIED"," (D)",""
"CENSUS","2009","YEAR","","STATE","ILLINOIS","17","","","","","","","00000000","","PEPPERS","PEPPERS, UNDER PROTECTION, FROM HYDROPONIC SYSTEMS - PRODUCTION, MEASURED IN CWT","TOTAL","NOT SPECIFIED"," (D)",""
"CENSUS","2009","YEAR","","STATE","INDIANA","18","","","","","","","00000000","","PEPPERS","PEPPERS, UNDER PROTECTION - PRODUCTION, MEASURED IN CWT","TOTAL","NOT SPECIFIED","17",""
"CENSUS","2009","YEAR","","STATE","IOWA","19","","","","","","","00000000","","PEPPERS","PEPPERS, UNDER PROTECTION - PRODUCTION, MEASURED IN CWT","TOTAL","NOT SPECIFIED"," (D)",""
"CENSUS","2009","YEAR","","STATE","KANSAS","20","","","","","","","00000000","","PEPPERS","PEPPERS, UNDER PROTECTION - PRODUCTION, MEASURED IN CWT","TOTAL","NOT SPECIFIED"," (D)",""
"CENSUS","2009","YEAR","","STATE","KENTUCKY","21","","","","","","","00000000","","PEPPERS","PEPPERS, UNDER PROTECTION - PRODUCTION, MEASURED IN CWT","TOTAL","NOT SPECIFIED"," (D)",""
"CENSUS","2009","YEAR","","STATE","LOUISIANA","22","","","","","","","00000000","","PEPPERS","PEPPERS, UNDER PROTECTION - PRODUCTION, MEASURED IN CWT","TOTAL","NOT SPECIFIED"," (D)",""
"CENSUS","2009","YEAR","","STATE","MAINE","23","","","","","","","00000000","","PEPPERS","PEPPERS, UNDER PROTECTION - PRODUCTION, MEASURED IN CWT","TOTAL","NOT SPECIFIED","13",""
"CENSUS","2009","YEAR","","STATE","MARYLAND","24","","","","","","","00000000","","PEPPERS","PEPPERS, UNDER PROTECTION - PRODUCTION, MEASURED IN CWT","TOTAL","NOT SPECIFIED"," (D)",""
"CENSUS","2009","YEAR","","STATE","MARYLAND","24","","","","","","","00000000","","PEPPERS","PEPPERS, UNDER PROTECTION, FROM HYDROPONIC SYSTEMS - PRODUCTION, MEASURED IN CWT","TOTAL","NOT SPECIFIED"," (D)",""
"CENSUS","2009","YEAR","","STATE","MASSACHUSETTS","25","","","","","","","00000000","","PEPPERS","PEPPERS, UNDER PROTECTION - PRODUCTION, MEASURED IN CWT","TOTAL","NOT SPECIFIED","193",""
"CENSUS","2009","YEAR","","STATE","MICHIGAN","26","","","","","","","00000000","","PEPPERS","PEPPERS, UNDER PROTECTION - PRODUCTION, MEASURED IN CWT","TOTAL","NOT SPECIFIED","267",""
"CENSUS","2009","YEAR","","STATE","MINNESOTA","27","","","","","","","00000000","","PEPPERS","PEPPERS, UNDER PROTECTION - PRODUCTION, MEASURED IN CWT","TOTAL","NOT SPECIFIED"," (D)",""
"CENSUS","2009","YEAR","","STATE","MINNESOTA","27","","","","","","","00000000","","PEPPERS","PEPPERS, UNDER PROTECTION, FROM HYDROPONIC SYSTEMS - PRODUCTION, MEASURED IN CWT","TOTAL","NOT SPECIFIED"," (D)",""
"CENSUS","2009","YEAR","","STATE","MISSOURI","29","","","","","","","00000000","","PEPPERS","PEPPERS, UNDER PROTECTION - PRODUCTION, MEASURED IN CWT","TOTAL","NOT SPECIFIED"," (D)",""
"CENSUS","2009","YEAR","","STATE","MONTANA","30","","","","","","","00000000","","PEPPERS","PEPPERS, UNDER PROTECTION - PRODUCTION, MEASURED IN CWT","TOTAL","NOT SPECIFIED","6",""
"CENSUS","2009","YEAR","","STATE","NEBRASKA","31","","","","","","","00000000","","PEPPERS","PEPPERS, UNDER PROTECTION - PRODUCTION, MEASURED IN CWT","TOTAL","NOT SPECIFIED","87",""
"CENSUS","2009","YEAR","","STATE","NEW HAMPSHIRE","33","","","","","","","00000000","","PEPPERS","PEPPERS, UNDER PROTECTION - PRODUCTION, MEASURED IN CWT","TOTAL","NOT SPECIFIED","87",""
"CENSUS","2009","YEAR","","STATE","NEW MEXICO","35","","","","","","","00000000","","PEPPERS","PEPPERS, UNDER PROTECTION - PRODUCTION, MEASURED IN CWT","TOTAL","NOT SPECIFIED"," (D)",""
"CENSUS","2009","YEAR","","STATE","NEW YORK","36","","","","","","","00000000","","PEPPERS","PEPPERS, UNDER PROTECTION - PRODUCTION, MEASURED IN CWT","TOTAL","NOT SPECIFIED"," (D)",""
"CENSUS","2009","YEAR","","STATE","NEW YORK","36","","","","","","","00000000","","PEPPERS","PEPPERS, UNDER PROTECTION, FROM HYDROPONIC SYSTEMS - PRODUCTION, MEASURED IN CWT","TOTAL","NOT SPECIFIED"," (D)",""
"CENSUS","2009","YEAR","","STATE","NORTH CAROLINA","37","","","","","","","00000000","","PEPPERS","PEPPERS, UNDER PROTECTION - PRODUCTION, MEASURED IN CWT","TOTAL","NOT SPECIFIED"," (D)",""
"CENSUS","2009","YEAR","","STATE","NORTH CAROLINA","37","","","","","","","00000000","","PEPPERS","PEPPERS, UNDER PROTECTION, FROM HYDROPONIC SYSTEMS - PRODUCTION, MEASURED IN CWT","TOTAL","NOT SPECIFIED"," (D)",""
"CENSUS","2009","YEAR","","STATE","NORTH DAKOTA","38","","","","","","","00000000","","PEPPERS","PEPPERS, UNDER PROTECTION - PRODUCTION, MEASURED IN CWT","TOTAL","NOT SPECIFIED"," (D)",""
"CENSUS","2009","YEAR","","STATE","OHIO","39","","","","","","","00000000","","PEPPERS","PEPPERS, UNDER PROTECTION - PRODUCTION, MEASURED IN CWT","TOTAL","NOT SPECIFIED"," (D)",""
"CENSUS","2009","YEAR","","STATE","OKLAHOMA","40","","","","","","","00000000","","PEPPERS","PEPPERS, UNDER PROTECTION - PRODUCTION, MEASURED IN CWT","TOTAL","NOT SPECIFIED"," (D)",""
"CENSUS","2009","YEAR","","STATE","OREGON","41","","","","","","","00000000","","PEPPERS","PEPPERS, UNDER PROTECTION - PRODUCTION, MEASURED IN CWT","TOTAL","NOT SPECIFIED"," (D)",""
"CENSUS","2009","YEAR","","STATE","OREGON","41","","","","","","","00000000","","PEPPERS","PEPPERS, UNDER PROTECTION, FROM HYDROPONIC SYSTEMS - PRODUCTION, MEASURED IN CWT","TOTAL","NOT SPECIFIED"," (D)",""
"CENSUS","2009","YEAR","","STATE","PENNSYLVANIA","42","","","","","","","00000000","","PEPPERS","PEPPERS, UNDER PROTECTION - PRODUCTION, MEASURED IN CWT","TOTAL","NOT SPECIFIED"," (D)",""
"CENSUS","2009","YEAR","","STATE","SOUTH CAROLINA","45","","","","","","","00000000","","PEPPERS","PEPPERS, UNDER PROTECTION - PRODUCTION, MEASURED IN CWT","TOTAL","NOT SPECIFIED"," (D)",""
"CENSUS","2009","YEAR","","STATE","TENNESSEE","47","","","","","","","00000000","","PEPPERS","PEPPERS, UNDER PROTECTION - PRODUCTION, MEASURED IN CWT","TOTAL","NOT SPECIFIED","22",""
"CENSUS","2009","YEAR","","STATE","TEXAS","48","","","","","","","00000000","","PEPPERS","PEPPERS, UNDER PROTECTION - PRODUCTION, MEASURED IN CWT","TOTAL","NOT SPECIFIED"," (D)",""
"CENSUS","2009","YEAR","","STATE","UTAH","49","","","","","","","00000000","","PEPPERS","PEPPERS, UNDER PROTECTION - PRODUCTION, MEASURED IN CWT","TOTAL","NOT SPECIFIED"," (D)",""
"CENSUS","2009","YEAR","","STATE","VERMONT","50","","","","","","","00000000","","PEPPERS","PEPPERS, UNDER PROTECTION - PRODUCTION, MEASURED IN CWT","TOTAL","NOT SPECIFIED","232",""
"CENSUS","2009","YEAR","","STATE","VIRGINIA","51","","","","","","","00000000","","PEPPERS","PEPPERS, UNDER PROTECTION - PRODUCTION, MEASURED IN CWT","TOTAL","NOT SPECIFIED"," (D)",""
"CENSUS","2009","YEAR","","STATE","VIRGINIA","51","","","","","","","00000000","","PEPPERS","PEPPERS, UNDER PROTECTION, FROM HYDROPONIC SYSTEMS - PRODUCTION, MEASURED IN CWT","TOTAL","NOT SPECIFIED"," (D)",""
"CENSUS","2009","YEAR","","STATE","WASHINGTON","53","","","","","","","00000000","","PEPPERS","PEPPERS, UNDER PROTECTION - PRODUCTION, MEASURED IN CWT","TOTAL","NOT SPECIFIED"," (D)",""
"CENSUS","2009","YEAR","","STATE","WASHINGTON","53","","","","","","","00000000","","PEPPERS","PEPPERS, UNDER PROTECTION, FROM HYDROPONIC SYSTEMS - PRODUCTION, MEASURED IN CWT","TOTAL","NOT SPECIFIED"," (D)",""
"CENSUS","2009","YEAR","","STATE","WEST VIRGINIA","54","","","","","","","00000000","","PEPPERS","PEPPERS, UNDER PROTECTION - PRODUCTION, MEASURED IN CWT","TOTAL","NOT SPECIFIED"," (D)",""
"CENSUS","2009","YEAR","","STATE","WISCONSIN","55","","","","","","","00000000","","PEPPERS","PEPPERS, UNDER PROTECTION - PRODUCTION, MEASURED IN CWT","TOTAL","NOT SPECIFIED"," (D)",""
"CENSUS","2009","YEAR","","STATE","WISCONSIN","55","","","","","","","00000000","","PEPPERS","PEPPERS, UNDER PROTECTION, FROM HYDROPONIC SYSTEMS - PRODUCTION, MEASURED IN CWT","TOTAL","NOT SPECIFIED"," (D)",""
"CENSUS","2009","YEAR","","STATE","WYOMING","56","","","","","","","00000000","","PEPPERS","PEPPERS, UNDER PROTECTION - PRODUCTION, MEASURED IN CWT","TOTAL","NOT SPECIFIED"," (D)",""
"CENSUS","2008","YEAR","","STATE","ALABAMA","01","","","","","","","00000000","","PEPPERS","PEPPERS, BELL, ORGANIC - PRODUCTION, MEASURED IN CWT","ORGANIC STATUS","ORGANIC STATUS: (NOP USDA CERTIFIED & EXEMPT)"," (D)",""
"CENSUS","2008","YEAR","","STATE","ALABAMA","01","","","","","","","00000000","","PEPPERS","PEPPERS, BELL, ORGANIC - PRODUCTION, MEASURED IN CWT","ORGANIC STATUS","ORGANIC STATUS: (NOP USDA CERTIFIED)"," (D)",""
"CENSUS","2008","YEAR","","STATE","ALABAMA","01","","","","","","","00000000","","PEPPERS","PEPPERS, BELL, ORGANIC - PRODUCTION, MEASURED IN CWT","ORGANIC STATUS","ORGANIC STATUS: (NOP USDA EXEMPT)"," (D)",""
"CENSUS","2008","YEAR","","STATE","ARIZONA","04","","","","","","","00000000","","PEPPERS","PEPPERS, BELL, ORGANIC - PRODUCTION, MEASURED IN CWT","ORGANIC STATUS","ORGANIC STATUS: (NOP USDA CERTIFIED & EXEMPT)"," (D)",""
"CENSUS","2008","YEAR","","STATE","ARIZONA","04","","","","","","","00000000","","PEPPERS","PEPPERS, BELL, ORGANIC - PRODUCTION, MEASURED IN CWT","ORGANIC STATUS","ORGANIC STATUS: (NOP USDA CERTIFIED)"," (D)",""
"CENSUS","2008","YEAR","","STATE","ARKANSAS","05","","","","","","","00000000","","PEPPERS","PEPPERS, BELL, ORGANIC - PRODUCTION, MEASURED IN CWT","ORGANIC STATUS","ORGANIC STATUS: (NOP USDA CERTIFIED & EXEMPT)"," (D)",""
"CENSUS","2008","YEAR","","STATE","ARKANSAS","05","","","","","","","00000000","","PEPPERS","PEPPERS, BELL, ORGANIC - PRODUCTION, MEASURED IN CWT","ORGANIC STATUS","ORGANIC STATUS: (NOP USDA CERTIFIED)"," (D)",""
"CENSUS","2008","YEAR","","STATE","ARKANSAS","05","","","","","","","00000000","","PEPPERS","PEPPERS, BELL, ORGANIC - PRODUCTION, MEASURED IN CWT","ORGANIC STATUS","ORGANIC STATUS: (NOP USDA EXEMPT)"," (D)",""
"CENSUS","2008","YEAR","","STATE","CALIFORNIA","06","","","","","","","00000000","","PEPPERS","PEPPERS, BELL, ORGANIC - PRODUCTION, MEASURED IN CWT","ORGANIC STATUS","ORGANIC STATUS: (NOP USDA CERTIFIED & EXEMPT)","77,222",""
"CENSUS","2008","YEAR","","STATE","CALIFORNIA","06","","","","","","","00000000","","PEPPERS","PEPPERS, BELL, ORGANIC - PRODUCTION, MEASURED IN CWT","ORGANIC STATUS","ORGANIC STATUS: (NOP USDA CERTIFIED)","76,877",""
"CENSUS","2008","YEAR","","STATE","CALIFORNIA","06","","","","","","","00000000","","PEPPERS","PEPPERS, BELL, ORGANIC - PRODUCTION, MEASURED IN CWT","ORGANIC STATUS","ORGANIC STATUS: (NOP USDA EXEMPT)","344",""
"CENSUS","2008","YEAR","","STATE","COLORADO","08","","","","","","","00000000","","PEPPERS","PEPPERS, BELL, ORGANIC - PRODUCTION, MEASURED IN CWT","ORGANIC STATUS","ORGANIC STATUS: (NOP USDA CERTIFIED & EXEMPT)","1,883",""
"CENSUS","2008","YEAR","","STATE","COLORADO","08","","","","","","","00000000","","PEPPERS","PEPPERS, BELL, ORGANIC - PRODUCTION, MEASURED IN CWT","ORGANIC STATUS","ORGANIC STATUS: (NOP USDA CERTIFIED)"," (D)",""
"CENSUS","2008","YEAR","","STATE","COLORADO","08","","","","","","","00000000","","PEPPERS","PEPPERS, BELL, ORGANIC - PRODUCTION, MEASURED IN CWT","ORGANIC STATUS","ORGANIC STATUS: (NOP USDA EXEMPT)"," (D)",""
"CENSUS","2008","YEAR","","STATE","CONNECTICUT","09","","","","","","","00000000","","PEPPERS","PEPPERS, BELL, ORGANIC - PRODUCTION, MEASURED IN CWT","ORGANIC STATUS","ORGANIC STATUS: (NOP USDA CERTIFIED & EXEMPT)","132",""
"CENSUS","2008","YEAR","","STATE","CONNECTICUT","09","","","","","","","00000000","","PEPPERS","PEPPERS, BELL, ORGANIC - PRODUCTION, MEASURED IN CWT","ORGANIC STATUS","ORGANIC STATUS: (NOP USDA CERTIFIED)","123",""
"CENSUS","2008","YEAR","","STATE","CONNECTICUT","09","","","","","","","00000000","","PEPPERS","PEPPERS, BELL, ORGANIC - PRODUCTION, MEASURED IN CWT","ORGANIC STATUS","ORGANIC STATUS: (NOP USDA EXEMPT)","9",""
"CENSUS","2008","YEAR","","STATE","DELAWARE","10","","","","","","","00000000","","PEPPERS","PEPPERS, BELL, ORGANIC - PRODUCTION, MEASURED IN CWT","ORGANIC STATUS","ORGANIC STATUS: (NOP USDA CERTIFIED & EXEMPT)"," (D)",""
"CENSUS","2008","YEAR","","STATE","DELAWARE","10","","","","","","","00000000","","PEPPERS","PEPPERS, BELL, ORGANIC - PRODUCTION, MEASURED IN CWT","ORGANIC STATUS","ORGANIC STATUS: (NOP USDA CERTIFIED)"," (D)",""
"CENSUS","2008","YEAR","","STATE","FLORIDA","12","","","","","","","00000000","","PEPPERS","PEPPERS, BELL, ORGANIC - PRODUCTION, MEASURED IN CWT","ORGANIC STATUS","ORGANIC STATUS: (NOP USDA CERTIFIED & EXEMPT)"," (D)",""
"CENSUS","2008","YEAR","","STATE","FLORIDA","12","","","","","","","00000000","","PEPPERS","PEPPERS, BELL, ORGANIC - PRODUCTION, MEASURED IN CWT","ORGANIC STATUS","ORGANIC STATUS: (NOP USDA CERTIFIED)"," (D)",""
"CENSUS","2008","YEAR","","STATE","FLORIDA","12","","","","","","","00000000","","PEPPERS","PEPPERS, BELL, ORGANIC - PRODUCTION, MEASURED IN CWT","ORGANIC STATUS","ORGANIC STATUS: (NOP USDA EXEMPT)"," (D)",""
"CENSUS","2008","YEAR","","STATE","GEORGIA","13","","","","","","","00000000","","PEPPERS","PEPPERS, BELL, ORGANIC - PRODUCTION, MEASURED IN CWT","ORGANIC STATUS","ORGANIC STATUS: (NOP USDA CERTIFIED & EXEMPT)","585",""
"CENSUS","2008","YEAR","","STATE","GEORGIA","13","","","","","","","00000000","","PEPPERS","PEPPERS, BELL, ORGANIC - PRODUCTION, MEASURED IN CWT","ORGANIC STATUS","ORGANIC STATUS: (NOP USDA CERTIFIED)","158",""
"CENSUS","2008","YEAR","","STATE","GEORGIA","13","","","","","","","00000000","","PEPPERS","PEPPERS, BELL, ORGANIC - PRODUCTION, MEASURED IN CWT","ORGANIC STATUS","ORGANIC STATUS: (NOP USDA EXEMPT)","427",""
"CENSUS","2008","YEAR","","STATE","HAWAII","15","","","","","","","00000000","","PEPPERS","PEPPERS, BELL, ORGANIC - PRODUCTION, MEASURED IN CWT","ORGANIC STATUS","ORGANIC STATUS: (NOP USDA CERTIFIED & EXEMPT)"," (D)",""
"CENSUS","2008","YEAR","","STATE","HAWAII","15","","","","","","","00000000","","PEPPERS","PEPPERS, BELL, ORGANIC - PRODUCTION, MEASURED IN CWT","ORGANIC STATUS","ORGANIC STATUS: (NOP USDA EXEMPT)"," (D)",""
"CENSUS","2008","YEAR","","STATE","IDAHO","16","","","","","","","00000000","","PEPPERS","PEPPERS, BELL, ORGANIC - PRODUCTION, MEASURED IN CWT","ORGANIC STATUS","ORGANIC STATUS: (NOP USDA CERTIFIED & EXEMPT)","64",""
"CENSUS","2008","YEAR","","STATE","IDAHO","16","","","","","","","00000000","","PEPPERS","PEPPERS, BELL, ORGANIC - PRODUCTION, MEASURED IN CWT","ORGANIC STATUS","ORGANIC STATUS: (NOP USDA CERTIFIED)"," (D)",""
"CENSUS","2008","YEAR","","STATE","IDAHO","16","","","","","","","00000000","","PEPPERS","PEPPERS, BELL, ORGANIC - PRODUCTION, MEASURED IN CWT","ORGANIC STATUS","ORGANIC STATUS: (NOP USDA EXEMPT)"," (D)",""
"CENSUS","2008","YEAR","","STATE","ILLINOIS","17","","","","","","","00000000","","PEPPERS","PEPPERS, BELL, ORGANIC - PRODUCTION, MEASURED IN CWT","ORGANIC STATUS","ORGANIC STATUS: (NOP USDA CERTIFIED & EXEMPT)","61",""
"CENSUS","2008","YEAR","","STATE","ILLINOIS","17","","","","","","","00000000","","PEPPERS","PEPPERS, BELL, ORGANIC - PRODUCTION, MEASURED IN CWT","ORGANIC STATUS","ORGANIC STATUS: (NOP USDA CERTIFIED)","36",""
"CENSUS","2008","YEAR","","STATE","ILLINOIS","17","","","","","","","00000000","","PEPPERS","PEPPERS, BELL, ORGANIC - PRODUCTION, MEASURED IN CWT","ORGANIC STATUS","ORGANIC STATUS: (NOP USDA EXEMPT)","25",""
"CENSUS","2008","YEAR","","STATE","INDIANA","18","","","","","","","00000000","","PEPPERS","PEPPERS, BELL, ORGANIC - PRODUCTION, MEASURED IN CWT","ORGANIC STATUS","ORGANIC STATUS: (NOP USDA CERTIFIED & EXEMPT)","1,973",""
"CENSUS","2008","YEAR","","STATE","INDIANA","18","","","","","","","00000000","","PEPPERS","PEPPERS, BELL, ORGANIC - PRODUCTION, MEASURED IN CWT","ORGANIC STATUS","ORGANIC STATUS: (NOP USDA CERTIFIED)","607",""
"CENSUS","2008","YEAR","","STATE","INDIANA","18","","","","","","","00000000","","PEPPERS","PEPPERS, BELL, ORGANIC - PRODUCTION, MEASURED IN CWT","ORGANIC STATUS","ORGANIC STATUS: (NOP USDA EXEMPT)","1,366",""
"CENSUS","2008","YEAR","","STATE","IOWA","19","","","","","","","00000000","","PEPPERS","PEPPERS, BELL, ORGANIC - PRODUCTION, MEASURED IN CWT","ORGANIC STATUS","ORGANIC STATUS: (NOP USDA CERTIFIED & EXEMPT)","1,091",""
"CENSUS","2008","YEAR","","STATE","IOWA","19","","","","","","","00000000","","PEPPERS","PEPPERS, BELL, ORGANIC - PRODUCTION, MEASURED IN CWT","ORGANIC STATUS","ORGANIC STATUS: (NOP USDA CERTIFIED)","414",""
"CENSUS","2008","YEAR","","STATE","IOWA","19","","","","","","","00000000","","PEPPERS","PEPPERS, BELL, ORGANIC - PRODUCTION, MEASURED IN CWT","ORGANIC STATUS","ORGANIC STATUS: (NOP USDA EXEMPT)","677",""
"CENSUS","2008","YEAR","","STATE","KANSAS","20","","","","","","","00000000","","PEPPERS","PEPPERS, BELL, ORGANIC - PRODUCTION, MEASURED IN CWT","ORGANIC STATUS","ORGANIC STATUS: (NOP USDA CERTIFIED & EXEMPT)","70",""
"CENSUS","2008","YEAR","","STATE","KANSAS","20","","","","","","","00000000","","PEPPERS","PEPPERS, BELL, ORGANIC - PRODUCTION, MEASURED IN CWT","ORGANIC STATUS","ORGANIC STATUS: (NOP USDA EXEMPT)","70",""
"CENSUS","2008","YEAR","","STATE","KENTUCKY","21","","","","","","","00000000","","PEPPERS","PEPPERS, BELL, ORGANIC - PRODUCTION, MEASURED IN CWT","ORGANIC STATUS","ORGANIC STATUS: (NOP USDA CERTIFIED & EXEMPT)","258",""
"CENSUS","2008","YEAR","","STATE","KENTUCKY","21","","","","","","","00000000","","PEPPERS","PEPPERS, BELL, ORGANIC - PRODUCTION, MEASURED IN CWT","ORGANIC STATUS","ORGANIC STATUS: (NOP USDA CERTIFIED)","233",""
"CENSUS","2008","YEAR","","STATE","KENTUCKY","21","","","","","","","00000000","","PEPPERS","PEPPERS, BELL, ORGANIC - PRODUCTION, MEASURED IN CWT","ORGANIC STATUS","ORGANIC STATUS: (NOP USDA EXEMPT)","25",""
"CENSUS","2008","YEAR","","STATE","LOUISIANA","22","","","","","","","00000000","","PEPPERS","PEPPERS, BELL, ORGANIC - PRODUCTION, MEASURED IN CWT","ORGANIC STATUS","ORGANIC STATUS: (NOP USDA CERTIFIED & EXEMPT)"," (D)",""
"CENSUS","2008","YEAR","","STATE","LOUISIANA","22","","","","","","","00000000","","PEPPERS","PEPPERS, BELL, ORGANIC - PRODUCTION, MEASURED IN CWT","ORGANIC STATUS","ORGANIC STATUS: (NOP USDA EXEMPT)"," (D)",""
"CENSUS","2008","YEAR","","STATE","MAINE","23","","","","","","","00000000","","PEPPERS","PEPPERS, BELL, ORGANIC - PRODUCTION, MEASURED IN CWT","ORGANIC STATUS","ORGANIC STATUS: (NOP USDA CERTIFIED & EXEMPT)","127",""
"CENSUS","2008","YEAR","","STATE","MAINE","23","","","","","","","00000000","","PEPPERS","PEPPERS, BELL, ORGANIC - PRODUCTION, MEASURED IN CWT","ORGANIC STATUS","ORGANIC STATUS: (NOP USDA CERTIFIED)","94",""
"CENSUS","2008","YEAR","","STATE","MAINE","23","","","","","","","00000000","","PEPPERS","PEPPERS, BELL, ORGANIC - PRODUCTION, MEASURED IN CWT","ORGANIC STATUS","ORGANIC STATUS: (NOP USDA EXEMPT)","33",""
"CENSUS","2008","YEAR","","STATE","MARYLAND","24","","","","","","","00000000","","PEPPERS","PEPPERS, BELL, ORGANIC - PRODUCTION, MEASURED IN CWT","ORGANIC STATUS","ORGANIC STATUS: (NOP USDA CERTIFIED & EXEMPT)","1,253",""
"CENSUS","2008","YEAR","","STATE","MARYLAND","24","","","","","","","00000000","","PEPPERS","PEPPERS, BELL, ORGANIC - PRODUCTION, MEASURED IN CWT","ORGANIC STATUS","ORGANIC STATUS: (NOP USDA CERTIFIED)"," (D)",""
"CENSUS","2008","YEAR","","STATE","MARYLAND","24","","","","","","","00000000","","PEPPERS","PEPPERS, BELL, ORGANIC - PRODUCTION, MEASURED IN CWT","ORGANIC STATUS","ORGANIC STATUS: (NOP USDA EXEMPT)"," (D)",""
"CENSUS","2008","YEAR","","STATE","MASSACHUSETTS","25","","","","","","","00000000","","PEPPERS","PEPPERS, BELL, ORGANIC - PRODUCTION, MEASURED IN CWT","ORGANIC STATUS","ORGANIC STATUS: (NOP USDA CERTIFIED & EXEMPT)","1,356",""
"CENSUS","2008","YEAR","","STATE","MASSACHUSETTS","25","","","","","","","00000000","","PEPPERS","PEPPERS, BELL, ORGANIC - PRODUCTION, MEASURED IN CWT","ORGANIC STATUS","ORGANIC STATUS: (NOP USDA CERTIFIED)","1,326",""
"CENSUS","2008","YEAR","","STATE","MASSACHUSETTS","25","","","","","","","00000000","","PEPPERS","PEPPERS, BELL, ORGANIC - PRODUCTION, MEASURED IN CWT","ORGANIC STATUS","ORGANIC STATUS: (NOP USDA EXEMPT)","31",""
"CENSUS","2008","YEAR","","STATE","MICHIGAN","26","","","","","","","00000000","","PEPPERS","PEPPERS, BELL, ORGANIC - PRODUCTION, MEASURED IN CWT","ORGANIC STATUS","ORGANIC STATUS: (NOP USDA CERTIFIED & EXEMPT)","250",""
"CENSUS","2008","YEAR","","STATE","MICHIGAN","26","","","","","","","00000000","","PEPPERS","PEPPERS, BELL, ORGANIC - PRODUCTION, MEASURED IN CWT","ORGANIC STATUS","ORGANIC STATUS: (NOP USDA CERTIFIED)","187",""
"CENSUS","2008","YEAR","","STATE","MICHIGAN","26","","","","","","","00000000","","PEPPERS","PEPPERS, BELL, ORGANIC - PRODUCTION, MEASURED IN CWT","ORGANIC STATUS","ORGANIC STATUS: (NOP USDA EXEMPT)","63",""
"CENSUS","2008","YEAR","","STATE","MINNESOTA","27","","","","","","","00000000","","PEPPERS","PEPPERS, BELL, ORGANIC - PRODUCTION, MEASURED IN CWT","ORGANIC STATUS","ORGANIC STATUS: (NOP USDA CERTIFIED & EXEMPT)","533",""
"CENSUS","2008","YEAR","","STATE","MINNESOTA","27","","","","","","","00000000","","PEPPERS","PEPPERS, BELL, ORGANIC - PRODUCTION, MEASURED IN CWT","ORGANIC STATUS","ORGANIC STATUS: (NOP USDA CERTIFIED)","508",""
"CENSUS","2008","YEAR","","STATE","MINNESOTA","27","","","","","","","00000000","","PEPPERS","PEPPERS, BELL, ORGANIC - PRODUCTION, MEASURED IN CWT","ORGANIC STATUS","ORGANIC STATUS: (NOP USDA EXEMPT)","25",""
"CENSUS","2008","YEAR","","STATE","MISSOURI","29","","","","","","","00000000","","PEPPERS","PEPPERS, BELL, ORGANIC - PRODUCTION, MEASURED IN CWT","ORGANIC STATUS","ORGANIC STATUS: (NOP USDA CERTIFIED & EXEMPT)","31",""
"CENSUS","2008","YEAR","","STATE","MISSOURI","29","","","","","","","00000000","","PEPPERS","PEPPERS, BELL, ORGANIC - PRODUCTION, MEASURED IN CWT","ORGANIC STATUS","ORGANIC STATUS: (NOP USDA CERTIFIED)","7",""
"CENSUS","2008","YEAR","","STATE","MISSOURI","29","","","","","","","00000000","","PEPPERS","PEPPERS, BELL, ORGANIC - PRODUCTION, MEASURED IN CWT","ORGANIC STATUS","ORGANIC STATUS: (NOP USDA EXEMPT)","25",""
"CENSUS","2008","YEAR","","STATE","MONTANA","30","","","","","","","00000000","","PEPPERS","PEPPERS, BELL, ORGANIC - PRODUCTION, MEASURED IN CWT","ORGANIC STATUS","ORGANIC STATUS: (NOP USDA CERTIFIED & EXEMPT)","26",""
"CENSUS","2008","YEAR","","STATE","MONTANA","30","","","","","","","00000000","","PEPPERS","PEPPERS, BELL, ORGANIC - PRODUCTION, MEASURED IN CWT","ORGANIC STATUS","ORGANIC STATUS: (NOP USDA CERTIFIED)","19",""
"CENSUS","2008","YEAR","","STATE","MONTANA","30","","","","","","","00000000","","PEPPERS","PEPPERS, BELL, ORGANIC - PRODUCTION, MEASURED IN CWT","ORGANIC STATUS","ORGANIC STATUS: (NOP USDA EXEMPT)","7",""
"CENSUS","2008","YEAR","","STATE","NEBRASKA","31","","","","","","","00000000","","PEPPERS","PEPPERS, BELL, ORGANIC - PRODUCTION, MEASURED IN CWT","ORGANIC STATUS","ORGANIC STATUS: (NOP USDA CERTIFIED & EXEMPT)","102",""
"CENSUS","2008","YEAR","","STATE","NEBRASKA","31","","","","","","","00000000","","PEPPERS","PEPPERS, BELL, ORGANIC - PRODUCTION, MEASURED IN CWT","ORGANIC STATUS","ORGANIC STATUS: (NOP USDA CERTIFIED)","69",""
"CENSUS","2008","YEAR","","STATE","NEBRASKA","31","","","","","","","00000000","","PEPPERS","PEPPERS, BELL, ORGANIC - PRODUCTION, MEASURED IN CWT","ORGANIC STATUS","ORGANIC STATUS: (NOP USDA EXEMPT)","34",""
"CENSUS","2008","YEAR","","STATE","NEVADA","32","","","","","","","00000000","","PEPPERS","PEPPERS, BELL, ORGANIC - PRODUCTION, MEASURED IN CWT","ORGANIC STATUS","ORGANIC STATUS: (NOP USDA CERTIFIED & EXEMPT)"," (D)",""
"CENSUS","2008","YEAR","","STATE","NEVADA","32","","","","","","","00000000","","PEPPERS","PEPPERS, BELL, ORGANIC - PRODUCTION, MEASURED IN CWT","ORGANIC STATUS","ORGANIC STATUS: (NOP USDA CERTIFIED)"," (D)",""
"CENSUS","2008","YEAR","","STATE","NEW HAMPSHIRE","33","","","","","","","00000000","","PEPPERS","PEPPERS, BELL, ORGANIC - PRODUCTION, MEASURED IN CWT","ORGANIC STATUS","ORGANIC STATUS: (NOP USDA CERTIFIED & EXEMPT)","62",""
"CENSUS","2008","YEAR","","STATE","NEW HAMPSHIRE","33","","","","","","","00000000","","PEPPERS","PEPPERS, BELL, ORGANIC - PRODUCTION, MEASURED IN CWT","ORGANIC STATUS","ORGANIC STATUS: (NOP USDA CERTIFIED)","51",""
"CENSUS","2008","YEAR","","STATE","NEW HAMPSHIRE","33","","","","","","","00000000","","PEPPERS","PEPPERS, BELL, ORGANIC - PRODUCTION, MEASURED IN CWT","ORGANIC STATUS","ORGANIC STATUS: (NOP USDA EXEMPT)","12",""
"CENSUS","2008","YEAR","","STATE","NEW JERSEY","34","","","","","","","00000000","","PEPPERS","PEPPERS, BELL, ORGANIC - PRODUCTION, MEASURED IN CWT","ORGANIC STATUS","ORGANIC STATUS: (NOP USDA CERTIFIED & EXEMPT)","2,769",""
"CENSUS","2008","YEAR","","STATE","NEW JERSEY","34","","","","","","","00000000","","PEPPERS","PEPPERS, BELL, ORGANIC - PRODUCTION, MEASURED IN CWT","ORGANIC STATUS","ORGANIC STATUS: (NOP USDA CERTIFIED)","2,147",""
"CENSUS","2008","YEAR","","STATE","NEW JERSEY","34","","","","","","","00000000","","PEPPERS","PEPPERS, BELL, ORGANIC - PRODUCTION, MEASURED IN CWT","ORGANIC STATUS","ORGANIC STATUS: (NOP USDA EXEMPT)","623",""
"CENSUS","2008","YEAR","","STATE","NEW MEXICO","35","","","","","","","00000000","","PEPPERS","PEPPERS, BELL, ORGANIC - PRODUCTION, MEASURED IN CWT","ORGANIC STATUS","ORGANIC STATUS: (NOP USDA CERTIFIED & EXEMPT)","160",""
"CENSUS","2008","YEAR","","STATE","NEW MEXICO","35","","","","","","","00000000","","PEPPERS","PEPPERS, BELL, ORGANIC - PRODUCTION, MEASURED IN CWT","ORGANIC STATUS","ORGANIC STATUS: (NOP USDA CERTIFIED)","160",""
"CENSUS","2008","YEAR","","STATE","NEW YORK","36","","","","","","","00000000","","PEPPERS","PEPPERS, BELL, ORGANIC - PRODUCTION, MEASURED IN CWT","ORGANIC STATUS","ORGANIC STATUS: (NOP USDA CERTIFIED & EXEMPT)","765",""
"CENSUS","2008","YEAR","","STATE","NEW YORK","36","","","","","","","00000000","","PEPPERS","PEPPERS, BELL, ORGANIC - PRODUCTION, MEASURED IN CWT","ORGANIC STATUS","ORGANIC STATUS: (NOP USDA CERTIFIED)","685",""
"CENSUS","2008","YEAR","","STATE","NEW YORK","36","","","","","","","00000000","","PEPPERS","PEPPERS, BELL, ORGANIC - PRODUCTION, MEASURED IN CWT","ORGANIC STATUS","ORGANIC STATUS: (NOP USDA EXEMPT)","80",""
"CENSUS","2008","YEAR","","STATE","NORTH CAROLINA","37","","","","","","","00000000","","PEPPERS","PEPPERS, BELL, ORGANIC - PRODUCTION, MEASURED IN CWT","ORGANIC STATUS","ORGANIC STATUS: (NOP USDA CERTIFIED & EXEMPT)","1,870",""
"CENSUS","2008","YEAR","","STATE","NORTH CAROLINA","37","","","","","","","00000000","","PEPPERS","PEPPERS, BELL, ORGANIC - PRODUCTION, MEASURED IN CWT","ORGANIC STATUS","ORGANIC STATUS: (NOP USDA CERTIFIED)","1,604",""
"CENSUS","2008","YEAR","","STATE","NORTH CAROLINA","37","","","","","","","00000000","","PEPPERS","PEPPERS, BELL, ORGANIC - PRODUCTION, MEASURED IN CWT","ORGANIC STATUS","ORGANIC STATUS: (NOP USDA EXEMPT)","266",""
"CENSUS","2008","YEAR","","STATE","OHIO","39","","","","","","","00000000","","PEPPERS","PEPPERS, BELL, ORGANIC - PRODUCTION, MEASURED IN CWT","ORGANIC STATUS","ORGANIC STATUS: (NOP USDA CERTIFIED & EXEMPT)","1,058",""
"CENSUS","2008","YEAR","","STATE","OHIO","39","","","","","","","00000000","","PEPPERS","PEPPERS, BELL, ORGANIC - PRODUCTION, MEASURED IN CWT","ORGANIC STATUS","ORGANIC STATUS: (NOP USDA CERTIFIED)","940",""
"CENSUS","2008","YEAR","","STATE","OHIO","39","","","","","","","00000000","","PEPPERS","PEPPERS, BELL, ORGANIC - PRODUCTION, MEASURED IN CWT","ORGANIC STATUS","ORGANIC STATUS: (NOP USDA EXEMPT)","118",""
"CENSUS","2008","YEAR","","STATE","OKLAHOMA","40","","","","","","","00000000","","PEPPERS","PEPPERS, BELL, ORGANIC - PRODUCTION, MEASURED IN CWT","ORGANIC STATUS","ORGANIC STATUS: (NOP USDA CERTIFIED & EXEMPT)","68",""
"CENSUS","2008","YEAR","","STATE","OKLAHOMA","40","","","","","","","00000000","","PEPPERS","PEPPERS, BELL, ORGANIC - PRODUCTION, MEASURED IN CWT","ORGANIC STATUS","ORGANIC STATUS: (NOP USDA CERTIFIED)"," (D)",""
"CENSUS","2008","YEAR","","STATE","OKLAHOMA","40","","","","","","","00000000","","PEPPERS","PEPPERS, BELL, ORGANIC - PRODUCTION, MEASURED IN CWT","ORGANIC STATUS","ORGANIC STATUS: (NOP USDA EXEMPT)"," (D)",""
"CENSUS","2008","YEAR","","STATE","OREGON","41","","","","","","","00000000","","PEPPERS","PEPPERS, BELL, ORGANIC - PRODUCTION, MEASURED IN CWT","ORGANIC STATUS","ORGANIC STATUS: (NOP USDA CERTIFIED & EXEMPT)","503",""
"CENSUS","2008","YEAR","","STATE","OREGON","41","","","","","","","00000000","","PEPPERS","PEPPERS, BELL, ORGANIC - PRODUCTION, MEASURED IN CWT","ORGANIC STATUS","ORGANIC STATUS: (NOP USDA CERTIFIED)","487",""
"CENSUS","2008","YEAR","","STATE","OREGON","41","","","","","","","00000000","","PEPPERS","PEPPERS, BELL, ORGANIC - PRODUCTION, MEASURED IN CWT","ORGANIC STATUS","ORGANIC STATUS: (NOP USDA EXEMPT)","16",""
"CENSUS","2008","YEAR","","STATE","PENNSYLVANIA","42","","","","","","","00000000","","PEPPERS","PEPPERS, BELL, ORGANIC - PRODUCTION, MEASURED IN CWT","ORGANIC STATUS","ORGANIC STATUS: (NOP USDA CERTIFIED & EXEMPT)","4,064",""
"CENSUS","2008","YEAR","","STATE","PENNSYLVANIA","42","","","","","","","00000000","","PEPPERS","PEPPERS, BELL, ORGANIC - PRODUCTION, MEASURED IN CWT","ORGANIC STATUS","ORGANIC STATUS: (NOP USDA CERTIFIED)","3,996",""
"CENSUS","2008","YEAR","","STATE","PENNSYLVANIA","42","","","","","","","00000000","","PEPPERS","PEPPERS, BELL, ORGANIC - PRODUCTION, MEASURED IN CWT","ORGANIC STATUS","ORGANIC STATUS: (NOP USDA EXEMPT)","68",""
"CENSUS","2008","YEAR","","STATE","RHODE ISLAND","44","","","","","","","00000000","","PEPPERS","PEPPERS, BELL, ORGANIC - PRODUCTION, MEASURED IN CWT","ORGANIC STATUS","ORGANIC STATUS: (NOP USDA CERTIFIED & EXEMPT)","291",""
"CENSUS","2008","YEAR","","STATE","RHODE ISLAND","44","","","","","","","00000000","","PEPPERS","PEPPERS, BELL, ORGANIC - PRODUCTION, MEASURED IN CWT","ORGANIC STATUS","ORGANIC STATUS: (NOP USDA CERTIFIED)"," (D)",""
"CENSUS","2008","YEAR","","STATE","RHODE ISLAND","44","","","","","","","00000000","","PEPPERS","PEPPERS, BELL, ORGANIC - PRODUCTION, MEASURED IN CWT","ORGANIC STATUS","ORGANIC STATUS: (NOP USDA EXEMPT)"," (D)",""
"CENSUS","2008","YEAR","","STATE","SOUTH CAROLINA","45","","","","","","","00000000","","PEPPERS","PEPPERS, BELL, ORGANIC - PRODUCTION, MEASURED IN CWT","ORGANIC STATUS","ORGANIC STATUS: (NOP USDA CERTIFIED & EXEMPT)"," (D)",""
"CENSUS","2008","YEAR","","STATE","SOUTH CAROLINA","45","","","","","","","00000000","","PEPPERS","PEPPERS, BELL, ORGANIC - PRODUCTION, MEASURED IN CWT","ORGANIC STATUS","ORGANIC STATUS: (NOP USDA CERTIFIED)"," (D)",""
"CENSUS","2008","YEAR","","STATE","SOUTH CAROLINA","45","","","","","","","00000000","","PEPPERS","PEPPERS, BELL, ORGANIC - PRODUCTION, MEASURED IN CWT","ORGANIC STATUS","ORGANIC STATUS: (NOP USDA EXEMPT)"," (D)",""
"CENSUS","2008","YEAR","","STATE","SOUTH DAKOTA","46","","","","","","","00000000","","PEPPERS","PEPPERS, BELL, ORGANIC - PRODUCTION, MEASURED IN CWT","ORGANIC STATUS","ORGANIC STATUS: (NOP USDA CERTIFIED & EXEMPT)"," (D)",""
"CENSUS","2008","YEAR","","STATE","SOUTH DAKOTA","46","","","","","","","00000000","","PEPPERS","PEPPERS, BELL, ORGANIC - PRODUCTION, MEASURED IN CWT","ORGANIC STATUS","ORGANIC STATUS: (NOP USDA EXEMPT)"," (D)",""
"CENSUS","2008","YEAR","","STATE","TENNESSEE","47","","","","","","","00000000","","PEPPERS","PEPPERS, BELL, ORGANIC - PRODUCTION, MEASURED IN CWT","ORGANIC STATUS","ORGANIC STATUS: (NOP USDA CERTIFIED & EXEMPT)","159",""
"CENSUS","2008","YEAR","","STATE","TENNESSEE","47","","","","","","","00000000","","PEPPERS","PEPPERS, BELL, ORGANIC - PRODUCTION, MEASURED IN CWT","ORGANIC STATUS","ORGANIC STATUS: (NOP USDA CERTIFIED)","126",""
"CENSUS","2008","YEAR","","STATE","TENNESSEE","47","","","","","","","00000000","","PEPPERS","PEPPERS, BELL, ORGANIC - PRODUCTION, MEASURED IN CWT","ORGANIC STATUS","ORGANIC STATUS: (NOP USDA EXEMPT)","33",""
"CENSUS","2008","YEAR","","STATE","TEXAS","48","","","","","","","00000000","","PEPPERS","PEPPERS, BELL, ORGANIC - PRODUCTION, MEASURED IN CWT","ORGANIC STATUS","ORGANIC STATUS: (NOP USDA CERTIFIED & EXEMPT)","125",""
"CENSUS","2008","YEAR","","STATE","TEXAS","48","","","","","","","00000000","","PEPPERS","PEPPERS, BELL, ORGANIC - PRODUCTION, MEASURED IN CWT","ORGANIC STATUS","ORGANIC STATUS: (NOP USDA CERTIFIED)","107",""
"CENSUS","2008","YEAR","","STATE","TEXAS","48","","","","","","","00000000","","PEPPERS","PEPPERS, BELL, ORGANIC - PRODUCTION, MEASURED IN CWT","ORGANIC STATUS","ORGANIC STATUS: (NOP USDA EXEMPT)","18",""
"CENSUS","2008","YEAR","","STATE","UTAH","49","","","","","","","00000000","","PEPPERS","PEPPERS, BELL, ORGANIC - PRODUCTION, MEASURED IN CWT","ORGANIC STATUS","ORGANIC STATUS: (NOP USDA CERTIFIED & EXEMPT)","81",""
"CENSUS","2008","YEAR","","STATE","UTAH","49","","","","","","","00000000","","PEPPERS","PEPPERS, BELL, ORGANIC - PRODUCTION, MEASURED IN CWT","ORGANIC STATUS","ORGANIC STATUS: (NOP USDA CERTIFIED)"," (D)",""
"CENSUS","2008","YEAR","","STATE","UTAH","49","","","","","","","00000000","","PEPPERS","PEPPERS, BELL, ORGANIC - PRODUCTION, MEASURED IN CWT","ORGANIC STATUS","ORGANIC STATUS: (NOP USDA EXEMPT)"," (D)",""
"CENSUS","2008","YEAR","","STATE","VERMONT","50","","","","","","","00000000","","PEPPERS","PEPPERS, BELL, ORGANIC - PRODUCTION, MEASURED IN CWT","ORGANIC STATUS","ORGANIC STATUS: (NOP USDA CERTIFIED & EXEMPT)","754",""
"CENSUS","2008","YEAR","","STATE","VERMONT","50","","","","","","","00000000","","PEPPERS","PEPPERS, BELL, ORGANIC - PRODUCTION, MEASURED IN CWT","ORGANIC STATUS","ORGANIC STATUS: (NOP USDA CERTIFIED)"," (D)",""
"CENSUS","2008","YEAR","","STATE","VERMONT","50","","","","","","","00000000","","PEPPERS","PEPPERS, BELL, ORGANIC - PRODUCTION, MEASURED IN CWT","ORGANIC STATUS","ORGANIC STATUS: (NOP USDA EXEMPT)"," (D)",""
"CENSUS","2008","YEAR","","STATE","VIRGINIA","51","","","","","","","00000000","","PEPPERS","PEPPERS, BELL, ORGANIC - PRODUCTION, MEASURED IN CWT","ORGANIC STATUS","ORGANIC STATUS: (NOP USDA CERTIFIED & EXEMPT)","443",""
"CENSUS","2008","YEAR","","STATE","VIRGINIA","51","","","","","","","00000000","","PEPPERS","PEPPERS, BELL, ORGANIC - PRODUCTION, MEASURED IN CWT","ORGANIC STATUS","ORGANIC STATUS: (NOP USDA CERTIFIED)","396",""
"CENSUS","2008","YEAR","","STATE","VIRGINIA","51","","","","","","","00000000","","PEPPERS","PEPPERS, BELL, ORGANIC - PRODUCTION, MEASURED IN CWT","ORGANIC STATUS","ORGANIC STATUS: (NOP USDA EXEMPT)","48",""
"CENSUS","2008","YEAR","","STATE","WASHINGTON","53","","","","","","","00000000","","PEPPERS","PEPPERS, BELL, ORGANIC - PRODUCTION, MEASURED IN CWT","ORGANIC STATUS","ORGANIC STATUS: (NOP USDA CERTIFIED & EXEMPT)","3,059",""
"CENSUS","2008","YEAR","","STATE","WASHINGTON","53","","","","","","","00000000","","PEPPERS","PEPPERS, BELL, ORGANIC - PRODUCTION, MEASURED IN CWT","ORGANIC STATUS","ORGANIC STATUS: (NOP USDA CERTIFIED)","3,021",""
"CENSUS","2008","YEAR","","STATE","WASHINGTON","53","","","","","","","00000000","","PEPPERS","PEPPERS, BELL, ORGANIC - PRODUCTION, MEASURED IN CWT","ORGANIC STATUS","ORGANIC STATUS: (NOP USDA EXEMPT)","39",""
"CENSUS","2008","YEAR","","STATE","WEST VIRGINIA","54","","","","","","","00000000","","PEPPERS","PEPPERS, BELL, ORGANIC - PRODUCTION, MEASURED IN CWT","ORGANIC STATUS","ORGANIC STATUS: (NOP USDA CERTIFIED & EXEMPT)","10",""
"CENSUS","2008","YEAR","","STATE","WEST VIRGINIA","54","","","","","","","00000000","","PEPPERS","PEPPERS, BELL, ORGANIC - PRODUCTION, MEASURED IN CWT","ORGANIC STATUS","ORGANIC STATUS: (NOP USDA CERTIFIED)"," (D)",""
"CENSUS","2008","YEAR","","STATE","WEST VIRGINIA","54","","","","","","","00000000","","PEPPERS","PEPPERS, BELL, ORGANIC - PRODUCTION, MEASURED IN CWT","ORGANIC STATUS","ORGANIC STATUS: (NOP USDA EXEMPT)"," (D)",""
"CENSUS","2008","YEAR","","STATE","WISCONSIN","55","","","","","","","00000000","","PEPPERS","PEPPERS, BELL, ORGANIC - PRODUCTION, MEASURED IN CWT","ORGANIC STATUS","ORGANIC STATUS: (NOP USDA CERTIFIED & EXEMPT)","1,043",""
"CENSUS","2008","YEAR","","STATE","WISCONSIN","55","","","","","","","00000000","","PEPPERS","PEPPERS, BELL, ORGANIC - PRODUCTION, MEASURED IN CWT","ORGANIC STATUS","ORGANIC STATUS: (NOP USDA CERTIFIED)","895",""
"CENSUS","2008","YEAR","","STATE","WISCONSIN","55","","","","","","","00000000","","PEPPERS","PEPPERS, BELL, ORGANIC - PRODUCTION, MEASURED IN CWT","ORGANIC STATUS","ORGANIC STATUS: (NOP USDA EXEMPT)","147",""
"CENSUS","2008","YEAR","","STATE","WYOMING","56","","","","","","","00000000","","PEPPERS","PEPPERS, BELL, ORGANIC - PRODUCTION, MEASURED IN CWT","ORGANIC STATUS","ORGANIC STATUS: (NOP USDA CERTIFIED & EXEMPT)"," (D)",""
"CENSUS","2008","YEAR","","STATE","WYOMING","56","","","","","","","00000000","","PEPPERS","PEPPERS, BELL, ORGANIC - PRODUCTION, MEASURED IN CWT","ORGANIC STATUS","ORGANIC STATUS: (NOP USDA EXEMPT)"," (D)",""
"SURVEY","2025","YEAR","","STATE","CALIFORNIA","06","","","","","","","00000000","","PEPPERS","PEPPERS, BELL - PRODUCTION, MEASURED IN $","TOTAL","NOT SPECIFIED","211,862,000",""
"SURVEY","2025","YEAR","","STATE","CALIFORNIA","06","","","","","","","00000000","","PEPPERS","PEPPERS, BELL - PRODUCTION, MEASURED IN CWT","TOTAL","NOT SPECIFIED","4,251,000",""
"SURVEY","2025","YEAR","","STATE","CALIFORNIA","06","","","","","","","00000000","","PEPPERS","PEPPERS, BELL, FRESH MARKET - PRODUCTION, MEASURED IN $","TOTAL","NOT SPECIFIED","155,162,000",""
"SURVEY","2025","YEAR","","STATE","CALIFORNIA","06","","","","","","","00000000","","PEPPERS","PEPPERS, BELL, FRESH MARKET, UTILIZED - PRODUCTION, MEASURED IN CWT","TOTAL","NOT SPECIFIED","2,125,500",""
"SURVEY","2025","YEAR","","STATE","CALIFORNIA","06","","","","","","","00000000","","PEPPERS","PEPPERS, BELL, NOT SOLD - PRODUCTION, MEASURED IN CWT","TOTAL","NOT SPECIFIED","25,500",""
"SURVEY","2025","YEAR","","STATE","CALIFORNIA","06","","","","","","","00000000","","PEPPERS","PEPPERS, BELL, PROCESSING - PRODUCTION, MEASURED IN $","TOTAL","NOT SPECIFIED","56,700,000",""
"SURVEY","2025","YEAR","","STATE","CALIFORNIA","06","","","","","","","00000000","","PEPPERS","PEPPERS, BELL, PROCESSING, UTILIZED - PRODUCTION, MEASURED IN TONS","TOTAL","NOT SPECIFIED","105,000",""
"SURVEY","2025","YEAR","","STATE","CALIFORNIA","06","","","","","","","00000000","","PEPPERS","PEPPERS, BELL, UTILIZED - PRODUCTION, MEASURED IN CWT","TOTAL","NOT SPECIFIED","4,225,500",""
"SURVEY","2025","YEAR","","STATE","CALIFORNIA","06","","","","","","","00000000","","PEPPERS","PEPPERS, CHILE - PRODUCTION, MEASURED IN $","TOTAL","NOT SPECIFIED"," (D)",""
"SURVEY","2025","YEAR","","STATE","CALIFORNIA","06","","","","","","","00000000","","PEPPERS","PEPPERS, CHILE - PRODUCTION, MEASURED IN CWT","TOTAL","NOT SPECIFIED"," (D)",""
"SURVEY","2025","YEAR","","STATE","CALIFORNIA","06","","","","","","","00000000","","PEPPERS","PEPPERS, CHILE, FRESH MARKET - PRODUCTION, MEASURED IN $","TOTAL","NOT SPECIFIED"," (D)",""
"SURVEY","2025","YEAR","","STATE","CALIFORNIA","06","","","","","","","00000000","","PEPPERS","PEPPERS, CHILE, FRESH MARKET, UTILIZED - PRODUCTION, MEASURED IN CWT","TOTAL","NOT SPECIFIED"," (D)",""
"SURVEY","2025","YEAR","","STATE","CALIFORNIA","06","","","","","","","00000000","","PEPPERS","PEPPERS, CHILE, NOT SOLD - PRODUCTION, MEASURED IN CWT","TOTAL","NOT SPECIFIED"," (D)",""
"SURVEY","2025","YEAR","","STATE","CALIFORNIA","06","","","","","","","00000000","","PEPPERS","PEPPERS, CHILE, PROCESSING - PRODUCTION, MEASURED IN $","TOTAL","NOT SPECIFIED"," (D)",""
"SURVEY","2025","YEAR","","STATE","CALIFORNIA","06","","","","","","","00000000","","PEPPERS","PEPPERS, CHILE, PROCESSING, UTILIZED - PRODUCTION, MEASURED IN TONS","TOTAL","NOT SPECIFIED"," (D)",""
"SURVEY","2025","YEAR","","STATE","CALIFORNIA","06","","","","","","","00000000","","PEPPERS","PEPPERS, CHILE, UTILIZED - PRODUCTION, MEASURED IN CWT","TOTAL","NOT SPECIFIED"," (D)",""
"SURVEY","2025","YEAR","","STATE","FLORIDA","12","","","","","","","00000000","","PEPPERS","PEPPERS, BELL - PRODUCTION, MEASURED IN $","TOTAL","NOT SPECIFIED","136,851,000",""
"SURVEY","2025","YEAR","","STATE","FLORIDA","12","","","","","","","00000000","","PEPPERS","PEPPERS, BELL - PRODUCTION, MEASURED IN CWT","TOTAL","NOT SPECIFIED","3,192,000",""
"SURVEY","2025","YEAR","","STATE","FLORIDA","12","","","","","","","00000000","","PEPPERS","PEPPERS, BELL, FRESH MARKET - PRODUCTION, MEASURED IN $","TOTAL","NOT SPECIFIED"," (D)",""
"SURVEY","2025","YEAR","","STATE","FLORIDA","12","","","","","","","00000000","","PEPPERS","PEPPERS, BELL, FRESH MARKET, UTILIZED - PRODUCTION, MEASURED IN CWT","TOTAL","NOT SPECIFIED"," (D)",""
"SURVEY","2025","YEAR","","STATE","FLORIDA","12","","","","","","","00000000","","PEPPERS","PEPPERS, BELL, NOT SOLD - PRODUCTION, MEASURED IN CWT","TOTAL","NOT SPECIFIED","9,600",""
"SURVEY","2025","YEAR","","STATE","FLORIDA","12","","","","","","","00000000","","PEPPERS","PEPPERS, BELL, PROCESSING - PRODUCTION, MEASURED IN $","TOTAL","NOT SPECIFIED"," (D)",""
"SURVEY","2025","YEAR","","STATE","FLORIDA","12","","","","","","","00000000","","PEPPERS","PEPPERS, BELL, PROCESSING, UTILIZED - PRODUCTION, MEASURED IN TONS","TOTAL","NOT SPECIFIED"," (D)",""
"SURVEY","2025","YEAR","","STATE","FLORIDA","12","","","","","","","00000000","","PEPPERS","PEPPERS, BELL, UTILIZED - PRODUCTION, MEASURED IN CWT","TOTAL","NOT SPECIFIED","3,182,400",""
"SURVEY","2025","YEAR","","STATE","GEORGIA","13","","","","","","","00000000","","PEPPERS","PEPPERS, BELL - PRODUCTION, MEASURED IN $","TOTAL","NOT SPECIFIED","45,701,000",""
"SURVEY","2025","YEAR","","STATE","GEORGIA","13","","","","","","","00000000","","PEPPERS","PEPPERS, BELL - PRODUCTION, MEASURED IN CWT","TOTAL","NOT SPECIFIED","1,273,000",""
"SURVEY","2025","YEAR","","STATE","GEORGIA","13","","","","","","","00000000","","PEPPERS","PEPPERS, BELL, FRESH MARKET - PRODUCTION, MEASURED IN $","TOTAL","NOT SPECIFIED","45,701,000",""
"SURVEY","2025","YEAR","","STATE","GEORGIA","13","","","","","","","00000000","","PEPPERS","PEPPERS, BELL, FRESH MARKET, UTILIZED - PRODUCTION, MEASURED IN CWT","TOTAL","NOT SPECIFIED","1,273,000",""
"SURVEY","2025","YEAR","","STATE","GEORGIA","13","","","","","","","00000000","","PEPPERS","PEPPERS, BELL, NOT SOLD - PRODUCTION, MEASURED IN CWT","TOTAL","NOT SPECIFIED","0",""
"SURVEY","2025","YEAR","","STATE","GEORGIA","13","","","","","","","00000000","","PEPPERS","PEPPERS, BELL, PROCESSING - PRODUCTION, MEASURED IN $","TOTAL","NOT SPECIFIED","0",""
"SURVEY","2025","YEAR","","STATE","GEORGIA","13","","","","","","","00000000","","PEPPERS","PEPPERS, BELL, PROCESSING, UTILIZED - PRODUCTION, MEASURED IN TONS","TOTAL","NOT SPECIFIED","0",""
"SURVEY","2025","YEAR","","STATE","GEORGIA","13","","","","","","","00000000","","PEPPERS","PEPPERS, BELL, UTILIZED - PRODUCTION, MEASURED IN CWT","TOTAL","NOT SPECIFIED","1,273,000",""
"SURVEY","2025","YEAR","","STATE","MICHIGAN","26","","","","","","","00000000","","PEPPERS","PEPPERS, BELL - PRODUCTION, MEASURED IN $","TOTAL","NOT SPECIFIED","15,486,000",""
"SURVEY","2025","YEAR","","STATE","MICHIGAN","26","","","","","","","00000000","","PEPPERS","PEPPERS, BELL - PRODUCTION, MEASURED IN CWT","TOTAL","NOT SPECIFIED","464,000",""
"SURVEY","2025","YEAR","","STATE","MICHIGAN","26","","","","","","","00000000","","PEPPERS","PEPPERS, BELL, FRESH MARKET - PRODUCTION, MEASURED IN $","TOTAL","NOT SPECIFIED"," (D)",""
"SURVEY","2025","YEAR","","STATE","MICHIGAN","26","","","","","","","00000000","","PEPPERS","PEPPERS, BELL, FRESH MARKET, UTILIZED - PRODUCTION, MEASURED IN CWT","TOTAL","NOT SPECIFIED"," (D)",""
"SURVEY","2025","YEAR","","STATE","MICHIGAN","26","","","","","","","00000000","","PEPPERS","PEPPERS, BELL, NOT SOLD - PRODUCTION, MEASURED IN CWT","TOTAL","NOT SPECIFIED","5,600",""
"SURVEY","2025","YEAR","","STATE","MICHIGAN","26","","","","","","","00000000","","PEPPERS","PEPPERS, BELL, PROCESSING - PRODUCTION, MEASURED IN $","TOTAL","NOT SPECIFIED"," (D)",""
"SURVEY","2025","YEAR","","STATE","MICHIGAN","26","","","","","","","00000000","","PEPPERS","PEPPERS, BELL, PROCESSING, UTILIZED - PRODUCTION, MEASURED IN TONS","TOTAL","NOT SPECIFIED"," (D)",""
"SURVEY","2025","YEAR","","STATE","MICHIGAN","26","","","","","","","00000000","","PEPPERS","PEPPERS, BELL, UTILIZED - PRODUCTION, MEASURED IN CWT","TOTAL","NOT SPECIFIED","458,400",""
"SURVEY","2025","YEAR","","STATE","NEW JERSEY","34","","","","","","","00000000","","PEPPERS","PEPPERS, BELL - PRODUCTION, MEASURED IN $","TOTAL","NOT SPECIFIED","54,835,000",""
"SURVEY","2025","YEAR","","STATE","NEW JERSEY","34","","","","","","","00000000","","PEPPERS","PEPPERS, BELL - PRODUCTION, MEASURED IN CWT","TOTAL","NOT SPECIFIED","988,000",""
"SURVEY","2025","YEAR","","STATE","NEW JERSEY","34","","","","","","","00000000","","PEPPERS","PEPPERS, BELL, FRESH MARKET - PRODUCTION, MEASURED IN $","TOTAL","NOT SPECIFIED"," (D)",""
"SURVEY","2025","YEAR","","STATE","NEW JERSEY","34","","","","","","","00000000","","PEPPERS","PEPPERS, BELL, FRESH MARKET, UTILIZED - PRODUCTION, MEASURED IN CWT","TOTAL","NOT SPECIFIED"," (D)",""
"SURVEY","2025","YEAR","","STATE","NEW JERSEY","34","","","","","","","00000000","","PEPPERS","PEPPERS, BELL, NOT SOLD - PRODUCTION, MEASURED IN CWT","TOTAL","NOT SPECIFIED","3,000",""
"SURVEY","2025","YEAR","","STATE","NEW JERSEY","34","","","","","","","00000000","","PEPPERS","PEPPERS, BELL, PROCESSING - PRODUCTION, MEASURED IN $","TOTAL","NOT SPECIFIED"," (D)",""
"SURVEY","2025","YEAR","","STATE","NEW JERSEY","34","","","","","","","00000000","","PEPPERS","PEPPERS, BELL, PROCESSING, UTILIZED - PRODUCTION, MEASURED IN TONS","TOTAL","NOT SPECIFIED"," (D)",""
"SURVEY","2025","YEAR","","STATE","NEW JERSEY","34","","","","","","","00000000","","PEPPERS","PEPPERS, BELL, UTILIZED - PRODUCTION, MEASURED IN CWT","TOTAL","NOT SPECIFIED","985,000",""
"SURVEY","2025","YEAR","","STATE","NEW MEXICO","35","","","","","","","00000000","","PEPPERS","PEPPERS, CHILE - PRODUCTION, MEASURED IN $","TOTAL","NOT SPECIFIED","54,786,000",""
"SURVEY","2025","YEAR","","STATE","NEW MEXICO","35","","","","","","","00000000","","PEPPERS","PEPPERS, CHILE - PRODUCTION, MEASURED IN CWT","TOTAL","NOT SPECIFIED","1,093,500",""
"SURVEY","2025","YEAR","","STATE","NEW MEXICO","35","","","","","","","00000000","","PEPPERS","PEPPERS, CHILE, FRESH MARKET - PRODUCTION, MEASURED IN $","TOTAL","NOT SPECIFIED","15,350,000",""
"SURVEY","2025","YEAR","","STATE","NEW MEXICO","35","","","","","","","00000000","","PEPPERS","PEPPERS, CHILE, FRESH MARKET, UTILIZED - PRODUCTION, MEASURED IN CWT","TOTAL","NOT SPECIFIED","196,800",""
"SURVEY","2025","YEAR","","STATE","NEW MEXICO","35","","","","","","","00000000","","PEPPERS","PEPPERS, CHILE, NOT SOLD - PRODUCTION, MEASURED IN CWT","TOTAL","NOT SPECIFIED","5,500",""
"SURVEY","2025","YEAR","","STATE","NEW MEXICO","35","","","","","","","00000000","","PEPPERS","PEPPERS, CHILE, PROCESSING - PRODUCTION, MEASURED IN $","TOTAL","NOT SPECIFIED","39,436,000",""
"SURVEY","2025","YEAR","","STATE","NEW MEXICO","35","","","","","","","00000000","","PEPPERS","PEPPERS, CHILE, PROCESSING, UTILIZED - PRODUCTION, MEASURED IN TONS","TOTAL","NOT SPECIFIED","44,560",""
"SURVEY","2025","YEAR","","STATE","NEW MEXICO","35","","","","","","","00000000","","PEPPERS","PEPPERS, CHILE, UTILIZED - PRODUCTION, MEASURED IN CWT","TOTAL","NOT SPECIFIED","1,088,000",""
"SURVEY","2025","YEAR","","STATE","NORTH CAROLINA","37","","","","","","","00000000","","PEPPERS","PEPPERS, BELL - PRODUCTION, MEASURED IN $","TOTAL","NOT SPECIFIED","15,986,000",""
"SURVEY","2025","YEAR","","STATE","NORTH CAROLINA","37","","","","","","","00000000","","PEPPERS","PEPPERS, BELL - PRODUCTION, MEASURED IN CWT","TOTAL","NOT SPECIFIED","410,000",""
"SURVEY","2025","YEAR","","STATE","NORTH CAROLINA","37","","","","","","","00000000","","PEPPERS","PEPPERS, BELL, FRESH MARKET - PRODUCTION, MEASURED IN $","TOTAL","NOT SPECIFIED"," (D)",""
"SURVEY","2025","YEAR","","STATE","NORTH CAROLINA","37","","","","","","","00000000","","PEPPERS","PEPPERS, BELL, FRESH MARKET, UTILIZED - PRODUCTION, MEASURED IN CWT","TOTAL","NOT SPECIFIED"," (D)",""
"SURVEY","2025","YEAR","","STATE","NORTH CAROLINA","37","","","","","","","00000000","","PEPPERS","PEPPERS, BELL, NOT SOLD - PRODUCTION, MEASURED IN CWT","TOTAL","NOT SPECIFIED","12,300",""
"SURVEY","2025","YEAR","","STATE","NORTH CAROLINA","37","","","","","","","00000000","","PEPPERS","PEPPERS, BELL, PROCESSING - PRODUCTION, MEASURED IN $","TOTAL","NOT SPECIFIED"," (D)",""
"SURVEY","2025","YEAR","","STATE","NORTH CAROLINA","37","","","","","","","00000000","","PEPPERS","PEPPERS, BELL, PROCESSING, UTILIZED - PRODUCTION, MEASURED IN TONS","TOTAL","NOT SPECIFIED"," (D)",""
"SURVEY","2025","YEAR","","STATE","NORTH CAROLINA","37","","","","","","","00000000","","PEPPERS","PEPPERS, BELL, UTILIZED - PRODUCTION, MEASURED IN CWT","TOTAL","NOT SPECIFIED","397,700",""
"SURVEY","2025","YEAR","","STATE","OHIO","39","","","","","","","00000000","","PEPPERS","PEPPERS, CHILE - PRODUCTION, MEASURED IN $","TOTAL","NOT SPECIFIED"," (D)",""
"SURVEY","2025","YEAR","","STATE","OHIO","39","","","","","","","00000000","","PEPPERS","PEPPERS, CHILE - PRODUCTION, MEASURED IN CWT","TOTAL","NOT SPECIFIED"," (D)",""
"SURVEY","2025","YEAR","","STATE","OHIO","39","","","","","","","00000000","","PEPPERS","PEPPERS, CHILE, FRESH MARKET - PRODUCTION, MEASURED IN $","TOTAL","NOT SPECIFIED"," (D)",""
"SURVEY","2025","YEAR","","STATE","OHIO","39","","","","","","","00000000","","PEPPERS","PEPPERS, CHILE, FRESH MARKET, UTILIZED - PRODUCTION, MEASURED IN CWT","TOTAL","NOT SPECIFIED"," (D)",""
"SURVEY","2025","YEAR","","STATE","OHIO","39","","","","","","","00000000","","PEPPERS","PEPPERS, CHILE, NOT SOLD - PRODUCTION, MEASURED IN CWT","TOTAL","NOT SPECIFIED"," (D)",""
"SURVEY","2025","YEAR","","STATE","OHIO","39","","","","","","","00000000","","PEPPERS","PEPPERS, CHILE, PROCESSING - PRODUCTION, MEASURED IN $","TOTAL","NOT SPECIFIED"," (D)",""
"SURVEY","2025","YEAR","","STATE","OHIO","39","","","","","","","00000000","","PEPPERS","PEPPERS, CHILE, PROCESSING, UTILIZED - PRODUCTION, MEASURED IN TONS","TOTAL","NOT SPECIFIED"," (D)",""
"SURVEY","2025","YEAR","","STATE","OHIO","39","","","","","","","00000000","","PEPPERS","PEPPERS, CHILE, UTILIZED - PRODUCTION, MEASURED IN CWT","TOTAL","NOT SPECIFIED"," (D)",""
"SURVEY","2025","YEAR","","STATE","OTHER STATES","","","","","","","","00000000","","PEPPERS","PEPPERS, BELL - PRODUCTION, MEASURED IN $","TOTAL","NOT SPECIFIED","0",""
"SURVEY","2025","YEAR","","STATE","OTHER STATES","","","","","","","","00000000","","PEPPERS","PEPPERS, BELL - PRODUCTION, MEASURED IN CWT","TOTAL","NOT SPECIFIED","0",""
"SURVEY","2025","YEAR","","STATE","OTHER STATES","","","","","","","","00000000","","PEPPERS","PEPPERS, BELL, FRESH MARKET - PRODUCTION, MEASURED IN $","TOTAL","NOT SPECIFIED","215,967,000",""
"SURVEY","2025","YEAR","","STATE","OTHER STATES","","","","","","","","00000000","","PEPPERS","PEPPERS, BELL, FRESH MARKET, UTILIZED - PRODUCTION, MEASURED IN CWT","TOTAL","NOT SPECIFIED","4,817,300",""
"SURVEY","2025","YEAR","","STATE","OTHER STATES","","","","","","","","00000000","","PEPPERS","PEPPERS, BELL, NOT SOLD - PRODUCTION, MEASURED IN CWT","TOTAL","NOT SPECIFIED","0",""
"SURVEY","2025","YEAR","","STATE","OTHER STATES","","","","","","","","00000000","","PEPPERS","PEPPERS, BELL, PROCESSING - PRODUCTION, MEASURED IN $","TOTAL","NOT SPECIFIED","7,191,000",""
"SURVEY","2025","YEAR","","STATE","OTHER STATES","","","","","","","","00000000","","PEPPERS","PEPPERS, BELL, PROCESSING, UTILIZED - PRODUCTION, MEASURED IN TONS","TOTAL","NOT SPECIFIED","10,315",""
"SURVEY","2025","YEAR","","STATE","OTHER STATES","","","","","","","","00000000","","PEPPERS","PEPPERS, BELL, UTILIZED - PRODUCTION, MEASURED IN CWT","TOTAL","NOT SPECIFIED","0",""
"SURVEY","2025","YEAR","","STATE","OTHER STATES","","","","","","","","00000000","","PEPPERS","PEPPERS, CHILE - PRODUCTION, MEASURED IN $","TOTAL","NOT SPECIFIED","52,102,000",""
"SURVEY","2025","YEAR","","STATE","OTHER STATES","","","","","","","","00000000","","PEPPERS","PEPPERS, CHILE - PRODUCTION, MEASURED IN CWT","TOTAL","NOT SPECIFIED","1,530,000",""
"SURVEY","2025","YEAR","","STATE","OTHER STATES","","","","","","","","00000000","","PEPPERS","PEPPERS, CHILE, FRESH MARKET - PRODUCTION, MEASURED IN $","TOTAL","NOT SPECIFIED","23,941,000",""
"SURVEY","2025","YEAR","","STATE","OTHER STATES","","","","","","","","00000000","","PEPPERS","PEPPERS, CHILE, FRESH MARKET, UTILIZED - PRODUCTION, MEASURED IN CWT","TOTAL","NOT SPECIFIED","228,900",""
"SURVEY","2025","YEAR","","STATE","OTHER STATES","","","","","","","","00000000","","PEPPERS","PEPPERS, CHILE, NOT SOLD - PRODUCTION, MEASURED IN CWT","TOTAL","NOT SPECIFIED","10,400",""
"SURVEY","2025","YEAR","","STATE","OTHER STATES","","","","","","","","00000000","","PEPPERS","PEPPERS, CHILE, PROCESSING - PRODUCTION, MEASURED IN $","TOTAL","NOT SPECIFIED","28,161,000",""
"SURVEY","2025","YEAR","","STATE","OTHER STATES","","","","","","","","00000000","","PEPPERS","PEPPERS, CHILE, PROCESSING, UTILIZED - PRODUCTION, MEASURED IN TONS","TOTAL","NOT SPECIFIED","64,531",""
"SURVEY","2025","YEAR","","STATE","OTHER STATES","","","","","","","","00000000","","PEPPERS","PEPPERS, CHILE, UTILIZED - PRODUCTION, MEASURED IN CWT","TOTAL","NOT SPECIFIED","1,519,600",""
"SURVEY","2025","YEAR","","STATE","TEXAS","48","","","","","","","00000000","","PEPPERS","PEPPERS, CHILE - PRODUCTION, MEASURED IN $","TOTAL","NOT SPECIFIED"," (D)",""
"SURVEY","2025","YEAR","","STATE","TEXAS","48","","","","","","","00000000","","PEPPERS","PEPPERS, CHILE - PRODUCTION, MEASURED IN CWT","TOTAL","NOT SPECIFIED"," (D)",""
"SURVEY","2025","YEAR","","STATE","TEXAS","48","","","","","","","00000000","","PEPPERS","PEPPERS, CHILE, FRESH MARKET - PRODUCTION, MEASURED IN $","TOTAL","NOT SPECIFIED"," (D)",""
"SURVEY","2025","YEAR","","STATE","TEXAS","48","","","","","","","00000000","","PEPPERS","PEPPERS, CHILE, FRESH MARKET, UTILIZED - PRODUCTION, MEASURED IN CWT","TOTAL","NOT SPECIFIED"," (D)",""
"SURVEY","2025","YEAR","","STATE","TEXAS","48","","","","","","","00000000","","PEPPERS","PEPPERS, CHILE, NOT SOLD - PRODUCTION, MEASURED IN CWT","TOTAL","NOT SPECIFIED"," (D)",""
"SURVEY","2025","YEAR","","STATE","TEXAS","48","","","","","","","00000000","","PEPPERS","PEPPERS, CHILE, PROCESSING - PRODUCTION, MEASURED IN $","TOTAL","NOT SPECIFIED"," (D)",""
"SURVEY","2025","YEAR","","STATE","TEXAS","48","","","","","","","00000000","","PEPPERS","PEPPERS, CHILE, PROCESSING, UTILIZED - PRODUCTION, MEASURED IN TONS","TOTAL","NOT SPECIFIED"," (D)",""
"SURVEY","2025","YEAR","","STATE","TEXAS","48","","","","","","","00000000","","PEPPERS","PEPPERS, CHILE, UTILIZED - PRODUCTION, MEASURED IN CWT","TOTAL","NOT SPECIFIED"," (D)",""
"SURVEY","2024","YEAR","","STATE","CALIFORNIA","06","","","","","","","00000000","","PEPPERS","PEPPERS, BELL - PRODUCTION, MEASURED IN $","TOTAL","NOT SPECIFIED","273,397,000",""
"SURVEY","2024","YEAR","","STATE","CALIFORNIA","06","","","","","","","00000000","","PEPPERS","PEPPERS, BELL - PRODUCTION, MEASURED IN CWT","TOTAL","NOT SPECIFIED","3,895,000",""
"SURVEY","2024","YEAR","","STATE","CALIFORNIA","06","","","","","","","00000000","","PEPPERS","PEPPERS, BELL, FRESH MARKET - PRODUCTION, MEASURED IN $","TOTAL","NOT SPECIFIED","239,746,000",""
"SURVEY","2024","YEAR","","STATE","CALIFORNIA","06","","","","","","","00000000","","PEPPERS","PEPPERS, BELL, FRESH MARKET, UTILIZED - PRODUCTION, MEASURED IN CWT","TOTAL","NOT SPECIFIED","2,453,900",""
"SURVEY","2024","YEAR","","STATE","CALIFORNIA","06","","","","","","","00000000","","PEPPERS","PEPPERS, BELL, NOT SOLD - PRODUCTION, MEASURED IN CWT","TOTAL","NOT SPECIFIED","0",""
"SURVEY","2024","YEAR","","STATE","CALIFORNIA","06","","","","","","","00000000","","PEPPERS","PEPPERS, BELL, PROCESSING - PRODUCTION, MEASURED IN $","TOTAL","NOT SPECIFIED","33,651,000",""
"SURVEY","2024","YEAR","","STATE","CALIFORNIA","06","","","","","","","00000000","","PEPPERS","PEPPERS, BELL, PROCESSING, UTILIZED - PRODUCTION, MEASURED IN TONS","TOTAL","NOT SPECIFIED","72,058",""
"SURVEY","2024","YEAR","","STATE","CALIFORNIA","06","","","","","","","00000000","","PEPPERS","PEPPERS, BELL, UTILIZED - PRODUCTION, MEASURED IN CWT","TOTAL","NOT SPECIFIED","3,895,000",""
"SURVEY","2024","YEAR","","STATE","CALIFORNIA","06","","","","","","","00000000","","PEPPERS","PEPPERS, CHILE - PRODUCTION, MEASURED IN $","TOTAL","NOT SPECIFIED","20,137,000",""
"SURVEY","2024","YEAR","","STATE","CALIFORNIA","06","","","","","","","00000000","","PEPPERS","PEPPERS, CHILE - PRODUCTION, MEASURED IN CWT","TOTAL","NOT SPECIFIED","880,000",""
"SURVEY","2024","YEAR","","STATE","CALIFORNIA","06","","","","","","","00000000","","PEPPERS","PEPPERS, CHILE, FRESH MARKET - PRODUCTION, MEASURED IN $","TOTAL","NOT SPECIFIED"," (D)",""
"SURVEY","2024","YEAR","","STATE","CALIFORNIA","06","","","","","","","00000000","","PEPPERS","PEPPERS, CHILE, FRESH MARKET, UTILIZED - PRODUCTION, MEASURED IN CWT","TOTAL","NOT SPECIFIED"," (D)",""
"SURVEY","2024","YEAR","","STATE","CALIFORNIA","06","","","","","","","00000000","","PEPPERS","PEPPERS, CHILE, NOT SOLD - PRODUCTION, MEASURED IN CWT","TOTAL","NOT SPECIFIED","900",""
"SURVEY","2024","YEAR","","STATE","CALIFORNIA","06","","","","","","","00000000","","PEPPERS","PEPPERS, CHILE, PROCESSING - PRODUCTION, MEASURED IN $","TOTAL","NOT SPECIFIED"," (D)",""
"SURVEY","2024","YEAR","","STATE","CALIFORNIA","06","","","","","","","00000000","","PEPPERS","PEPPERS, CHILE, PROCESSING, UTILIZED - PRODUCTION, MEASURED IN TONS","TOTAL","NOT SPECIFIED"," (D)",""
"SURVEY","2024","YEAR","","STATE","CALIFORNIA","06","","","","","","","00000000","","PEPPERS","PEPPERS, CHILE, UTILIZED - PRODUCTION, MEASURED IN CWT","TOTAL","NOT SPECIFIED","879,100",""
"SURVEY","2024","YEAR","","STATE","FLORIDA","12","","","","","","","00000000","","PEPPERS","PEPPERS, BELL - PRODUCTION, MEASURED IN $","TOTAL","NOT SPECIFIED","202,576,000",""
"SURVEY","2024","YEAR","","STATE","FLORIDA","12","","","","","","","00000000","","PEPPERS","PEPPERS, BELL - PRODUCTION, MEASURED IN CWT","TOTAL","NOT SPECIFIED","3,240,000",""
"SURVEY","2024","YEAR","","STATE","FLORIDA","12","","","","","","","00000000","","PEPPERS","PEPPERS, BELL, FRESH MARKET - PRODUCTION, MEASURED IN $","TOTAL","NOT SPECIFIED","202,576,000",""
"SURVEY","2024","YEAR","","STATE","FLORIDA","12","","","","","","","00000000","","PEPPERS","PEPPERS, BELL, FRESH MARKET, UTILIZED - PRODUCTION, MEASURED IN CWT","TOTAL","NOT SPECIFIED","3,220,600",""
"SURVEY","2024","YEAR","","STATE","FLORIDA","12","","","","","","","00000000","","PEPPERS","PEPPERS, BELL, NOT SOLD - PRODUCTION, MEASURED IN CWT","TOTAL","NOT SPECIFIED","19,400",""
"SURVEY","2024","YEAR","","STATE","FLORIDA","12","","","","","","","00000000","","PEPPERS","PEPPERS, BELL, PROCESSING - PRODUCTION, MEASURED IN $","TOTAL","NOT SPECIFIED","0",""
"SURVEY","2024","YEAR","","STATE","FLORIDA","12","","","","","","","00000000","","PEPPERS","PEPPERS, BELL, PROCESSING, UTILIZED - PRODUCTION, MEASURED IN TONS","TOTAL","NOT SPECIFIED","0",""
"SURVEY","2024","YEAR","","STATE","FLORIDA","12","","","","","","","00000000","","PEPPERS","PEPPERS, BELL, UTILIZED - PRODUCTION, MEASURED IN CWT","TOTAL","NOT SPECIFIED","3,220,600",""
"SURVEY","2024","YEAR","","STATE","GEORGIA","13","","","","","","","00000000","","PEPPERS","PEPPERS, BELL - PRODUCTION, MEASURED IN $","TOTAL","NOT SPECIFIED","49,715,000",""
"SURVEY","2024","YEAR","","STATE","GEORGIA","13","","","","","","","00000000","","PEPPERS","PEPPERS, BELL - PRODUCTION, MEASURED IN CWT","TOTAL","NOT SPECIFIED","899,000",""
"SURVEY","2024","YEAR","","STATE","GEORGIA","13","","","","","","","00000000","","PEPPERS","PEPPERS, BELL, FRESH MARKET - PRODUCTION, MEASURED IN $","TOTAL","NOT SPECIFIED","49,715,000",""
"SURVEY","2024","YEAR","","STATE","GEORGIA","13","","","","","","","00000000","","PEPPERS","PEPPERS, BELL, FRESH MARKET, UTILIZED - PRODUCTION, MEASURED IN CWT","TOTAL","NOT SPECIFIED","899,000",""
"SURVEY","2024","YEAR","","STATE","GEORGIA","13","","","","","","","00000000","","PEPPERS","PEPPERS, BELL, NOT SOLD - PRODUCTION, MEASURED IN CWT","TOTAL","NOT SPECIFIED","0",""
"SURVEY","2024","YEAR","","STATE","GEORGIA","13","","","","","","","00000000","","PEPPERS","PEPPERS, BELL, PROCESSING - PRODUCTION, MEASURED IN $","TOTAL","NOT SPECIFIED","0",""
"SURVEY","2024","YEAR","","STATE","GEORGIA","13","","","","","","","00000000","","PEPPERS","PEPPERS, BELL, PROCESSING, UTILIZED - PRODUCTION, MEASURED IN TONS","TOTAL","NOT SPECIFIED","0",""
"SURVEY","2024","YEAR","","STATE","GEORGIA","13","","","","","","","00000000","","PEPPERS","PEPPERS, BELL, UTILIZED - PRODUCTION, MEASURED IN CWT","TOTAL","NOT SPECIFIED","899,000",""
"SURVEY","2024","YEAR","","STATE","MICHIGAN","26","","","","","","","00000000","","PEPPERS","PEPPERS, BELL - PRODUCTION, MEASURED IN $","TOTAL","NOT SPECIFIED","27,931,000",""
"SURVEY","2024","YEAR","","STATE","MICHIGAN","26","","","","","","","00000000","","PEPPERS","PEPPERS, BELL - PRODUCTION, MEASURED IN CWT","TOTAL","NOT SPECIFIED","464,000",""
"SURVEY","2024","YEAR","","STATE","MICHIGAN","26","","","","","","","00000000","","PEPPERS","PEPPERS, BELL, FRESH MARKET - PRODUCTION, MEASURED IN $","TOTAL","NOT SPECIFIED"," (D)",""
"SURVEY","2024","YEAR","","STATE","MICHIGAN","26","","","","","","","00000000","","PEPPERS","PEPPERS, BELL, FRESH MARKET, UTILIZED - PRODUCTION, MEASURED IN CWT","TOTAL","NOT SPECIFIED"," (D)",""
"SURVEY","2024","YEAR","","STATE","MICHIGAN","26","","","","","","","00000000","","PEPPERS","PEPPERS, BELL, NOT SOLD - PRODUCTION, MEASURED IN CWT","TOTAL","NOT SPECIFIED","1,400",""
"SURVEY","2024","YEAR","","STATE","MICHIGAN","26","","","","","","","00000000","","PEPPERS","PEPPERS, BELL, PROCESSING - PRODUCTION, MEASURED IN $","TOTAL","NOT SPECIFIED"," (D)",""
"SURVEY","2024","YEAR","","STATE","MICHIGAN","26","","","","","","","00000000","","PEPPERS","PEPPERS, BELL, PROCESSING, UTILIZED - PRODUCTION, MEASURED IN TONS","TOTAL","NOT SPECIFIED"," (D)",""
"SURVEY","2024","YEAR","","STATE","MICHIGAN","26","","","","","","","00000000","","PEPPERS","PEPPERS, BELL, UTILIZED - PRODUCTION, MEASURED IN CWT","TOTAL","NOT SPECIFIED","462,600",""
"SURVEY","2024","YEAR","","STATE","NEW JERSEY","34","","","","","","","00000000","","PEPPERS","PEPPERS, BELL - PRODUCTION, MEASURED IN $","TOTAL","NOT SPECIFIED","52,745,000",""
"SURVEY","2024","YEAR","","STATE","NEW JERSEY","34","","","","","","","00000000","","PEPPERS","PEPPERS, BELL - PRODUCTION, MEASURED IN CWT","TOTAL","NOT SPECIFIED","671,000",""
"SURVEY","2024","YEAR","","STATE","NEW JERSEY","34","","","","","","","00000000","","PEPPERS","PEPPERS, BELL, FRESH MARKET - PRODUCTION, MEASURED IN $","TOTAL","NOT SPECIFIED"," (D)",""
"SURVEY","2024","YEAR","","STATE","NEW JERSEY","34","","","","","","","00000000","","PEPPERS","PEPPERS, BELL, FRESH MARKET, UTILIZED - PRODUCTION, MEASURED IN CWT","TOTAL","NOT SPECIFIED"," (D)",""
"SURVEY","2024","YEAR","","STATE","NEW JERSEY","34","","","","","","","00000000","","PEPPERS","PEPPERS, BELL, NOT SOLD - PRODUCTION, MEASURED IN CWT","TOTAL","NOT SPECIFIED","700",""
"SURVEY","2024","YEAR","","STATE","NEW JERSEY","34","","","","","","","00000000","","PEPPERS","PEPPERS, BELL, PROCESSING - PRODUCTION, MEASURED IN $","TOTAL","NOT SPECIFIED"," (D)",""
"SURVEY","2024","YEAR","","STATE","NEW JERSEY","34","","","","","","","00000000","","PEPPERS","PEPPERS, BELL, PROCESSING, UTILIZED - PRODUCTION, MEASURED IN TONS","TOTAL","NOT SPECIFIED"," (D)",""
"SURVEY","2024","YEAR","","STATE","NEW JERSEY","34","","","","","","","00000000","","PEPPERS","PEPPERS, BELL, UTILIZED - PRODUCTION, MEASURED IN CWT","TOTAL","NOT SPECIFIED","670,300",""
"SURVEY","2024","YEAR","","STATE","NEW MEXICO","35","","","","","","","00000000","","PEPPERS","PEPPERS, CHILE - PRODUCTION, MEASURED IN $","TOTAL","NOT SPECIFIED","52,162,000",""
"SURVEY","2024","YEAR","","STATE","NEW MEXICO","35","","","","","","","00000000","","PEPPERS","PEPPERS, CHILE - PRODUCTION, MEASURED IN CWT","TOTAL","NOT SPECIFIED","1,040,000",""
"SURVEY","2024","YEAR","","STATE","NEW MEXICO","35","","","","","","","00000000","","PEPPERS","PEPPERS, CHILE, FRESH MARKET - PRODUCTION, MEASURED IN $","TOTAL","NOT SPECIFIED","15,600,000",""
"SURVEY","2024","YEAR","","STATE","NEW MEXICO","35","","","","","","","00000000","","PEPPERS","PEPPERS, CHILE, FRESH MARKET, UTILIZED - PRODUCTION, MEASURED IN CWT","TOTAL","NOT SPECIFIED","208,000",""
"SURVEY","2024","YEAR","","STATE","NEW MEXICO","35","","","","","","","00000000","","PEPPERS","PEPPERS, CHILE, NOT SOLD - PRODUCTION, MEASURED IN CWT","TOTAL","NOT SPECIFIED","1,000",""
"SURVEY","2024","YEAR","","STATE","NEW MEXICO","35","","","","","","","00000000","","PEPPERS","PEPPERS, CHILE, PROCESSING - PRODUCTION, MEASURED IN $","TOTAL","NOT SPECIFIED","36,562,000",""
"SURVEY","2024","YEAR","","STATE","NEW MEXICO","35","","","","","","","00000000","","PEPPERS","PEPPERS, CHILE, PROCESSING, UTILIZED - PRODUCTION, MEASURED IN TONS","TOTAL","NOT SPECIFIED","41,548",""
"SURVEY","2024","YEAR","","STATE","NEW MEXICO","35","","","","","","","00000000","","PEPPERS","PEPPERS, CHILE, UTILIZED - PRODUCTION, MEASURED IN CWT","TOTAL","NOT SPECIFIED","1,039,000",""
"SURVEY","2024","YEAR","","STATE","NORTH CAROLINA","37","","","","","","","00000000","","PEPPERS","PEPPERS, BELL - PRODUCTION, MEASURED IN $","TOTAL","NOT SPECIFIED","27,031,000",""
"SURVEY","2024","YEAR","","STATE","NORTH CAROLINA","37","","","","","","","00000000","","PEPPERS","PEPPERS, BELL - PRODUCTION, MEASURED IN CWT","TOTAL","NOT SPECIFIED","351,500",""
"SURVEY","2024","YEAR","","STATE","NORTH CAROLINA","37","","","","","","","00000000","","PEPPERS","PEPPERS, BELL, FRESH MARKET - PRODUCTION, MEASURED IN $","TOTAL","NOT SPECIFIED"," (D)",""
"SURVEY","2024","YEAR","","STATE","NORTH CAROLINA","37","","","","","","","00000000","","PEPPERS","PEPPERS, BELL, FRESH MARKET, UTILIZED - PRODUCTION, MEASURED IN CWT","TOTAL","NOT SPECIFIED"," (D)",""
"SURVEY","2024","YEAR","","STATE","NORTH CAROLINA","37","","","","","","","00000000","","PEPPERS","PEPPERS, BELL, NOT SOLD - PRODUCTION, MEASURED IN CWT","TOTAL","NOT SPECIFIED","400",""
"SURVEY","2024","YEAR","","STATE","NORTH CAROLINA","37","","","","","","","00000000","","PEPPERS","PEPPERS, BELL, PROCESSING - PRODUCTION, MEASURED IN $","TOTAL","NOT SPECIFIED"," (D)",""
"SURVEY","2024","YEAR","","STATE","NORTH CAROLINA","37","","","","","","","00000000","","PEPPERS","PEPPERS, BELL, PROCESSING, UTILIZED - PRODUCTION, MEASURED IN TONS","TOTAL","NOT SPECIFIED"," (D)",""
"SURVEY","2024","YEAR","","STATE","NORTH CAROLINA","37","","","","","","","00000000","","PEPPERS","PEPPERS, BELL, UTILIZED - PRODUCTION, MEASURED IN CWT","TOTAL","NOT SPECIFIED","351,100",""
"SURVEY","2024","YEAR","","STATE","OHIO","39","","","","","","","00000000","","PEPPERS","PEPPERS, CHILE - PRODUCTION, MEASURED IN $","TOTAL","NOT SPECIFIED"," (D)",""
"SURVEY","2024","YEAR","","STATE","OHIO","39","","","","","","","00000000","","PEPPERS","PEPPERS, CHILE - PRODUCTION, MEASURED IN CWT","TOTAL","NOT SPECIFIED"," (D)",""
"SURVEY","2024","YEAR","","STATE","OHIO","39","","","","","","","00000000","","PEPPERS","PEPPERS, CHILE, FRESH MARKET - PRODUCTION, MEASURED IN $","TOTAL","NOT SPECIFIED"," (D)",""
"SURVEY","2024","YEAR","","STATE","OHIO","39","","","","","","","00000000","","PEPPERS","PEPPERS, CHILE, FRESH MARKET, UTILIZED - PRODUCTION, MEASURED IN CWT","TOTAL","NOT SPECIFIED"," (D)",""
"SURVEY","2024","YEAR","","STATE","OHIO","39","","","","","","","00000000","","PEPPERS","PEPPERS, CHILE, NOT SOLD - PRODUCTION, MEASURED IN CWT","TOTAL","NOT SPECIFIED"," (D)",""
"SURVEY","2024","YEAR","","STATE","OHIO","39","","","","","","","00000000","","PEPPERS","PEPPERS, CHILE, PROCESSING - PRODUCTION, MEASURED IN $","TOTAL","NOT SPECIFIED"," (D)",""
"SURVEY","2024","YEAR","","STATE","OHIO","39","","","","","","","00000000","","PEPPERS","PEPPERS, CHILE, PROCESSING, UTILIZED - PRODUCTION, MEASURED IN TONS","TOTAL","NOT SPECIFIED"," (D)",""
"SURVEY","2024","YEAR","","STATE","OHIO","39","","","","","","","00000000","","PEPPERS","PEPPERS, CHILE, UTILIZED - PRODUCTION, MEASURED IN CWT","TOTAL","NOT SPECIFIED"," (D)",""
"SURVEY","2024","YEAR","","STATE","OTHER STATES","","","","","","","","00000000","","PEPPERS","PEPPERS, BELL - PRODUCTION, MEASURED IN $","TOTAL","NOT SPECIFIED","0",""
"SURVEY","2024","YEAR","","STATE","OTHER STATES","","","","","","","","00000000","","PEPPERS","PEPPERS, BELL - PRODUCTION, MEASURED IN CWT","TOTAL","NOT SPECIFIED","0",""
"SURVEY","2024","YEAR","","STATE","OTHER STATES","","","","","","","","00000000","","PEPPERS","PEPPERS, BELL, FRESH MARKET - PRODUCTION, MEASURED IN $","TOTAL","NOT SPECIFIED","106,215,000",""
"SURVEY","2024","YEAR","","STATE","OTHER STATES","","","","","","","","00000000","","PEPPERS","PEPPERS, BELL, FRESH MARKET, UTILIZED - PRODUCTION, MEASURED IN CWT","TOTAL","NOT SPECIFIED","1,418,700",""
"SURVEY","2024","YEAR","","STATE","OTHER STATES","","","","","","","","00000000","","PEPPERS","PEPPERS, BELL, NOT SOLD - PRODUCTION, MEASURED IN CWT","TOTAL","NOT SPECIFIED","0",""
"SURVEY","2024","YEAR","","STATE","OTHER STATES","","","","","","","","00000000","","PEPPERS","PEPPERS, BELL, PROCESSING - PRODUCTION, MEASURED IN $","TOTAL","NOT SPECIFIED","1,492,000",""
"SURVEY","2024","YEAR","","STATE","OTHER STATES","","","","","","","","00000000","","PEPPERS","PEPPERS, BELL, PROCESSING, UTILIZED - PRODUCTION, MEASURED IN TONS","TOTAL","NOT SPECIFIED","3,270",""
"SURVEY","2024","YEAR","","STATE","OTHER STATES","","","","","","","","00000000","","PEPPERS","PEPPERS, BELL, UTILIZED - PRODUCTION, MEASURED IN CWT","TOTAL","NOT SPECIFIED","0",""
"SURVEY","2024","YEAR","","STATE","OTHER STATES","","","","","","","","00000000","","PEPPERS","PEPPERS, CHILE - PRODUCTION, MEASURED IN $","TOTAL","NOT SPECIFIED","16,742,000",""
"SURVEY","2024","YEAR","","STATE","OTHER STATES","","","","","","","","00000000","","PEPPERS","PEPPERS, CHILE - PRODUCTION, MEASURED IN CWT","TOTAL","NOT SPECIFIED","278,000",""
"SURVEY","2024","YEAR","","STATE","OTHER STATES","","","","","","","","00000000","","PEPPERS","PEPPERS, CHILE, FRESH MARKET - PRODUCTION, MEASURED IN $","TOTAL","NOT SPECIFIED","15,441,000",""
"SURVEY","2024","YEAR","","STATE","OTHER STATES","","","","","","","","00000000","","PEPPERS","PEPPERS, CHILE, FRESH MARKET, UTILIZED - PRODUCTION, MEASURED IN CWT","TOTAL","NOT SPECIFIED","154,300",""
"SURVEY","2024","YEAR","","STATE","OTHER STATES","","","","","","","","00000000","","PEPPERS","PEPPERS, CHILE, NOT SOLD - PRODUCTION, MEASURED IN CWT","TOTAL","NOT SPECIFIED","3,000",""
"SURVEY","2024","YEAR","","STATE","OTHER STATES","","","","","","","","00000000","","PEPPERS","PEPPERS, CHILE, PROCESSING - PRODUCTION, MEASURED IN $","TOTAL","NOT SPECIFIED","21,438,000",""
"SURVEY","2024","YEAR","","STATE","OTHER STATES","","","","","","","","00000000","","PEPPERS","PEPPERS, CHILE, PROCESSING, UTILIZED - PRODUCTION, MEASURED IN TONS","TOTAL","NOT SPECIFIED","49,992",""
"SURVEY","2024","YEAR","","STATE","OTHER STATES","","","","","","","","00000000","","PEPPERS","PEPPERS, CHILE, UTILIZED - PRODUCTION, MEASURED IN CWT","TOTAL","NOT SPECIFIED","275,000",""
"SURVEY","2024","YEAR","","STATE","TEXAS","48","","","","","","","00000000","","PEPPERS","PEPPERS, CHILE - PRODUCTION, MEASURED IN $","TOTAL","NOT SPECIFIED"," (D)",""
"SURVEY","2024","YEAR","","STATE","TEXAS","48","","","","","","","00000000","","PEPPERS","PEPPERS, CHILE - PRODUCTION, MEASURED IN CWT","TOTAL","NOT SPECIFIED"," (D)",""
"SURVEY","2024","YEAR","","STATE","TEXAS","48","","","","","","","00000000","","PEPPERS","PEPPERS, CHILE, FRESH MARKET - PRODUCTION, MEASURED IN $","TOTAL","NOT SPECIFIED"," (D)",""
"SURVEY","2024","YEAR","","STATE","TEXAS","48","","","","","","","00000000","","PEPPERS","PEPPERS, CHILE, FRESH MARKET, UTILIZED - PRODUCTION, MEASURED IN CWT","TOTAL","NOT SPECIFIED"," (D)",""
"SURVEY","2024","YEAR","","STATE","TEXAS","48","","","","","","","00000000","","PEPPERS","PEPPERS, CHILE, NOT SOLD - PRODUCTION, MEASURED IN CWT","TOTAL","NOT SPECIFIED"," (D)",""
"SURVEY","2024","YEAR","","STATE","TEXAS","48","","","","","","","00000000","","PEPPERS","PEPPERS, CHILE, PROCESSING - PRODUCTION, MEASURED IN $","TOTAL","NOT SPECIFIED"," (D)",""
"SURVEY","2024","YEAR","","STATE","TEXAS","48","","","","","","","00000000","","PEPPERS","PEPPERS, CHILE, PROCESSING, UTILIZED - PRODUCTION, MEASURED IN TONS","TOTAL","NOT SPECIFIED"," (D)",""
"SURVEY","2024","YEAR","","STATE","TEXAS","48","","","","","","","00000000","","PEPPERS","PEPPERS, CHILE, UTILIZED - PRODUCTION, MEASURED IN CWT","TOTAL","NOT SPECIFIED"," (D)",""
"SURVEY","2023","YEAR","","STATE","CALIFORNIA","06","","","","","","","00000000","","PEPPERS","PEPPERS, BELL - PRODUCTION, MEASURED IN $","TOTAL","NOT SPECIFIED","294,171,000",""
"SURVEY","2023","YEAR","","STATE","CALIFORNIA","06","","","","","","","00000000","","PEPPERS","PEPPERS, BELL - PRODUCTION, MEASURED IN CWT","TOTAL","NOT SPECIFIED","4,510,000",""
"SURVEY","2023","YEAR","","STATE","CALIFORNIA","06","","","","","","","00000000","","PEPPERS","PEPPERS, BELL, FRESH MARKET - PRODUCTION, MEASURED IN $","TOTAL","NOT SPECIFIED","273,996,000",""
"SURVEY","2023","YEAR","","STATE","CALIFORNIA","06","","","","","","","00000000","","PEPPERS","PEPPERS, BELL, FRESH MARKET, UTILIZED - PRODUCTION, MEASURED IN CWT","TOTAL","NOT SPECIFIED","3,472,700",""
"SURVEY","2023","YEAR","","STATE","CALIFORNIA","06","","","","","","","00000000","","PEPPERS","PEPPERS, BELL, NOT SOLD - PRODUCTION, MEASURED IN CWT","TOTAL","NOT SPECIFIED","0",""
"SURVEY","2023","YEAR","","STATE","CALIFORNIA","06","","","","","","","00000000","","PEPPERS","PEPPERS, BELL, PROCESSING - PRODUCTION, MEASURED IN $","TOTAL","NOT SPECIFIED","20,175,000",""
"SURVEY","2023","YEAR","","STATE","CALIFORNIA","06","","","","","","","00000000","","PEPPERS","PEPPERS, BELL, PROCESSING, UTILIZED - PRODUCTION, MEASURED IN TONS","TOTAL","NOT SPECIFIED","51,865",""
"SURVEY","2023","YEAR","","STATE","CALIFORNIA","06","","","","","","","00000000","","PEPPERS","PEPPERS, BELL, UTILIZED - PRODUCTION, MEASURED IN CWT","TOTAL","NOT SPECIFIED","4,510,000",""
"SURVEY","2023","YEAR","","STATE","CALIFORNIA","06","","","","","","","00000000","","PEPPERS","PEPPERS, CHILE - PRODUCTION, MEASURED IN $","TOTAL","NOT SPECIFIED","47,844,000",""
"SURVEY","2023","YEAR","","STATE","CALIFORNIA","06","","","","","","","00000000","","PEPPERS","PEPPERS, CHILE - PRODUCTION, MEASURED IN CWT","TOTAL","NOT SPECIFIED","1,116,000",""
"SURVEY","2023","YEAR","","STATE","CALIFORNIA","06","","","","","","","00000000","","PEPPERS","PEPPERS, CHILE, FRESH MARKET - PRODUCTION, MEASURED IN $","TOTAL","NOT SPECIFIED"," (D)",""
"SURVEY","2023","YEAR","","STATE","CALIFORNIA","06","","","","","","","00000000","","PEPPERS","PEPPERS, CHILE, FRESH MARKET, UTILIZED - PRODUCTION, MEASURED IN CWT","TOTAL","NOT SPECIFIED"," (D)",""
"SURVEY","2023","YEAR","","STATE","CALIFORNIA","06","","","","","","","00000000","","PEPPERS","PEPPERS, CHILE, NOT SOLD - PRODUCTION, MEASURED IN CWT","TOTAL","NOT SPECIFIED","0",""
"SURVEY","2023","YEAR","","STATE","CALIFORNIA","06","","","","","","","00000000","","PEPPERS","PEPPERS, CHILE, PROCESSING - PRODUCTION, MEASURED IN $","TOTAL","NOT SPECIFIED"," (D)",""
"SURVEY","2023","YEAR","","STATE","CALIFORNIA","06","","","","","","","00000000","","PEPPERS","PEPPERS, CHILE, PROCESSING, UTILIZED - PRODUCTION, MEASURED IN TONS","TOTAL","NOT SPECIFIED"," (D)",""
"SURVEY","2023","YEAR","","STATE","CALIFORNIA","06","","","","","","","00000000","","PEPPERS","PEPPERS, CHILE, UTILIZED - PRODUCTION, MEASURED IN CWT","TOTAL","NOT SPECIFIED","1,116,000",""
"SURVEY","2023","YEAR","","STATE","FLORIDA","12","","","","","","","00000000","","PEPPERS","PEPPERS, BELL - PRODUCTION, MEASURED IN $","TOTAL","NOT SPECIFIED","187,984,000",""
"SURVEY","2023","YEAR","","STATE","FLORIDA","12","","","","","","","00000000","","PEPPERS","PEPPERS, BELL - PRODUCTION, MEASURED IN CWT","TOTAL","NOT SPECIFIED","3,197,000",""
"SURVEY","2023","YEAR","","STATE","FLORIDA","12","","","","","","","00000000","","PEPPERS","PEPPERS, BELL, FRESH MARKET - PRODUCTION, MEASURED IN $","TOTAL","NOT SPECIFIED","187,984,000",""
"SURVEY","2023","YEAR","","STATE","FLORIDA","12","","","","","","","00000000","","PEPPERS","PEPPERS, BELL, FRESH MARKET, UTILIZED - PRODUCTION, MEASURED IN CWT","TOTAL","NOT SPECIFIED","3,197,000",""
"SURVEY","2023","YEAR","","STATE","FLORIDA","12","","","","","","","00000000","","PEPPERS","PEPPERS, BELL, NOT SOLD - PRODUCTION, MEASURED IN CWT","TOTAL","NOT SPECIFIED","0",""
"SURVEY","2023","YEAR","","STATE","FLORIDA","12","","","","","","","00000000","","PEPPERS","PEPPERS, BELL, PROCESSING - PRODUCTION, MEASURED IN $","TOTAL","NOT SPECIFIED","0",""
"SURVEY","2023","YEAR","","STATE","FLORIDA","12","","","","","","","00000000","","PEPPERS","PEPPERS, BELL, PROCESSING, UTILIZED - PRODUCTION, MEASURED IN TONS","TOTAL","NOT SPECIFIED","0",""
"SURVEY","2023","YEAR","","STATE","FLORIDA","12","","","","","","","00000000","","PEPPERS","PEPPERS, BELL, UTILIZED - PRODUCTION, MEASURED IN CWT","TOTAL","NOT SPECIFIED","3,197,000",""
"SURVEY","2023","YEAR","","STATE","GEORGIA","13","","","","","","","00000000","","PEPPERS","PEPPERS, BELL - PRODUCTION, MEASURED IN $","TOTAL","NOT SPECIFIED","51,088,000",""
"SURVEY","2023","YEAR","","STATE","GEORGIA","13","","","","","","","00000000","","PEPPERS","PEPPERS, BELL - PRODUCTION, MEASURED IN CWT","TOTAL","NOT SPECIFIED","992,000",""
"SURVEY","2023","YEAR","","STATE","GEORGIA","13","","","","","","","00000000","","PEPPERS","PEPPERS, BELL, FRESH MARKET - PRODUCTION, MEASURED IN $","TOTAL","NOT SPECIFIED","51,088,000",""
"SURVEY","2023","YEAR","","STATE","GEORGIA","13","","","","","","","00000000","","PEPPERS","PEPPERS, BELL, FRESH MARKET, UTILIZED - PRODUCTION, MEASURED IN CWT","TOTAL","NOT SPECIFIED","992,000",""
"SURVEY","2023","YEAR","","STATE","GEORGIA","13","","","","","","","00000000","","PEPPERS","PEPPERS, BELL, NOT SOLD - PRODUCTION, MEASURED IN CWT","TOTAL","NOT SPECIFIED","0",""
"SURVEY","2023","YEAR","","STATE","GEORGIA","13","","","","","","","00000000","","PEPPERS","PEPPERS, BELL, PROCESSING - PRODUCTION, MEASURED IN $","TOTAL","NOT SPECIFIED","0",""
"SURVEY","2023","YEAR","","STATE","GEORGIA","13","","","","","","","00000000","","PEPPERS","PEPPERS, BELL, PROCESSING, UTILIZED - PRODUCTION, MEASURED IN TONS","TOTAL","NOT SPECIFIED","0",""
"SURVEY","2023","YEAR","","STATE","GEORGIA","13","","","","","","","00000000","","PEPPERS","PEPPERS, BELL, UTILIZED - PRODUCTION, MEASURED IN CWT","TOTAL","NOT SPECIFIED","992,000",""
"SURVEY","2023","YEAR","","STATE","MICHIGAN","26","","","","","","","00000000","","PEPPERS","PEPPERS, BELL - PRODUCTION, MEASURED IN $","TOTAL","NOT SPECIFIED","22,931,000",""
"SURVEY","2023","YEAR","","STATE","MICHIGAN","26","","","","","","","00000000","","PEPPERS","PEPPERS, BELL - PRODUCTION, MEASURED IN CWT","TOTAL","NOT SPECIFIED","551,000",""
"SURVEY","2023","YEAR","","STATE","MICHIGAN","26","","","","","","","00000000","","PEPPERS","PEPPERS, BELL, FRESH MARKET - PRODUCTION, MEASURED IN $","TOTAL","NOT SPECIFIED"," (D)",""
"SURVEY","2023","YEAR","","STATE","MICHIGAN","26","","","","","","","00000000","","PEPPERS","PEPPERS, BELL, FRESH MARKET, UTILIZED - PRODUCTION, MEASURED IN CWT","TOTAL","NOT SPECIFIED"," (D)",""
"SURVEY","2023","YEAR","","STATE","MICHIGAN","26","","","","","","","00000000","","PEPPERS","PEPPERS, BELL, NOT SOLD - PRODUCTION, MEASURED IN CWT","TOTAL","NOT SPECIFIED","2,800",""
"SURVEY","2023","YEAR","","STATE","MICHIGAN","26","","","","","","","00000000","","PEPPERS","PEPPERS, BELL, PROCESSING - PRODUCTION, MEASURED IN $","TOTAL","NOT SPECIFIED"," (D)",""
"SURVEY","2023","YEAR","","STATE","MICHIGAN","26","","","","","","","00000000","","PEPPERS","PEPPERS, BELL, PROCESSING, UTILIZED - PRODUCTION, MEASURED IN TONS","TOTAL","NOT SPECIFIED"," (D)",""
"SURVEY","2023","YEAR","","STATE","MICHIGAN","26","","","","","","","00000000","","PEPPERS","PEPPERS, BELL, UTILIZED - PRODUCTION, MEASURED IN CWT","TOTAL","NOT SPECIFIED","548,200",""
"SURVEY","2023","YEAR","","STATE","NEW JERSEY","34","","","","","","","00000000","","PEPPERS","PEPPERS, BELL - PRODUCTION, MEASURED IN $","TOTAL","NOT SPECIFIED","36,059,000",""
"SURVEY","2023","YEAR","","STATE","NEW JERSEY","34","","","","","","","00000000","","PEPPERS","PEPPERS, BELL - PRODUCTION, MEASURED IN CWT","TOTAL","NOT SPECIFIED","948,000",""
"SURVEY","2023","YEAR","","STATE","NEW JERSEY","34","","","","","","","00000000","","PEPPERS","PEPPERS, BELL, FRESH MARKET - PRODUCTION, MEASURED IN $","TOTAL","NOT SPECIFIED"," (D)",""
"SURVEY","2023","YEAR","","STATE","NEW JERSEY","34","","","","","","","00000000","","PEPPERS","PEPPERS, BELL, FRESH MARKET, UTILIZED - PRODUCTION, MEASURED IN CWT","TOTAL","NOT SPECIFIED"," (D)",""
"SURVEY","2023","YEAR","","STATE","NEW JERSEY","34","","","","","","","00000000","","PEPPERS","PEPPERS, BELL, NOT SOLD - PRODUCTION, MEASURED IN CWT","TOTAL","NOT SPECIFIED","1,900",""
"SURVEY","2023","YEAR","","STATE","NEW JERSEY","34","","","","","","","00000000","","PEPPERS","PEPPERS, BELL, PROCESSING - PRODUCTION, MEASURED IN $","TOTAL","NOT SPECIFIED"," (D)",""
"SURVEY","2023","YEAR","","STATE","NEW JERSEY","34","","","","","","","00000000","","PEPPERS","PEPPERS, BELL, PROCESSING, UTILIZED - PRODUCTION, MEASURED IN TONS","TOTAL","NOT SPECIFIED"," (D)",""
"SURVEY","2023","YEAR","","STATE","NEW JERSEY","34","","","","","","","00000000","","PEPPERS","PEPPERS, BELL, UTILIZED - PRODUCTION, MEASURED IN CWT","TOTAL","NOT SPECIFIED","946,100",""
"SURVEY","2023","YEAR","","STATE","NEW MEXICO","35","","","","","","","00000000","","PEPPERS","PEPPERS, CHILE - PRODUCTION, MEASURED IN $","TOTAL","NOT SPECIFIED","41,460,000",""
"SURVEY","2023","YEAR","","STATE","NEW MEXICO","35","","","","","","","00000000","","PEPPERS","PEPPERS, CHILE - PRODUCTION, MEASURED IN CWT","TOTAL","NOT SPECIFIED","935,000",""
"SURVEY","2023","YEAR","","STATE","NEW MEXICO","35","","","","","","","00000000","","PEPPERS","PEPPERS, CHILE, FRESH MARKET - PRODUCTION, MEASURED IN $","TOTAL","NOT SPECIFIED"," (D)",""
"SURVEY","2023","YEAR","","STATE","NEW MEXICO","35","","","","","","","00000000","","PEPPERS","PEPPERS, CHILE, FRESH MARKET, UTILIZED - PRODUCTION, MEASURED IN CWT","TOTAL","NOT SPECIFIED"," (D)",""
"SURVEY","2023","YEAR","","STATE","NEW MEXICO","35","","","","","","","00000000","","PEPPERS","PEPPERS, CHILE, NOT SOLD - PRODUCTION, MEASURED IN CWT","TOTAL","NOT SPECIFIED","3,700",""
"SURVEY","2023","YEAR","","STATE","NEW MEXICO","35","","","","","","","00000000","","PEPPERS","PEPPERS, CHILE, PROCESSING - PRODUCTION, MEASURED IN $","TOTAL","NOT SPECIFIED"," (D)",""
"SURVEY","2023","YEAR","","STATE","NEW MEXICO","35","","","","","","","00000000","","PEPPERS","PEPPERS, CHILE, PROCESSING, UTILIZED - PRODUCTION, MEASURED IN TONS","TOTAL","NOT SPECIFIED"," (D)",""
"SURVEY","2023","YEAR","","STATE","NEW MEXICO","35","","","","","","","00000000","","PEPPERS","PEPPERS, CHILE, UTILIZED - PRODUCTION, MEASURED IN CWT","TOTAL","NOT SPECIFIED","931,300",""
"SURVEY","2023","YEAR","","STATE","NORTH CAROLINA","37","","","","","","","00000000","","PEPPERS","PEPPERS, BELL - PRODUCTION, MEASURED IN $","TOTAL","NOT SPECIFIED","20,382,000",""
"SURVEY","2023","YEAR","","STATE","NORTH CAROLINA","37","","","","","","","00000000","","PEPPERS","PEPPERS, BELL - PRODUCTION, MEASURED IN CWT","TOTAL","NOT SPECIFIED","430,000",""
"SURVEY","2023","YEAR","","STATE","NORTH CAROLINA","37","","","","","","","00000000","","PEPPERS","PEPPERS, BELL, FRESH MARKET - PRODUCTION, MEASURED IN $","TOTAL","NOT SPECIFIED"," (D)",""
"SURVEY","2023","YEAR","","STATE","NORTH CAROLINA","37","","","","","","","00000000","","PEPPERS","PEPPERS, BELL, FRESH MARKET, UTILIZED - PRODUCTION, MEASURED IN CWT","TOTAL","NOT SPECIFIED"," (D)",""
"SURVEY","2023","YEAR","","STATE","NORTH CAROLINA","37","","","","","","","00000000","","PEPPERS","PEPPERS, BELL, NOT SOLD - PRODUCTION, MEASURED IN CWT","TOTAL","NOT SPECIFIED","0",""
"SURVEY","2023","YEAR","","STATE","NORTH CAROLINA","37","","","","","","","00000000","","PEPPERS","PEPPERS, BELL, PROCESSING - PRODUCTION, MEASURED IN $","TOTAL","NOT SPECIFIED"," (D)",""
"SURVEY","2023","YEAR","","STATE","NORTH CAROLINA","37","","","","","","","00000000","","PEPPERS","PEPPERS, BELL, PROCESSING, UTILIZED - PRODUCTION, MEASURED IN TONS","TOTAL","NOT SPECIFIED"," (D)",""
"SURVEY","2023","YEAR","","STATE","NORTH CAROLINA","37","","","","","","","00000000","","PEPPERS","PEPPERS, BELL, UTILIZED - PRODUCTION, MEASURED IN CWT","TOTAL","NOT SPECIFIED","430,000",""
"SURVEY","2023","YEAR","","STATE","OTHER STATES","","","","","","","","00000000","","PEPPERS","PEPPERS, BELL, FRESH MARKET - PRODUCTION, MEASURED IN $","TOTAL","NOT SPECIFIED","77,745,000",""
"SURVEY","2023","YEAR","","STATE","OTHER STATES","","","","","","","","00000000","","PEPPERS","PEPPERS, BELL, FRESH MARKET, UTILIZED - PRODUCTION, MEASURED IN CWT","TOTAL","NOT SPECIFIED","1,823,000",""
"SURVEY","2023","YEAR","","STATE","OTHER STATES","","","","","","","","00000000","","PEPPERS","PEPPERS, BELL, PROCESSING - PRODUCTION, MEASURED IN $","TOTAL","NOT SPECIFIED","1,627,000",""
"SURVEY","2023","YEAR","","STATE","OTHER STATES","","","","","","","","00000000","","PEPPERS","PEPPERS, BELL, PROCESSING, UTILIZED - PRODUCTION, MEASURED IN TONS","TOTAL","NOT SPECIFIED","5,069",""
"SURVEY","2023","YEAR","","STATE","OTHER STATES","","","","","","","","00000000","","PEPPERS","PEPPERS, CHILE, FRESH MARKET - PRODUCTION, MEASURED IN $","TOTAL","NOT SPECIFIED","18,168,000",""
"SURVEY","2023","YEAR","","STATE","OTHER STATES","","","","","","","","00000000","","PEPPERS","PEPPERS, CHILE, FRESH MARKET, UTILIZED - PRODUCTION, MEASURED IN CWT","TOTAL","NOT SPECIFIED","359,100",""
"SURVEY","2023","YEAR","","STATE","OTHER STATES","","","","","","","","00000000","","PEPPERS","PEPPERS, CHILE, PROCESSING - PRODUCTION, MEASURED IN $","TOTAL","NOT SPECIFIED","71,136,000",""
"SURVEY","2023","YEAR","","STATE","OTHER STATES","","","","","","","","00000000","","PEPPERS","PEPPERS, CHILE, PROCESSING, UTILIZED - PRODUCTION, MEASURED IN TONS","TOTAL","NOT SPECIFIED","84,412",""
"SURVEY","2022","YEAR","","STATE","CALIFORNIA","06","","","","","","","00000000","","PEPPERS","PEPPERS, BELL - PRODUCTION, MEASURED IN $","TOTAL","NOT SPECIFIED","265,774,000",""
"SURVEY","2022","YEAR","","STATE","CALIFORNIA","06","","","","","","","00000000","","PEPPERS","PEPPERS, BELL - PRODUCTION, MEASURED IN CWT","TOTAL","NOT SPECIFIED","4,403,000",""
"SURVEY","2022","YEAR","","STATE","CALIFORNIA","06","","","","","","","00000000","","PEPPERS","PEPPERS, BELL, FRESH MARKET - PRODUCTION, MEASURED IN $","TOTAL","NOT SPECIFIED","222,105,000",""
"SURVEY","2022","YEAR","","STATE","CALIFORNIA","06","","","","","","","00000000","","PEPPERS","PEPPERS, BELL, FRESH MARKET, UTILIZED - PRODUCTION, MEASURED IN CWT","TOTAL","NOT SPECIFIED","2,390,800",""
"SURVEY","2022","YEAR","","STATE","CALIFORNIA","06","","","","","","","00000000","","PEPPERS","PEPPERS, BELL, NOT SOLD - PRODUCTION, MEASURED IN CWT","TOTAL","NOT SPECIFIED","4,400",""
"SURVEY","2022","YEAR","","STATE","CALIFORNIA","06","","","","","","","00000000","","PEPPERS","PEPPERS, BELL, PROCESSING - PRODUCTION, MEASURED IN $","TOTAL","NOT SPECIFIED","43,669,000",""
"SURVEY","2022","YEAR","","STATE","CALIFORNIA","06","","","","","","","00000000","","PEPPERS","PEPPERS, BELL, PROCESSING, UTILIZED - PRODUCTION, MEASURED IN TONS","TOTAL","NOT SPECIFIED","100,388",""
"SURVEY","2022","YEAR","","STATE","CALIFORNIA","06","","","","","","","00000000","","PEPPERS","PEPPERS, BELL, UTILIZED - PRODUCTION, MEASURED IN CWT","TOTAL","NOT SPECIFIED","4,398,600",""
"SURVEY","2022","YEAR","","STATE","CALIFORNIA","06","","","","","","","00000000","","PEPPERS","PEPPERS, CHILE - PRODUCTION, MEASURED IN $","TOTAL","NOT SPECIFIED","63,675,000",""
"SURVEY","2022","YEAR","","STATE","CALIFORNIA","06","","","","","","","00000000","","PEPPERS","PEPPERS, CHILE - PRODUCTION, MEASURED IN CWT","TOTAL","NOT SPECIFIED","1,402,500",""
"SURVEY","2022","YEAR","","STATE","CALIFORNIA","06","","","","","","","00000000","","PEPPERS","PEPPERS, CHILE, FRESH MARKET - PRODUCTION, MEASURED IN $","TOTAL","NOT SPECIFIED","25,762,000",""
"SURVEY","2022","YEAR","","STATE","CALIFORNIA","06","","","","","","","00000000","","PEPPERS","PEPPERS, CHILE, FRESH MARKET, UTILIZED - PRODUCTION, MEASURED IN CWT","TOTAL","NOT SPECIFIED","468,400",""
"SURVEY","2022","YEAR","","STATE","CALIFORNIA","06","","","","","","","00000000","","PEPPERS","PEPPERS, CHILE, NOT SOLD - PRODUCTION, MEASURED IN CWT","TOTAL","NOT SPECIFIED","1,400",""
"SURVEY","2022","YEAR","","STATE","CALIFORNIA","06","","","","","","","00000000","","PEPPERS","PEPPERS, CHILE, PROCESSING - PRODUCTION, MEASURED IN $","TOTAL","NOT SPECIFIED","37,913,000",""
"SURVEY","2022","YEAR","","STATE","CALIFORNIA","06","","","","","","","00000000","","PEPPERS","PEPPERS, CHILE, PROCESSING, UTILIZED - PRODUCTION, MEASURED IN TONS","TOTAL","NOT SPECIFIED","46,633",""
"SURVEY","2022","YEAR","","STATE","CALIFORNIA","06","","","","","","","00000000","","PEPPERS","PEPPERS, CHILE, UTILIZED - PRODUCTION, MEASURED IN CWT","TOTAL","NOT SPECIFIED","1,401,100",""
"SURVEY","2022","YEAR","","STATE","FLORIDA","12","","","","","","","00000000","","PEPPERS","PEPPERS, BELL - PRODUCTION, MEASURED IN $","TOTAL","NOT SPECIFIED","280,800,000",""
"SURVEY","2022","YEAR","","STATE","FLORIDA","12","","","","","","","00000000","","PEPPERS","PEPPERS, BELL - PRODUCTION, MEASURED IN CWT","TOTAL","NOT SPECIFIED","4,160,000",""
"SURVEY","2022","YEAR","","STATE","FLORIDA","12","","","","","","","00000000","","PEPPERS","PEPPERS, BELL, FRESH MARKET - PRODUCTION, MEASURED IN $","TOTAL","NOT SPECIFIED","280,800,000",""
"SURVEY","2022","YEAR","","STATE","FLORIDA","12","","","","","","","00000000","","PEPPERS","PEPPERS, BELL, FRESH MARKET, UTILIZED - PRODUCTION, MEASURED IN CWT","TOTAL","NOT SPECIFIED","4,160,000",""
"SURVEY","2022","YEAR","","STATE","FLORIDA","12","","","","","","","00000000","","PEPPERS","PEPPERS, BELL, NOT SOLD - PRODUCTION, MEASURED IN CWT","TOTAL","NOT SPECIFIED","0",""
"SURVEY","2022","YEAR","","STATE","FLORIDA","12","","","","","","","00000000","","PEPPERS","PEPPERS, BELL, PROCESSING - PRODUCTION, MEASURED IN $","TOTAL","NOT SPECIFIED","0",""
"SURVEY","2022","YEAR","","STATE","FLORIDA","12","","","","","","","00000000","","PEPPERS","PEPPERS, BELL, PROCESSING, UTILIZED - PRODUCTION, MEASURED IN TONS","TOTAL","NOT SPECIFIED","0",""
"SURVEY","2022","YEAR","","STATE","FLORIDA","12","","","","","","","00000000","","PEPPERS","PEPPERS, BELL, UTILIZED - PRODUCTION, MEASURED IN CWT","TOTAL","NOT SPECIFIED","4,160,000",""
"SURVEY","2022","YEAR","","STATE","GEORGIA","13","","","","","","","00000000","","PEPPERS","PEPPERS, BELL - PRODUCTION, MEASURED IN $","TOTAL","NOT SPECIFIED","62,726,000",""
"SURVEY","2022","YEAR","","STATE","GEORGIA","13","","","","","","","00000000","","PEPPERS","PEPPERS, BELL - PRODUCTION, MEASURED IN CWT","TOTAL","NOT SPECIFIED","1,089,000",""
"SURVEY","2022","YEAR","","STATE","GEORGIA","13","","","","","","","00000000","","PEPPERS","PEPPERS, BELL, FRESH MARKET - PRODUCTION, MEASURED IN $","TOTAL","NOT SPECIFIED","62,726,000",""
"SURVEY","2022","YEAR","","STATE","GEORGIA","13","","","","","","","00000000","","PEPPERS","PEPPERS, BELL, FRESH MARKET, UTILIZED - PRODUCTION, MEASURED IN CWT","TOTAL","NOT SPECIFIED","1,089,000",""
"SURVEY","2022","YEAR","","STATE","GEORGIA","13","","","","","","","00000000","","PEPPERS","PEPPERS, BELL, NOT SOLD - PRODUCTION, MEASURED IN CWT","TOTAL","NOT SPECIFIED","0",""
"SURVEY","2022","YEAR","","STATE","GEORGIA","13","","","","","","","00000000","","PEPPERS","PEPPERS, BELL, PROCESSING - PRODUCTION, MEASURED IN $","TOTAL","NOT SPECIFIED","0",""
"SURVEY","2022","YEAR","","STATE","GEORGIA","13","","","","","","","00000000","","PEPPERS","PEPPERS, BELL, PROCESSING, UTILIZED - PRODUCTION, MEASURED IN TONS","TOTAL","NOT SPECIFIED","0",""
"SURVEY","2022","YEAR","","STATE","GEORGIA","13","","","","","","","00000000","","PEPPERS","PEPPERS, BELL, UTILIZED - PRODUCTION, MEASURED IN CWT","TOTAL","NOT SPECIFIED","1,089,000",""
"SURVEY","2022","YEAR","","STATE","MICHIGAN","26","","","","","","","00000000","","PEPPERS","PEPPERS, BELL - PRODUCTION, MEASURED IN $","TOTAL","NOT SPECIFIED","22,380,000",""
"SURVEY","2022","YEAR","","STATE","MICHIGAN","26","","","","","","","00000000","","PEPPERS","PEPPERS, BELL - PRODUCTION, MEASURED IN CWT","TOTAL","NOT SPECIFIED","450,000",""
"SURVEY","2022","YEAR","","STATE","MICHIGAN","26","","","","","","","00000000","","PEPPERS","PEPPERS, BELL, FRESH MARKET - PRODUCTION, MEASURED IN $","TOTAL","NOT SPECIFIED"," (D)",""
"SURVEY","2022","YEAR","","STATE","MICHIGAN","26","","","","","","","00000000","","PEPPERS","PEPPERS, BELL, FRESH MARKET, UTILIZED - PRODUCTION, MEASURED IN CWT","TOTAL","NOT SPECIFIED"," (D)",""
"SURVEY","2022","YEAR","","STATE","MICHIGAN","26","","","","","","","00000000","","PEPPERS","PEPPERS, BELL, NOT SOLD - PRODUCTION, MEASURED IN CWT","TOTAL","NOT SPECIFIED","5,400",""
"SURVEY","2022","YEAR","","STATE","MICHIGAN","26","","","","","","","00000000","","PEPPERS","PEPPERS, BELL, PROCESSING - PRODUCTION, MEASURED IN $","TOTAL","NOT SPECIFIED"," (D)",""
"SURVEY","2022","YEAR","","STATE","MICHIGAN","26","","","","","","","00000000","","PEPPERS","PEPPERS, BELL, PROCESSING, UTILIZED - PRODUCTION, MEASURED IN TONS","TOTAL","NOT SPECIFIED"," (D)",""
"SURVEY","2022","YEAR","","STATE","MICHIGAN","26","","","","","","","00000000","","PEPPERS","PEPPERS, BELL, UTILIZED - PRODUCTION, MEASURED IN CWT","TOTAL","NOT SPECIFIED","444,600",""
"SURVEY","2022","YEAR","","STATE","NEW JERSEY","34","","","","","","","00000000","","PEPPERS","PEPPERS, BELL - PRODUCTION, MEASURED IN $","TOTAL","NOT SPECIFIED","38,690,000",""
"SURVEY","2022","YEAR","","STATE","NEW JERSEY","34","","","","","","","00000000","","PEPPERS","PEPPERS, BELL - PRODUCTION, MEASURED IN CWT","TOTAL","NOT SPECIFIED","712,500",""
"SURVEY","2022","YEAR","","STATE","NEW JERSEY","34","","","","","","","00000000","","PEPPERS","PEPPERS, BELL, FRESH MARKET - PRODUCTION, MEASURED IN $","TOTAL","NOT SPECIFIED"," (D)",""
"SURVEY","2022","YEAR","","STATE","NEW JERSEY","34","","","","","","","00000000","","PEPPERS","PEPPERS, BELL, FRESH MARKET, UTILIZED - PRODUCTION, MEASURED IN CWT","TOTAL","NOT SPECIFIED"," (D)",""
"SURVEY","2022","YEAR","","STATE","NEW JERSEY","34","","","","","","","00000000","","PEPPERS","PEPPERS, BELL, NOT SOLD - PRODUCTION, MEASURED IN CWT","TOTAL","NOT SPECIFIED","700",""
"SURVEY","2022","YEAR","","STATE","NEW JERSEY","34","","","","","","","00000000","","PEPPERS","PEPPERS, BELL, PROCESSING - PRODUCTION, MEASURED IN $","TOTAL","NOT SPECIFIED"," (D)",""
"SURVEY","2022","YEAR","","STATE","NEW JERSEY","34","","","","","","","00000000","","PEPPERS","PEPPERS, BELL, PROCESSING, UTILIZED - PRODUCTION, MEASURED IN TONS","TOTAL","NOT SPECIFIED"," (D)",""
"SURVEY","2022","YEAR","","STATE","NEW JERSEY","34","","","","","","","00000000","","PEPPERS","PEPPERS, BELL, UTILIZED - PRODUCTION, MEASURED IN CWT","TOTAL","NOT SPECIFIED","711,800",""
"SURVEY","2022","YEAR","","STATE","NEW MEXICO","35","","","","","","","00000000","","PEPPERS","PEPPERS, CHILE - PRODUCTION, MEASURED IN $","TOTAL","NOT SPECIFIED","47,894,000",""
"SURVEY","2022","YEAR","","STATE","NEW MEXICO","35","","","","","","","00000000","","PEPPERS","PEPPERS, CHILE - PRODUCTION, MEASURED IN CWT","TOTAL","NOT SPECIFIED","1,105,000",""
"SURVEY","2022","YEAR","","STATE","NEW MEXICO","35","","","","","","","00000000","","PEPPERS","PEPPERS, CHILE, FRESH MARKET - PRODUCTION, MEASURED IN $","TOTAL","NOT SPECIFIED","4,560,000",""
"SURVEY","2022","YEAR","","STATE","NEW MEXICO","35","","","","","","","00000000","","PEPPERS","PEPPERS, CHILE, FRESH MARKET, UTILIZED - PRODUCTION, MEASURED IN CWT","TOTAL","NOT SPECIFIED","95,000",""
"SURVEY","2022","YEAR","","STATE","NEW MEXICO","35","","","","","","","00000000","","PEPPERS","PEPPERS, CHILE, NOT SOLD - PRODUCTION, MEASURED IN CWT","TOTAL","NOT SPECIFIED","2,200",""
"SURVEY","2022","YEAR","","STATE","NEW MEXICO","35","","","","","","","00000000","","PEPPERS","PEPPERS, CHILE, PROCESSING - PRODUCTION, MEASURED IN $","TOTAL","NOT SPECIFIED","43,334,000",""
"SURVEY","2022","YEAR","","STATE","NEW MEXICO","35","","","","","","","00000000","","PEPPERS","PEPPERS, CHILE, PROCESSING, UTILIZED - PRODUCTION, MEASURED IN TONS","TOTAL","NOT SPECIFIED","50,388",""
"SURVEY","2022","YEAR","","STATE","NEW MEXICO","35","","","","","","","00000000","","PEPPERS","PEPPERS, CHILE, UTILIZED - PRODUCTION, MEASURED IN CWT","TOTAL","NOT SPECIFIED","1,102,800",""
"SURVEY","2022","YEAR","","STATE","NORTH CAROLINA","37","","","","","","","00000000","","PEPPERS","PEPPERS, BELL - PRODUCTION, MEASURED IN $","TOTAL","NOT SPECIFIED","27,065,000",""
"SURVEY","2022","YEAR","","STATE","NORTH CAROLINA","37","","","","","","","00000000","","PEPPERS","PEPPERS, BELL - PRODUCTION, MEASURED IN CWT","TOTAL","NOT SPECIFIED","380,000",""
"SURVEY","2022","YEAR","","STATE","NORTH CAROLINA","37","","","","","","","00000000","","PEPPERS","PEPPERS, BELL, FRESH MARKET - PRODUCTION, MEASURED IN $","TOTAL","NOT SPECIFIED"," (D)",""
"SURVEY","2022","YEAR","","STATE","NORTH CAROLINA","37","","","","","","","00000000","","PEPPERS","PEPPERS, BELL, FRESH MARKET, UTILIZED - PRODUCTION, MEASURED IN CWT","TOTAL","NOT SPECIFIED"," (D)",""
"SURVEY","2022","YEAR","","STATE","NORTH CAROLINA","37","","","","","","","00000000","","PEPPERS","PEPPERS, BELL, NOT SOLD - PRODUCTION, MEASURED IN CWT","TOTAL","NOT SPECIFIED","15,200",""
"SURVEY","2022","YEAR","","STATE","NORTH CAROLINA","37","","","","","","","00000000","","PEPPERS","PEPPERS, BELL, PROCESSING - PRODUCTION, MEASURED IN $","TOTAL","NOT SPECIFIED"," (D)",""
"SURVEY","2022","YEAR","","STATE","NORTH CAROLINA","37","","","","","","","00000000","","PEPPERS","PEPPERS, BELL, PROCESSING, UTILIZED - PRODUCTION, MEASURED IN TONS","TOTAL","NOT SPECIFIED"," (D)",""
"SURVEY","2022","YEAR","","STATE","NORTH CAROLINA","37","","","","","","","00000000","","PEPPERS","PEPPERS, BELL, UTILIZED - PRODUCTION, MEASURED IN CWT","TOTAL","NOT SPECIFIED","364,800",""
"SURVEY","2022","YEAR","","STATE","OTHER STATES","","","","","","","","00000000","","PEPPERS","PEPPERS, BELL, FRESH MARKET - PRODUCTION, MEASURED IN $","TOTAL","NOT SPECIFIED","87,110,000",""
"SURVEY","2022","YEAR","","STATE","OTHER STATES","","","","","","","","00000000","","PEPPERS","PEPPERS, BELL, FRESH MARKET, UTILIZED - PRODUCTION, MEASURED IN CWT","TOTAL","NOT SPECIFIED","1,477,500",""
"SURVEY","2022","YEAR","","STATE","OTHER STATES","","","","","","","","00000000","","PEPPERS","PEPPERS, BELL, PROCESSING - PRODUCTION, MEASURED IN $","TOTAL","NOT SPECIFIED","1,025,000",""
"SURVEY","2022","YEAR","","STATE","OTHER STATES","","","","","","","","00000000","","PEPPERS","PEPPERS, BELL, PROCESSING, UTILIZED - PRODUCTION, MEASURED IN TONS","TOTAL","NOT SPECIFIED","2,183",""
"SURVEY","2021","YEAR","","STATE","CALIFORNIA","06","","","","","","","00000000","","PEPPERS","PEPPERS, BELL - PRODUCTION, MEASURED IN $","TOTAL","NOT SPECIFIED","218,523,000",""
"SURVEY","2021","YEAR","","STATE","CALIFORNIA","06","","","","","","","00000000","","PEPPERS","PEPPERS, BELL - PRODUCTION, MEASURED IN CWT","TOTAL","NOT SPECIFIED","4,887,500",""
"SURVEY","2021","YEAR","","STATE","CALIFORNIA","06","","","","","","","00000000","","PEPPERS","PEPPERS, BELL, FRESH MARKET - PRODUCTION, MEASURED IN $","TOTAL","NOT SPECIFIED","169,600,000",""
"SURVEY","2021","YEAR","","STATE","CALIFORNIA","06","","","","","","","00000000","","PEPPERS","PEPPERS, BELL, FRESH MARKET, UTILIZED - PRODUCTION, MEASURED IN CWT","TOTAL","NOT SPECIFIED","2,443,800",""
"SURVEY","2021","YEAR","","STATE","CALIFORNIA","06","","","","","","","00000000","","PEPPERS","PEPPERS, BELL, NOT SOLD - PRODUCTION, MEASURED IN CWT","TOTAL","NOT SPECIFIED","9,800",""
"SURVEY","2021","YEAR","","STATE","CALIFORNIA","06","","","","","","","00000000","","PEPPERS","PEPPERS, BELL, PROCESSING - PRODUCTION, MEASURED IN $","TOTAL","NOT SPECIFIED","48,923,000",""
"SURVEY","2021","YEAR","","STATE","CALIFORNIA","06","","","","","","","00000000","","PEPPERS","PEPPERS, BELL, PROCESSING, UTILIZED - PRODUCTION, MEASURED IN TONS","TOTAL","NOT SPECIFIED","121,699",""
"SURVEY","2021","YEAR","","STATE","CALIFORNIA","06","","","","","","","00000000","","PEPPERS","PEPPERS, BELL, UTILIZED - PRODUCTION, MEASURED IN CWT","TOTAL","NOT SPECIFIED","4,877,700",""
"SURVEY","2021","YEAR","","STATE","CALIFORNIA","06","","","","","","","00000000","","PEPPERS","PEPPERS, CHILE - PRODUCTION, MEASURED IN $","TOTAL","NOT SPECIFIED","47,986,000",""
"SURVEY","2021","YEAR","","STATE","CALIFORNIA","06","","","","","","","00000000","","PEPPERS","PEPPERS, CHILE - PRODUCTION, MEASURED IN CWT","TOTAL","NOT SPECIFIED","1,054,000",""
"SURVEY","2021","YEAR","","STATE","CALIFORNIA","06","","","","","","","00000000","","PEPPERS","PEPPERS, CHILE, FRESH MARKET - PRODUCTION, MEASURED IN $","TOTAL","NOT SPECIFIED","37,876,000",""
"SURVEY","2021","YEAR","","STATE","CALIFORNIA","06","","","","","","","00000000","","PEPPERS","PEPPERS, CHILE, FRESH MARKET, UTILIZED - PRODUCTION, MEASURED IN CWT","TOTAL","NOT SPECIFIED","576,500",""
"SURVEY","2021","YEAR","","STATE","CALIFORNIA","06","","","","","","","00000000","","PEPPERS","PEPPERS, CHILE, NOT SOLD - PRODUCTION, MEASURED IN CWT","TOTAL","NOT SPECIFIED","15,800",""
"SURVEY","2021","YEAR","","STATE","CALIFORNIA","06","","","","","","","00000000","","PEPPERS","PEPPERS, CHILE, PROCESSING - PRODUCTION, MEASURED IN $","TOTAL","NOT SPECIFIED","10,110,000",""
"SURVEY","2021","YEAR","","STATE","CALIFORNIA","06","","","","","","","00000000","","PEPPERS","PEPPERS, CHILE, PROCESSING, UTILIZED - PRODUCTION, MEASURED IN TONS","TOTAL","NOT SPECIFIED","23,083",""
"SURVEY","2021","YEAR","","STATE","CALIFORNIA","06","","","","","","","00000000","","PEPPERS","PEPPERS, CHILE, UTILIZED - PRODUCTION, MEASURED IN CWT","TOTAL","NOT SPECIFIED","1,038,200",""
"SURVEY","2021","YEAR","","STATE","FLORIDA","12","","","","","","","00000000","","PEPPERS","PEPPERS, BELL - PRODUCTION, MEASURED IN $","TOTAL","NOT SPECIFIED","137,414,000",""
"SURVEY","2021","YEAR","","STATE","FLORIDA","12","","","","","","","00000000","","PEPPERS","PEPPERS, BELL - PRODUCTION, MEASURED IN CWT","TOTAL","NOT SPECIFIED","3,038,500",""
"SURVEY","2021","YEAR","","STATE","FLORIDA","12","","","","","","","00000000","","PEPPERS","PEPPERS, BELL, FRESH MARKET - PRODUCTION, MEASURED IN $","TOTAL","NOT SPECIFIED"," (D)",""
"SURVEY","2021","YEAR","","STATE","FLORIDA","12","","","","","","","00000000","","PEPPERS","PEPPERS, BELL, FRESH MARKET, UTILIZED - PRODUCTION, MEASURED IN CWT","TOTAL","NOT SPECIFIED"," (D)",""
"SURVEY","2021","YEAR","","STATE","FLORIDA","12","","","","","","","00000000","","PEPPERS","PEPPERS, BELL, NOT SOLD - PRODUCTION, MEASURED IN CWT","TOTAL","NOT SPECIFIED","3,000",""
"SURVEY","2021","YEAR","","STATE","FLORIDA","12","","","","","","","00000000","","PEPPERS","PEPPERS, BELL, PROCESSING - PRODUCTION, MEASURED IN $","TOTAL","NOT SPECIFIED"," (D)",""
"SURVEY","2021","YEAR","","STATE","FLORIDA","12","","","","","","","00000000","","PEPPERS","PEPPERS, BELL, PROCESSING, UTILIZED - PRODUCTION, MEASURED IN TONS","TOTAL","NOT SPECIFIED"," (D)",""
"SURVEY","2021","YEAR","","STATE","FLORIDA","12","","","","","","","00000000","","PEPPERS","PEPPERS, BELL, UTILIZED - PRODUCTION, MEASURED IN CWT","TOTAL","NOT SPECIFIED","3,035,500",""
"SURVEY","2021","YEAR","","STATE","GEORGIA","13","","","","","","","00000000","","PEPPERS","PEPPERS, BELL - PRODUCTION, MEASURED IN $","TOTAL","NOT SPECIFIED","39,331,000",""
"SURVEY","2021","YEAR","","STATE","GEORGIA","13","","","","","","","00000000","","PEPPERS","PEPPERS, BELL - PRODUCTION, MEASURED IN CWT","TOTAL","NOT SPECIFIED","816,000",""
"SURVEY","2021","YEAR","","STATE","GEORGIA","13","","","","","","","00000000","","PEPPERS","PEPPERS, BELL, FRESH MARKET - PRODUCTION, MEASURED IN $","TOTAL","NOT SPECIFIED","39,331,000",""
"SURVEY","2021","YEAR","","STATE","GEORGIA","13","","","","","","","00000000","","PEPPERS","PEPPERS, BELL, FRESH MARKET, UTILIZED - PRODUCTION, MEASURED IN CWT","TOTAL","NOT SPECIFIED","816,000",""
"SURVEY","2021","YEAR","","STATE","GEORGIA","13","","","","","","","00000000","","PEPPERS","PEPPERS, BELL, NOT SOLD - PRODUCTION, MEASURED IN CWT","TOTAL","NOT SPECIFIED","0",""
"SURVEY","2021","YEAR","","STATE","GEORGIA","13","","","","","","","00000000","","PEPPERS","PEPPERS, BELL, PROCESSING - PRODUCTION, MEASURED IN $","TOTAL","NOT SPECIFIED","0",""
"SURVEY","2021","YEAR","","STATE","GEORGIA","13","","","","","","","00000000","","PEPPERS","PEPPERS, BELL, PROCESSING, UTILIZED - PRODUCTION, MEASURED IN TONS","TOTAL","NOT SPECIFIED","0",""
"SURVEY","2021","YEAR","","STATE","GEORGIA","13","","","","","","","00000000","","PEPPERS","PEPPERS, BELL, UTILIZED - PRODUCTION, MEASURED IN CWT","TOTAL","NOT SPECIFIED","816,000",""
"SURVEY","2021","YEAR","","STATE","MICHIGAN","26","","","","","","","00000000","","PEPPERS","PEPPERS, BELL - PRODUCTION, MEASURED IN $","TOTAL","NOT SPECIFIED","23,316,000",""
"SURVEY","2021","YEAR","","STATE","MICHIGAN","26","","","","","","","00000000","","PEPPERS","PEPPERS, BELL - PRODUCTION, MEASURED IN CWT","TOTAL","NOT SPECIFIED","532,000",""
"SURVEY","2021","YEAR","","STATE","MICHIGAN","26","","","","","","","00000000","","PEPPERS","PEPPERS, BELL, FRESH MARKET - PRODUCTION, MEASURED IN $","TOTAL","NOT SPECIFIED"," (D)",""
"SURVEY","2021","YEAR","","STATE","MICHIGAN","26","","","","","","","00000000","","PEPPERS","PEPPERS, BELL, FRESH MARKET, UTILIZED - PRODUCTION, MEASURED IN CWT","TOTAL","NOT SPECIFIED"," (D)",""
"SURVEY","2021","YEAR","","STATE","MICHIGAN","26","","","","","","","00000000","","PEPPERS","PEPPERS, BELL, NOT SOLD - PRODUCTION, MEASURED IN CWT","TOTAL","NOT SPECIFIED","1,100",""
"SURVEY","2021","YEAR","","STATE","MICHIGAN","26","","","","","","","00000000","","PEPPERS","PEPPERS, BELL, PROCESSING - PRODUCTION, MEASURED IN $","TOTAL","NOT SPECIFIED"," (D)",""
"SURVEY","2021","YEAR","","STATE","MICHIGAN","26","","","","","","","00000000","","PEPPERS","PEPPERS, BELL, PROCESSING, UTILIZED - PRODUCTION, MEASURED IN TONS","TOTAL","NOT SPECIFIED"," (D)",""
"SURVEY","2021","YEAR","","STATE","MICHIGAN","26","","","","","","","00000000","","PEPPERS","PEPPERS, BELL, UTILIZED - PRODUCTION, MEASURED IN CWT","TOTAL","NOT SPECIFIED","530,900",""
"SURVEY","2021","YEAR","","STATE","NEW JERSEY","34","","","","","","","00000000","","PEPPERS","PEPPERS, BELL - PRODUCTION, MEASURED IN $","TOTAL","NOT SPECIFIED","40,343,000",""
"SURVEY","2021","YEAR","","STATE","NEW JERSEY","34","","","","","","","00000000","","PEPPERS","PEPPERS, BELL - PRODUCTION, MEASURED IN CWT","TOTAL","NOT SPECIFIED","1,056,000",""
"SURVEY","2021","YEAR","","STATE","NEW JERSEY","34","","","","","","","00000000","","PEPPERS","PEPPERS, BELL, FRESH MARKET - PRODUCTION, MEASURED IN $","TOTAL","NOT SPECIFIED","35,734,000",""
"SURVEY","2021","YEAR","","STATE","NEW JERSEY","34","","","","","","","00000000","","PEPPERS","PEPPERS, BELL, FRESH MARKET, UTILIZED - PRODUCTION, MEASURED IN CWT","TOTAL","NOT SPECIFIED","760,300",""
"SURVEY","2021","YEAR","","STATE","NEW JERSEY","34","","","","","","","00000000","","PEPPERS","PEPPERS, BELL, NOT SOLD - PRODUCTION, MEASURED IN CWT","TOTAL","NOT SPECIFIED","28,500",""
"SURVEY","2021","YEAR","","STATE","NEW JERSEY","34","","","","","","","00000000","","PEPPERS","PEPPERS, BELL, PROCESSING - PRODUCTION, MEASURED IN $","TOTAL","NOT SPECIFIED","4,609,000",""
"SURVEY","2021","YEAR","","STATE","NEW JERSEY","34","","","","","","","00000000","","PEPPERS","PEPPERS, BELL, PROCESSING, UTILIZED - PRODUCTION, MEASURED IN TONS","TOTAL","NOT SPECIFIED","13,358",""
"SURVEY","2021","YEAR","","STATE","NEW JERSEY","34","","","","","","","00000000","","PEPPERS","PEPPERS, BELL, UTILIZED - PRODUCTION, MEASURED IN CWT","TOTAL","NOT SPECIFIED","1,027,500",""
"SURVEY","2021","YEAR","","STATE","NEW MEXICO","35","","","","","","","00000000","","PEPPERS","PEPPERS, CHILE - PRODUCTION, MEASURED IN $","TOTAL","NOT SPECIFIED","45,029,000",""
"SURVEY","2021","YEAR","","STATE","NEW MEXICO","35","","","","","","","00000000","","PEPPERS","PEPPERS, CHILE - PRODUCTION, MEASURED IN CWT","TOTAL","NOT SPECIFIED","1,020,000",""
"SURVEY","2021","YEAR","","STATE","NEW MEXICO","35","","","","","","","00000000","","PEPPERS","PEPPERS, CHILE, FRESH MARKET - PRODUCTION, MEASURED IN $","TOTAL","NOT SPECIFIED","5,555,000",""
"SURVEY","2021","YEAR","","STATE","NEW MEXICO","35","","","","","","","00000000","","PEPPERS","PEPPERS, CHILE, FRESH MARKET, UTILIZED - PRODUCTION, MEASURED IN CWT","TOTAL","NOT SPECIFIED","101,000",""
"SURVEY","2021","YEAR","","STATE","NEW MEXICO","35","","","","","","","00000000","","PEPPERS","PEPPERS, CHILE, NOT SOLD - PRODUCTION, MEASURED IN CWT","TOTAL","NOT SPECIFIED","1,000",""
"SURVEY","2021","YEAR","","STATE","NEW MEXICO","35","","","","","","","00000000","","PEPPERS","PEPPERS, CHILE, PROCESSING - PRODUCTION, MEASURED IN $","TOTAL","NOT SPECIFIED","39,474,000",""
"SURVEY","2021","YEAR","","STATE","NEW MEXICO","35","","","","","","","00000000","","PEPPERS","PEPPERS, CHILE, PROCESSING, UTILIZED - PRODUCTION, MEASURED IN TONS","TOTAL","NOT SPECIFIED","45,900",""
"SURVEY","2021","YEAR","","STATE","NEW MEXICO","35","","","","","","","00000000","","PEPPERS","PEPPERS, CHILE, UTILIZED - PRODUCTION, MEASURED IN CWT","TOTAL","NOT SPECIFIED","1,019,000",""
"SURVEY","2021","YEAR","","STATE","NORTH CAROLINA","37","","","","","","","00000000","","PEPPERS","PEPPERS, BELL - PRODUCTION, MEASURED IN $","TOTAL","NOT SPECIFIED","16,286,000",""
"SURVEY","2021","YEAR","","STATE","NORTH CAROLINA","37","","","","","","","00000000","","PEPPERS","PEPPERS, BELL - PRODUCTION, MEASURED IN CWT","TOTAL","NOT SPECIFIED","380,000",""
"SURVEY","2021","YEAR","","STATE","NORTH CAROLINA","37","","","","","","","00000000","","PEPPERS","PEPPERS, BELL, FRESH MARKET - PRODUCTION, MEASURED IN $","TOTAL","NOT SPECIFIED"," (D)",""
"SURVEY","2021","YEAR","","STATE","NORTH CAROLINA","37","","","","","","","00000000","","PEPPERS","PEPPERS, BELL, FRESH MARKET, UTILIZED - PRODUCTION, MEASURED IN CWT","TOTAL","NOT SPECIFIED"," (D)",""
"SURVEY","2021","YEAR","","STATE","NORTH CAROLINA","37","","","","","","","00000000","","PEPPERS","PEPPERS, BELL, NOT SOLD - PRODUCTION, MEASURED IN CWT","TOTAL","NOT SPECIFIED","15,200",""
"SURVEY","2021","YEAR","","STATE","NORTH CAROLINA","37","","","","","","","00000000","","PEPPERS","PEPPERS, BELL, PROCESSING - PRODUCTION, MEASURED IN $","TOTAL","NOT SPECIFIED"," (D)",""
"SURVEY","2021","YEAR","","STATE","NORTH CAROLINA","37","","","","","","","00000000","","PEPPERS","PEPPERS, BELL, PROCESSING, UTILIZED - PRODUCTION, MEASURED IN TONS","TOTAL","NOT SPECIFIED"," (D)",""
"SURVEY","2021","YEAR","","STATE","NORTH CAROLINA","37","","","","","","","00000000","","PEPPERS","PEPPERS, BELL, UTILIZED - PRODUCTION, MEASURED IN CWT","TOTAL","NOT SPECIFIED","364,800",""
"SURVEY","2021","YEAR","","STATE","OTHER STATES","","","","","","","","00000000","","PEPPERS","PEPPERS, BELL, FRESH MARKET - PRODUCTION, MEASURED IN $","TOTAL","NOT SPECIFIED","176,287,000",""
"SURVEY","2021","YEAR","","STATE","OTHER STATES","","","","","","","","00000000","","PEPPERS","PEPPERS, BELL, FRESH MARKET, UTILIZED - PRODUCTION, MEASURED IN CWT","TOTAL","NOT SPECIFIED","3,902,900",""
"SURVEY","2021","YEAR","","STATE","OTHER STATES","","","","","","","","00000000","","PEPPERS","PEPPERS, BELL, PROCESSING - PRODUCTION, MEASURED IN $","TOTAL","NOT SPECIFIED","729,000",""
"SURVEY","2021","YEAR","","STATE","OTHER STATES","","","","","","","","00000000","","PEPPERS","PEPPERS, BELL, PROCESSING, UTILIZED - PRODUCTION, MEASURED IN TONS","TOTAL","NOT SPECIFIED","1,414",""
"SURVEY","2020","YEAR","","STATE","CALIFORNIA","06","","","","","","","00000000","","PEPPERS","PEPPERS, BELL - PRODUCTION, MEASURED IN $","TOTAL","NOT SPECIFIED","267,223,000",""
"SURVEY","2020","YEAR","","STATE","CALIFORNIA","06","","","","","","","00000000","","PEPPERS","PEPPERS, BELL - PRODUCTION, MEASURED IN CWT","TOTAL","NOT SPECIFIED","5,031,000",""
"SURVEY","2020","YEAR","","STATE","CALIFORNIA","06","","","","","","","00000000","","PEPPERS","PEPPERS, BELL, FRESH MARKET - PRODUCTION, MEASURED IN $","TOTAL","NOT SPECIFIED","223,868,000",""
"SURVEY","2020","YEAR","","STATE","CALIFORNIA","06","","","","","","","00000000","","PEPPERS","PEPPERS, BELL, FRESH MARKET, UTILIZED - PRODUCTION, MEASURED IN CWT","TOTAL","NOT SPECIFIED","2,757,000",""
"SURVEY","2020","YEAR","","STATE","CALIFORNIA","06","","","","","","","00000000","","PEPPERS","PEPPERS, BELL, NOT SOLD - PRODUCTION, MEASURED IN CWT","TOTAL","NOT SPECIFIED","10,100",""
"SURVEY","2020","YEAR","","STATE","CALIFORNIA","06","","","","","","","00000000","","PEPPERS","PEPPERS, BELL, PROCESSING - PRODUCTION, MEASURED IN $","TOTAL","NOT SPECIFIED","43,355,000",""
"SURVEY","2020","YEAR","","STATE","CALIFORNIA","06","","","","","","","00000000","","PEPPERS","PEPPERS, BELL, PROCESSING, UTILIZED - PRODUCTION, MEASURED IN TONS","TOTAL","NOT SPECIFIED","113,198",""
"SURVEY","2020","YEAR","","STATE","CALIFORNIA","06","","","","","","","00000000","","PEPPERS","PEPPERS, BELL, UTILIZED - PRODUCTION, MEASURED IN CWT","TOTAL","NOT SPECIFIED","5,020,900",""
"SURVEY","2020","YEAR","","STATE","CALIFORNIA","06","","","","","","","00000000","","PEPPERS","PEPPERS, CHILE - PRODUCTION, MEASURED IN $","TOTAL","NOT SPECIFIED","54,306,000",""
"SURVEY","2020","YEAR","","STATE","CALIFORNIA","06","","","","","","","00000000","","PEPPERS","PEPPERS, CHILE - PRODUCTION, MEASURED IN CWT","TOTAL","NOT SPECIFIED","1,156,000",""
"SURVEY","2020","YEAR","","STATE","CALIFORNIA","06","","","","","","","00000000","","PEPPERS","PEPPERS, CHILE, FRESH MARKET - PRODUCTION, MEASURED IN $","TOTAL","NOT SPECIFIED"," (D)",""
"SURVEY","2020","YEAR","","STATE","CALIFORNIA","06","","","","","","","00000000","","PEPPERS","PEPPERS, CHILE, FRESH MARKET, UTILIZED - PRODUCTION, MEASURED IN CWT","TOTAL","NOT SPECIFIED"," (D)",""
"SURVEY","2020","YEAR","","STATE","CALIFORNIA","06","","","","","","","00000000","","PEPPERS","PEPPERS, CHILE, NOT SOLD - PRODUCTION, MEASURED IN CWT","TOTAL","NOT SPECIFIED","0",""
"SURVEY","2020","YEAR","","STATE","CALIFORNIA","06","","","","","","","00000000","","PEPPERS","PEPPERS, CHILE, PROCESSING - PRODUCTION, MEASURED IN $","TOTAL","NOT SPECIFIED"," (D)",""
"SURVEY","2020","YEAR","","STATE","CALIFORNIA","06","","","","","","","00000000","","PEPPERS","PEPPERS, CHILE, PROCESSING, UTILIZED - PRODUCTION, MEASURED IN TONS","TOTAL","NOT SPECIFIED"," (D)",""
"SURVEY","2020","YEAR","","STATE","CALIFORNIA","06","","","","","","","00000000","","PEPPERS","PEPPERS, CHILE, UTILIZED - PRODUCTION, MEASURED IN CWT","TOTAL","NOT SPECIFIED","1,156,000",""
"SURVEY","2020","YEAR","","STATE","FLORIDA","12","","","","","","","00000000","","PEPPERS","PEPPERS, BELL - PRODUCTION, MEASURED IN $","TOTAL","NOT SPECIFIED"," (D)",""
"SURVEY","2020","YEAR","","STATE","FLORIDA","12","","","","","","","00000000","","PEPPERS","PEPPERS, BELL - PRODUCTION, MEASURED IN CWT","TOTAL","NOT SPECIFIED"," (D)",""
"SURVEY","2020","YEAR","","STATE","FLORIDA","12","","","","","","","00000000","","PEPPERS","PEPPERS, BELL, FRESH MARKET - PRODUCTION, MEASURED IN $","TOTAL","NOT SPECIFIED"," (D)",""
"SURVEY","2020","YEAR","","STATE","FLORIDA","12","","","","","","","00000000","","PEPPERS","PEPPERS, BELL, FRESH MARKET, UTILIZED - PRODUCTION, MEASURED IN CWT","TOTAL","NOT SPECIFIED"," (D)",""
"SURVEY","2020","YEAR","","STATE","FLORIDA","12","","","","","","","00000000","","PEPPERS","PEPPERS, BELL, NOT SOLD - PRODUCTION, MEASURED IN CWT","TOTAL","NOT SPECIFIED"," (D)",""
"SURVEY","2020","YEAR","","STATE","FLORIDA","12","","","","","","","00000000","","PEPPERS","PEPPERS, BELL, PROCESSING - PRODUCTION, MEASURED IN $","TOTAL","NOT SPECIFIED"," (D)",""
"SURVEY","2020","YEAR","","STATE","FLORIDA","12","","","","","","","00000000","","PEPPERS","PEPPERS, BELL, PROCESSING, UTILIZED - PRODUCTION, MEASURED IN TONS","TOTAL","NOT SPECIFIED"," (D)",""
"SURVEY","2020","YEAR","","STATE","FLORIDA","12","","","","","","","00000000","","PEPPERS","PEPPERS, BELL, UTILIZED - PRODUCTION, MEASURED IN CWT","TOTAL","NOT SPECIFIED"," (D)",""
"SURVEY","2020","YEAR","","STATE","GEORGIA","13","","","","","","","00000000","","PEPPERS","PEPPERS, BELL - PRODUCTION, MEASURED IN $","TOTAL","NOT SPECIFIED"," (D)",""
"SURVEY","2020","YEAR","","STATE","GEORGIA","13","","","","","","","00000000","","PEPPERS","PEPPERS, BELL - PRODUCTION, MEASURED IN CWT","TOTAL","NOT SPECIFIED"," (D)",""
"SURVEY","2020","YEAR","","STATE","GEORGIA","13","","","","","","","00000000","","PEPPERS","PEPPERS, BELL, FRESH MARKET - PRODUCTION, MEASURED IN $","TOTAL","NOT SPECIFIED"," (D)",""
"SURVEY","2020","YEAR","","STATE","GEORGIA","13","","","","","","","00000000","","PEPPERS","PEPPERS, BELL, FRESH MARKET, UTILIZED - PRODUCTION, MEASURED IN CWT","TOTAL","NOT SPECIFIED"," (D)",""
"SURVEY","2020","YEAR","","STATE","GEORGIA","13","","","","","","","00000000","","PEPPERS","PEPPERS, BELL, NOT SOLD - PRODUCTION, MEASURED IN CWT","TOTAL","NOT SPECIFIED"," (D)",""
"SURVEY","2020","YEAR","","STATE","GEORGIA","13","","","","","","","00000000","","PEPPERS","PEPPERS, BELL, PROCESSING - PRODUCTION, MEASURED IN $","TOTAL","NOT SPECIFIED"," (D)",""
"SURVEY","2020","YEAR","","STATE","GEORGIA","13","","","","","","","00000000","","PEPPERS","PEPPERS, BELL, PROCESSING, UTILIZED - PRODUCTION, MEASURED IN TONS","TOTAL","NOT SPECIFIED"," (D)",""
"SURVEY","2020","YEAR","","STATE","GEORGIA","13","","","","","","","00000000","","PEPPERS","PEPPERS, BELL, UTILIZED - PRODUCTION, MEASURED IN CWT","TOTAL","NOT SPECIFIED"," (D)",""
"SURVEY","2020","YEAR","","STATE","MICHIGAN","26","","","","","","","00000000","","PEPPERS","PEPPERS, BELL - PRODUCTION, MEASURED IN $","TOTAL","NOT SPECIFIED","27,526,000",""
"SURVEY","2020","YEAR","","STATE","MICHIGAN","26","","","","","","","00000000","","PEPPERS","PEPPERS, BELL - PRODUCTION, MEASURED IN CWT","TOTAL","NOT SPECIFIED","532,000",""
"SURVEY","2020","YEAR","","STATE","MICHIGAN","26","","","","","","","00000000","","PEPPERS","PEPPERS, BELL, FRESH MARKET - PRODUCTION, MEASURED IN $","TOTAL","NOT SPECIFIED"," (D)",""
"SURVEY","2020","YEAR","","STATE","MICHIGAN","26","","","","","","","00000000","","PEPPERS","PEPPERS, BELL, FRESH MARKET, UTILIZED - PRODUCTION, MEASURED IN CWT","TOTAL","NOT SPECIFIED"," (D)",""
"SURVEY","2020","YEAR","","STATE","MICHIGAN","26","","","","","","","00000000","","PEPPERS","PEPPERS, BELL, NOT SOLD - PRODUCTION, MEASURED IN CWT","TOTAL","NOT SPECIFIED","6,400",""
"SURVEY","2020","YEAR","","STATE","MICHIGAN","26","","","","","","","00000000","","PEPPERS","PEPPERS, BELL, PROCESSING - PRODUCTION, MEASURED IN $","TOTAL","NOT SPECIFIED"," (D)",""
"SURVEY","2020","YEAR","","STATE","MICHIGAN","26","","","","","","","00000000","","PEPPERS","PEPPERS, BELL, PROCESSING, UTILIZED - PRODUCTION, MEASURED IN TONS","TOTAL","NOT SPECIFIED"," (D)",""
"SURVEY","2020","YEAR","","STATE","MICHIGAN","26","","","","","","","00000000","","PEPPERS","PEPPERS, BELL, UTILIZED - PRODUCTION, MEASURED IN CWT","TOTAL","NOT SPECIFIED","525,600",""
"SURVEY","2020","YEAR","","STATE","NEW JERSEY","34","","","","","","","00000000","","PEPPERS","PEPPERS, BELL - PRODUCTION, MEASURED IN $","TOTAL","NOT SPECIFIED","47,187,000",""
"SURVEY","2020","YEAR","","STATE","NEW JERSEY","34","","","","","","","00000000","","PEPPERS","PEPPERS, BELL - PRODUCTION, MEASURED IN CWT","TOTAL","NOT SPECIFIED","880,000",""
"SURVEY","2020","YEAR","","STATE","NEW JERSEY","34","","","","","","","00000000","","PEPPERS","PEPPERS, BELL, FRESH MARKET - PRODUCTION, MEASURED IN $","TOTAL","NOT SPECIFIED"," (D)",""
"SURVEY","2020","YEAR","","STATE","NEW JERSEY","34","","","","","","","00000000","","PEPPERS","PEPPERS, BELL, FRESH MARKET, UTILIZED - PRODUCTION, MEASURED IN CWT","TOTAL","NOT SPECIFIED"," (D)",""
"SURVEY","2020","YEAR","","STATE","NEW JERSEY","34","","","","","","","00000000","","PEPPERS","PEPPERS, BELL, NOT SOLD - PRODUCTION, MEASURED IN CWT","TOTAL","NOT SPECIFIED","9,700",""
"SURVEY","2020","YEAR","","STATE","NEW JERSEY","34","","","","","","","00000000","","PEPPERS","PEPPERS, BELL, PROCESSING - PRODUCTION, MEASURED IN $","TOTAL","NOT SPECIFIED"," (D)",""
"SURVEY","2020","YEAR","","STATE","NEW JERSEY","34","","","","","","","00000000","","PEPPERS","PEPPERS, BELL, PROCESSING, UTILIZED - PRODUCTION, MEASURED IN TONS","TOTAL","NOT SPECIFIED"," (D)",""
"SURVEY","2020","YEAR","","STATE","NEW JERSEY","34","","","","","","","00000000","","PEPPERS","PEPPERS, BELL, UTILIZED - PRODUCTION, MEASURED IN CWT","TOTAL","NOT SPECIFIED","870,300",""
"SURVEY","2020","YEAR","","STATE","NEW MEXICO","35","","","","","","","00000000","","PEPPERS","PEPPERS, CHILE - PRODUCTION, MEASURED IN $","TOTAL","NOT SPECIFIED","50,057,000",""
"SURVEY","2020","YEAR","","STATE","NEW MEXICO","35","","","","","","","00000000","","PEPPERS","PEPPERS, CHILE - PRODUCTION, MEASURED IN CWT","TOTAL","NOT SPECIFIED","1,312,000",""
"SURVEY","2020","YEAR","","STATE","NEW MEXICO","35","","","","","","","00000000","","PEPPERS","PEPPERS, CHILE, FRESH MARKET - PRODUCTION, MEASURED IN $","TOTAL","NOT SPECIFIED"," (D)",""
"SURVEY","2020","YEAR","","STATE","NEW MEXICO","35","","","","","","","00000000","","PEPPERS","PEPPERS, CHILE, FRESH MARKET, UTILIZED - PRODUCTION, MEASURED IN CWT","TOTAL","NOT SPECIFIED"," (D)",""
"SURVEY","2020","YEAR","","STATE","NEW MEXICO","35","","","","","","","00000000","","PEPPERS","PEPPERS, CHILE, NOT SOLD - PRODUCTION, MEASURED IN CWT","TOTAL","NOT SPECIFIED","0",""
"SURVEY","2020","YEAR","","STATE","NEW MEXICO","35","","","","","","","00000000","","PEPPERS","PEPPERS, CHILE, PROCESSING - PRODUCTION, MEASURED IN $","TOTAL","NOT SPECIFIED"," (D)",""
"SURVEY","2020","YEAR","","STATE","NEW MEXICO","35","","","","","","","00000000","","PEPPERS","PEPPERS, CHILE, PROCESSING, UTILIZED - PRODUCTION, MEASURED IN TONS","TOTAL","NOT SPECIFIED"," (D)",""
"SURVEY","2020","YEAR","","STATE","NEW MEXICO","35","","","","","","","00000000","","PEPPERS","PEPPERS, CHILE, UTILIZED - PRODUCTION, MEASURED IN CWT","TOTAL","NOT SPECIFIED","1,312,000",""
"SURVEY","2020","YEAR","","STATE","NORTH CAROLINA","37","","","","","","","00000000","","PEPPERS","PEPPERS, BELL - PRODUCTION, MEASURED IN $","TOTAL","NOT SPECIFIED","32,466,000",""
"SURVEY","2020","YEAR","","STATE","NORTH CAROLINA","37","","","","","","","00000000","","PEPPERS","PEPPERS, BELL - PRODUCTION, MEASURED IN CWT","TOTAL","NOT SPECIFIED","540,500",""
"SURVEY","2020","YEAR","","STATE","NORTH CAROLINA","37","","","","","","","00000000","","PEPPERS","PEPPERS, BELL, FRESH MARKET - PRODUCTION, MEASURED IN $","TOTAL","NOT SPECIFIED"," (D)",""
"SURVEY","2020","YEAR","","STATE","NORTH CAROLINA","37","","","","","","","00000000","","PEPPERS","PEPPERS, BELL, FRESH MARKET, UTILIZED - PRODUCTION, MEASURED IN CWT","TOTAL","NOT SPECIFIED"," (D)",""
"SURVEY","2020","YEAR","","STATE","NORTH CAROLINA","37","","","","","","","00000000","","PEPPERS","PEPPERS, BELL, NOT SOLD - PRODUCTION, MEASURED IN CWT","TOTAL","NOT SPECIFIED","21,600",""
"SURVEY","2020","YEAR","","STATE","NORTH CAROLINA","37","","","","","","","00000000","","PEPPERS","PEPPERS, BELL, PROCESSING - PRODUCTION, MEASURED IN $","TOTAL","NOT SPECIFIED"," (D)",""
"SURVEY","2020","YEAR","","STATE","NORTH CAROLINA","37","","","","","","","00000000","","PEPPERS","PEPPERS, BELL, PROCESSING, UTILIZED - PRODUCTION, MEASURED IN TONS","TOTAL","NOT SPECIFIED"," (D)",""
"SURVEY","2020","YEAR","","STATE","NORTH CAROLINA","37","","","","","","","00000000","","PEPPERS","PEPPERS, BELL, UTILIZED - PRODUCTION, MEASURED IN CWT","TOTAL","NOT SPECIFIED","518,900",""
"SURVEY","2020","YEAR","","STATE","OTHER STATES","","","","","","","","00000000","","PEPPERS","PEPPERS, BELL - PRODUCTION, MEASURED IN $","TOTAL","NOT SPECIFIED","247,590,000",""
"SURVEY","2020","YEAR","","STATE","OTHER STATES","","","","","","","","00000000","","PEPPERS","PEPPERS, BELL - PRODUCTION, MEASURED IN CWT","TOTAL","NOT SPECIFIED","3,764,000",""
"SURVEY","2020","YEAR","","STATE","OTHER STATES","","","","","","","","00000000","","PEPPERS","PEPPERS, BELL, FRESH MARKET - PRODUCTION, MEASURED IN $","TOTAL","NOT SPECIFIED","351,972,000",""
"SURVEY","2020","YEAR","","STATE","OTHER STATES","","","","","","","","00000000","","PEPPERS","PEPPERS, BELL, FRESH MARKET, UTILIZED - PRODUCTION, MEASURED IN CWT","TOTAL","NOT SPECIFIED","5,538,700",""
"SURVEY","2020","YEAR","","STATE","OTHER STATES","","","","","","","","00000000","","PEPPERS","PEPPERS, BELL, NOT SOLD - PRODUCTION, MEASURED IN CWT","TOTAL","NOT SPECIFIED","5,900",""
"SURVEY","2020","YEAR","","STATE","OTHER STATES","","","","","","","","00000000","","PEPPERS","PEPPERS, BELL, PROCESSING - PRODUCTION, MEASURED IN $","TOTAL","NOT SPECIFIED","2,797,000",""
"SURVEY","2020","YEAR","","STATE","OTHER STATES","","","","","","","","00000000","","PEPPERS","PEPPERS, BELL, PROCESSING, UTILIZED - PRODUCTION, MEASURED IN TONS","TOTAL","NOT SPECIFIED","6,713",""
"SURVEY","2020","YEAR","","STATE","OTHER STATES","","","","","","","","00000000","","PEPPERS","PEPPERS, BELL, UTILIZED - PRODUCTION, MEASURED IN CWT","TOTAL","NOT SPECIFIED","3,758,100",""
"SURVEY","2020","YEAR","","STATE","OTHER STATES","","","","","","","","00000000","","PEPPERS","PEPPERS, CHILE, FRESH MARKET - PRODUCTION, MEASURED IN $","TOTAL","NOT SPECIFIED","29,328,000",""
"SURVEY","2020","YEAR","","STATE","OTHER STATES","","","","","","","","00000000","","PEPPERS","PEPPERS, CHILE, FRESH MARKET, UTILIZED - PRODUCTION, MEASURED IN CWT","TOTAL","NOT SPECIFIED","657,000",""
"SURVEY","2020","YEAR","","STATE","OTHER STATES","","","","","","","","00000000","","PEPPERS","PEPPERS, CHILE, PROCESSING - PRODUCTION, MEASURED IN $","TOTAL","NOT SPECIFIED","75,035,000",""
"SURVEY","2020","YEAR","","STATE","OTHER STATES","","","","","","","","00000000","","PEPPERS","PEPPERS, CHILE, PROCESSING, UTILIZED - PRODUCTION, MEASURED IN TONS","TOTAL","NOT SPECIFIED","90,550",""
"SURVEY","2019","YEAR","","STATE","CALIFORNIA","06","","","","","","","00000000","","PEPPERS","PEPPERS, BELL - PRODUCTION, MEASURED IN $","TOTAL","NOT SPECIFIED","248,774,000",""
"SURVEY","2019","YEAR","","STATE","CALIFORNIA","06","","","","","","","00000000","","PEPPERS","PEPPERS, BELL - PRODUCTION, MEASURED IN CWT","TOTAL","NOT SPECIFIED","4,788,000",""
"SURVEY","2019","YEAR","","STATE","CALIFORNIA","06","","","","","","","00000000","","PEPPERS","PEPPERS, BELL, FRESH MARKET - PRODUCTION, MEASURED IN $","TOTAL","NOT SPECIFIED","226,592,000",""
"SURVEY","2019","YEAR","","STATE","CALIFORNIA","06","","","","","","","00000000","","PEPPERS","PEPPERS, BELL, FRESH MARKET, UTILIZED - PRODUCTION, MEASURED IN CWT","TOTAL","NOT SPECIFIED","3,078,700",""
"SURVEY","2019","YEAR","","STATE","CALIFORNIA","06","","","","","","","00000000","","PEPPERS","PEPPERS, BELL, NOT SOLD - PRODUCTION, MEASURED IN CWT","TOTAL","NOT SPECIFIED","9,600",""
"SURVEY","2019","YEAR","","STATE","CALIFORNIA","06","","","","","","","00000000","","PEPPERS","PEPPERS, BELL, PROCESSING - PRODUCTION, MEASURED IN $","TOTAL","NOT SPECIFIED","22,182,000",""
"SURVEY","2019","YEAR","","STATE","CALIFORNIA","06","","","","","","","00000000","","PEPPERS","PEPPERS, BELL, PROCESSING, UTILIZED - PRODUCTION, MEASURED IN TONS","TOTAL","NOT SPECIFIED","84,987",""
"SURVEY","2019","YEAR","","STATE","CALIFORNIA","06","","","","","","","00000000","","PEPPERS","PEPPERS, BELL, UTILIZED - PRODUCTION, MEASURED IN CWT","TOTAL","NOT SPECIFIED","4,778,400",""
"SURVEY","2019","YEAR","","STATE","CALIFORNIA","06","","","","","","","00000000","","PEPPERS","PEPPERS, CHILE - PRODUCTION, MEASURED IN $","TOTAL","NOT SPECIFIED","31,976,000",""
"SURVEY","2019","YEAR","","STATE","CALIFORNIA","06","","","","","","","00000000","","PEPPERS","PEPPERS, CHILE - PRODUCTION, MEASURED IN CWT","TOTAL","NOT SPECIFIED","892,500",""
"SURVEY","2019","YEAR","","STATE","CALIFORNIA","06","","","","","","","00000000","","PEPPERS","PEPPERS, CHILE, FRESH MARKET - PRODUCTION, MEASURED IN $","TOTAL","NOT SPECIFIED"," (D)",""
"SURVEY","2019","YEAR","","STATE","CALIFORNIA","06","","","","","","","00000000","","PEPPERS","PEPPERS, CHILE, FRESH MARKET, UTILIZED - PRODUCTION, MEASURED IN CWT","TOTAL","NOT SPECIFIED"," (D)",""
"SURVEY","2019","YEAR","","STATE","CALIFORNIA","06","","","","","","","00000000","","PEPPERS","PEPPERS, CHILE, NOT SOLD - PRODUCTION, MEASURED IN CWT","TOTAL","NOT SPECIFIED","900",""
"SURVEY","2019","YEAR","","STATE","CALIFORNIA","06","","","","","","","00000000","","PEPPERS","PEPPERS, CHILE, PROCESSING - PRODUCTION, MEASURED IN $","TOTAL","NOT SPECIFIED"," (D)",""
"SURVEY","2019","YEAR","","STATE","CALIFORNIA","06","","","","","","","00000000","","PEPPERS","PEPPERS, CHILE, PROCESSING, UTILIZED - PRODUCTION, MEASURED IN TONS","TOTAL","NOT SPECIFIED"," (D)",""
"SURVEY","2019","YEAR","","STATE","CALIFORNIA","06","","","","","","","00000000","","PEPPERS","PEPPERS, CHILE, UTILIZED - PRODUCTION, MEASURED IN CWT","TOTAL","NOT SPECIFIED","891,600",""
"SURVEY","2019","YEAR","","STATE","FLORIDA","12","","","","","","","00000000","","PEPPERS","PEPPERS, BELL - PRODUCTION, MEASURED IN $","TOTAL","NOT SPECIFIED","237,875,000",""
"SURVEY","2019","YEAR","","STATE","FLORIDA","12","","","","","","","00000000","","PEPPERS","PEPPERS, BELL - PRODUCTION, MEASURED IN CWT","TOTAL","NOT SPECIFIED","3,654,000",""
"SURVEY","2019","YEAR","","STATE","FLORIDA","12","","","","","","","00000000","","PEPPERS","PEPPERS, BELL, FRESH MARKET - PRODUCTION, MEASURED IN $","TOTAL","NOT SPECIFIED","237,875,000",""
"SURVEY","2019","YEAR","","STATE","FLORIDA","12","","","","","","","00000000","","PEPPERS","PEPPERS, BELL, FRESH MARKET, UTILIZED - PRODUCTION, MEASURED IN CWT","TOTAL","NOT SPECIFIED","3,654,000",""
"SURVEY","2019","YEAR","","STATE","FLORIDA","12","","","","","","","00000000","","PEPPERS","PEPPERS, BELL, NOT SOLD - PRODUCTION, MEASURED IN CWT","TOTAL","NOT SPECIFIED","0",""
"SURVEY","2019","YEAR","","STATE","FLORIDA","12","","","","","","","00000000","","PEPPERS","PEPPERS, BELL, PROCESSING - PRODUCTION, MEASURED IN $","TOTAL","NOT SPECIFIED","0",""
"SURVEY","2019","YEAR","","STATE","FLORIDA","12","","","","","","","00000000","","PEPPERS","PEPPERS, BELL, PROCESSING, UTILIZED - PRODUCTION, MEASURED IN TONS","TOTAL","NOT SPECIFIED","0",""
"SURVEY","2019","YEAR","","STATE","FLORIDA","12","","","","","","","00000000","","PEPPERS","PEPPERS, BELL, UTILIZED - PRODUCTION, MEASURED IN CWT","TOTAL","NOT SPECIFIED","3,654,000",""
"SURVEY","2019","YEAR","","STATE","GEORGIA","13","","","","","","","00000000","","PEPPERS","PEPPERS, BELL - PRODUCTION, MEASURED IN $","TOTAL","NOT SPECIFIED","46,402,000",""
"SURVEY","2019","YEAR","","STATE","GEORGIA","13","","","","","","","00000000","","PEPPERS","PEPPERS, BELL - PRODUCTION, MEASURED IN CWT","TOTAL","NOT SPECIFIED","1,116,000",""
"SURVEY","2019","YEAR","","STATE","GEORGIA","13","","","","","","","00000000","","PEPPERS","PEPPERS, BELL, FRESH MARKET - PRODUCTION, MEASURED IN $","TOTAL","NOT SPECIFIED","46,402,000",""
"SURVEY","2019","YEAR","","STATE","GEORGIA","13","","","","","","","00000000","","PEPPERS","PEPPERS, BELL, FRESH MARKET, UTILIZED - PRODUCTION, MEASURED IN CWT","TOTAL","NOT SPECIFIED","1,104,800",""
"SURVEY","2019","YEAR","","STATE","GEORGIA","13","","","","","","","00000000","","PEPPERS","PEPPERS, BELL, NOT SOLD - PRODUCTION, MEASURED IN CWT","TOTAL","NOT SPECIFIED","11,200",""
"SURVEY","2019","YEAR","","STATE","GEORGIA","13","","","","","","","00000000","","PEPPERS","PEPPERS, BELL, PROCESSING - PRODUCTION, MEASURED IN $","TOTAL","NOT SPECIFIED","0",""
"SURVEY","2019","YEAR","","STATE","GEORGIA","13","","","","","","","00000000","","PEPPERS","PEPPERS, BELL, PROCESSING, UTILIZED - PRODUCTION, MEASURED IN TONS","TOTAL","NOT SPECIFIED","0",""
"SURVEY","2019","YEAR","","STATE","GEORGIA","13","","","","","","","00000000","","PEPPERS","PEPPERS, BELL, UTILIZED - PRODUCTION, MEASURED IN CWT","TOTAL","NOT SPECIFIED","1,104,800",""
"SURVEY","2019","YEAR","","STATE","MICHIGAN","26","","","","","","","00000000","","PEPPERS","PEPPERS, BELL - PRODUCTION, MEASURED IN $","TOTAL","NOT SPECIFIED","18,552,000",""
"SURVEY","2019","YEAR","","STATE","MICHIGAN","26","","","","","","","00000000","","PEPPERS","PEPPERS, BELL - PRODUCTION, MEASURED IN CWT","TOTAL","NOT SPECIFIED","535,500",""
"SURVEY","2019","YEAR","","STATE","MICHIGAN","26","","","","","","","00000000","","PEPPERS","PEPPERS, BELL, FRESH MARKET - PRODUCTION, MEASURED IN $","TOTAL","NOT SPECIFIED"," (D)",""
"SURVEY","2019","YEAR","","STATE","MICHIGAN","26","","","","","","","00000000","","PEPPERS","PEPPERS, BELL, FRESH MARKET, UTILIZED - PRODUCTION, MEASURED IN CWT","TOTAL","NOT SPECIFIED"," (D)",""
"SURVEY","2019","YEAR","","STATE","MICHIGAN","26","","","","","","","00000000","","PEPPERS","PEPPERS, BELL, NOT SOLD - PRODUCTION, MEASURED IN CWT","TOTAL","NOT SPECIFIED","3,700",""
"SURVEY","2019","YEAR","","STATE","MICHIGAN","26","","","","","","","00000000","","PEPPERS","PEPPERS, BELL, PROCESSING - PRODUCTION, MEASURED IN $","TOTAL","NOT SPECIFIED"," (D)",""
"SURVEY","2019","YEAR","","STATE","MICHIGAN","26","","","","","","","00000000","","PEPPERS","PEPPERS, BELL, PROCESSING, UTILIZED - PRODUCTION, MEASURED IN TONS","TOTAL","NOT SPECIFIED"," (D)",""
"SURVEY","2019","YEAR","","STATE","MICHIGAN","26","","","","","","","00000000","","PEPPERS","PEPPERS, BELL, UTILIZED - PRODUCTION, MEASURED IN CWT","TOTAL","NOT SPECIFIED","531,800",""
"SURVEY","2019","YEAR","","STATE","NEW JERSEY","34","","","","","","","00000000","","PEPPERS","PEPPERS, BELL - PRODUCTION, MEASURED IN $","TOTAL","NOT SPECIFIED","41,950,000",""
"SURVEY","2019","YEAR","","STATE","NEW JERSEY","34","","","","","","","00000000","","PEPPERS","PEPPERS, BELL - PRODUCTION, MEASURED IN CWT","TOTAL","NOT SPECIFIED","960,000",""
"SURVEY","2019","YEAR","","STATE","NEW JERSEY","34","","","","","","","00000000","","PEPPERS","PEPPERS, BELL, FRESH MARKET - PRODUCTION, MEASURED IN $","TOTAL","NOT SPECIFIED","40,266,000",""
"SURVEY","2019","YEAR","","STATE","NEW JERSEY","34","","","","","","","00000000","","PEPPERS","PEPPERS, BELL, FRESH MARKET, UTILIZED - PRODUCTION, MEASURED IN CWT","TOTAL","NOT SPECIFIED","847,700",""
"SURVEY","2019","YEAR","","STATE","NEW JERSEY","34","","","","","","","00000000","","PEPPERS","PEPPERS, BELL, NOT SOLD - PRODUCTION, MEASURED IN CWT","TOTAL","NOT SPECIFIED","10,600",""
"SURVEY","2019","YEAR","","STATE","NEW JERSEY","34","","","","","","","00000000","","PEPPERS","PEPPERS, BELL, PROCESSING - PRODUCTION, MEASURED IN $","TOTAL","NOT SPECIFIED","1,684,000",""
"SURVEY","2019","YEAR","","STATE","NEW JERSEY","34","","","","","","","00000000","","PEPPERS","PEPPERS, BELL, PROCESSING, UTILIZED - PRODUCTION, MEASURED IN TONS","TOTAL","NOT SPECIFIED","5,088",""
"SURVEY","2019","YEAR","","STATE","NEW JERSEY","34","","","","","","","00000000","","PEPPERS","PEPPERS, BELL, UTILIZED - PRODUCTION, MEASURED IN CWT","TOTAL","NOT SPECIFIED","949,400",""
"SURVEY","2019","YEAR","","STATE","NEW MEXICO","35","","","","","","","00000000","","PEPPERS","PEPPERS, CHILE - PRODUCTION, MEASURED IN $","TOTAL","NOT SPECIFIED","50,008,000",""
"SURVEY","2019","YEAR","","STATE","NEW MEXICO","35","","","","","","","00000000","","PEPPERS","PEPPERS, CHILE - PRODUCTION, MEASURED IN CWT","TOTAL","NOT SPECIFIED","1,261,500",""
"SURVEY","2019","YEAR","","STATE","NEW MEXICO","35","","","","","","","00000000","","PEPPERS","PEPPERS, CHILE, FRESH MARKET - PRODUCTION, MEASURED IN $","TOTAL","NOT SPECIFIED"," (D)",""
"SURVEY","2019","YEAR","","STATE","NEW MEXICO","35","","","","","","","00000000","","PEPPERS","PEPPERS, CHILE, FRESH MARKET, UTILIZED - PRODUCTION, MEASURED IN CWT","TOTAL","NOT SPECIFIED"," (D)",""
"SURVEY","2019","YEAR","","STATE","NEW MEXICO","35","","","","","","","00000000","","PEPPERS","PEPPERS, CHILE, NOT SOLD - PRODUCTION, MEASURED IN CWT","TOTAL","NOT SPECIFIED","0",""
"SURVEY","2019","YEAR","","STATE","NEW MEXICO","35","","","","","","","00000000","","PEPPERS","PEPPERS, CHILE, PROCESSING - PRODUCTION, MEASURED IN $","TOTAL","NOT SPECIFIED"," (D)",""
"SURVEY","2019","YEAR","","STATE","NEW MEXICO","35","","","","","","","00000000","","PEPPERS","PEPPERS, CHILE, PROCESSING, UTILIZED - PRODUCTION, MEASURED IN TONS","TOTAL","NOT SPECIFIED"," (D)",""
"SURVEY","2019","YEAR","","STATE","NEW MEXICO","35","","","","","","","00000000","","PEPPERS","PEPPERS, CHILE, UTILIZED - PRODUCTION, MEASURED IN CWT","TOTAL","NOT SPECIFIED","1,261,500",""
"SURVEY","2019","YEAR","","STATE","NORTH CAROLINA","37","","","","","","","00000000","","PEPPERS","PEPPERS, BELL - PRODUCTION, MEASURED IN $","TOTAL","NOT SPECIFIED","19,028,000",""
"SURVEY","2019","YEAR","","STATE","NORTH CAROLINA","37","","","","","","","00000000","","PEPPERS","PEPPERS, BELL - PRODUCTION, MEASURED IN CWT","TOTAL","NOT SPECIFIED","493,500",""
"SURVEY","2019","YEAR","","STATE","NORTH CAROLINA","37","","","","","","","00000000","","PEPPERS","PEPPERS, BELL, FRESH MARKET - PRODUCTION, MEASURED IN $","TOTAL","NOT SPECIFIED"," (D)",""
"SURVEY","2019","YEAR","","STATE","NORTH CAROLINA","37","","","","","","","00000000","","PEPPERS","PEPPERS, BELL, FRESH MARKET, UTILIZED - PRODUCTION, MEASURED IN CWT","TOTAL","NOT SPECIFIED"," (D)",""
"SURVEY","2019","YEAR","","STATE","NORTH CAROLINA","37","","","","","","","00000000","","PEPPERS","PEPPERS, BELL, NOT SOLD - PRODUCTION, MEASURED IN CWT","TOTAL","NOT SPECIFIED","21,200",""
"SURVEY","2019","YEAR","","STATE","NORTH CAROLINA","37","","","","","","","00000000","","PEPPERS","PEPPERS, BELL, PROCESSING - PRODUCTION, MEASURED IN $","TOTAL","NOT SPECIFIED"," (D)",""
"SURVEY","2019","YEAR","","STATE","NORTH CAROLINA","37","","","","","","","00000000","","PEPPERS","PEPPERS, BELL, PROCESSING, UTILIZED - PRODUCTION, MEASURED IN TONS","TOTAL","NOT SPECIFIED"," (D)",""
"SURVEY","2019","YEAR","","STATE","NORTH CAROLINA","37","","","","","","","00000000","","PEPPERS","PEPPERS, BELL, UTILIZED - PRODUCTION, MEASURED IN CWT","TOTAL","NOT SPECIFIED","472,300",""
"SURVEY","2019","YEAR","","STATE","OTHER STATES","","","","","","","","00000000","","PEPPERS","PEPPERS, BELL, FRESH MARKET - PRODUCTION, MEASURED IN $","TOTAL","NOT SPECIFIED","36,614,000",""
"SURVEY","2019","YEAR","","STATE","OTHER STATES","","","","","","","","00000000","","PEPPERS","PEPPERS, BELL, FRESH MARKET, UTILIZED - PRODUCTION, MEASURED IN CWT","TOTAL","NOT SPECIFIED","970,300",""
"SURVEY","2019","YEAR","","STATE","OTHER STATES","","","","","","","","00000000","","PEPPERS","PEPPERS, BELL, PROCESSING - PRODUCTION, MEASURED IN $","TOTAL","NOT SPECIFIED","966,000",""
"SURVEY","2019","YEAR","","STATE","OTHER STATES","","","","","","","","00000000","","PEPPERS","PEPPERS, BELL, PROCESSING, UTILIZED - PRODUCTION, MEASURED IN TONS","TOTAL","NOT SPECIFIED","1,686",""
"SURVEY","2019","YEAR","","STATE","OTHER STATES","","","","","","","","00000000","","PEPPERS","PEPPERS, CHILE, FRESH MARKET - PRODUCTION, MEASURED IN $","TOTAL","NOT SPECIFIED","29,795,000",""
"SURVEY","2019","YEAR","","STATE","OTHER STATES","","","","","","","","00000000","","PEPPERS","PEPPERS, CHILE, FRESH MARKET, UTILIZED - PRODUCTION, MEASURED IN CWT","TOTAL","NOT SPECIFIED","663,500",""
"SURVEY","2019","YEAR","","STATE","OTHER STATES","","","","","","","","00000000","","PEPPERS","PEPPERS, CHILE, PROCESSING - PRODUCTION, MEASURED IN $","TOTAL","NOT SPECIFIED","52,189,000",""
"SURVEY","2019","YEAR","","STATE","OTHER STATES","","","","","","","","00000000","","PEPPERS","PEPPERS, CHILE, PROCESSING, UTILIZED - PRODUCTION, MEASURED IN TONS","TOTAL","NOT SPECIFIED","74,481",""
"SURVEY","2018","YEAR","","STATE","ARIZONA","04","","","","","","","00000000","","PEPPERS","PEPPERS, CHILE - PRODUCTION, MEASURED IN $","TOTAL","NOT SPECIFIED","2,660,000",""
"SURVEY","2018","YEAR","","STATE","ARIZONA","04","","","","","","","00000000","","PEPPERS","PEPPERS, CHILE - PRODUCTION, MEASURED IN CWT","TOTAL","NOT SPECIFIED","66,000",""
"SURVEY","2018","YEAR","","STATE","ARIZONA","04","","","","","","","00000000","","PEPPERS","PEPPERS, CHILE, FRESH MARKET - PRODUCTION, MEASURED IN $","TOTAL","NOT SPECIFIED"," (D)",""
"SURVEY","2018","YEAR","","STATE","ARIZONA","04","","","","","","","00000000","","PEPPERS","PEPPERS, CHILE, FRESH MARKET, UTILIZED - PRODUCTION, MEASURED IN CWT","TOTAL","NOT SPECIFIED"," (D)",""
"SURVEY","2018","YEAR","","STATE","ARIZONA","04","","","","","","","00000000","","PEPPERS","PEPPERS, CHILE, NOT SOLD - PRODUCTION, MEASURED IN CWT","TOTAL","NOT SPECIFIED","0",""
"SURVEY","2018","YEAR","","STATE","ARIZONA","04","","","","","","","00000000","","PEPPERS","PEPPERS, CHILE, PROCESSING - PRODUCTION, MEASURED IN $","TOTAL","NOT SPECIFIED"," (D)",""
"SURVEY","2018","YEAR","","STATE","ARIZONA","04","","","","","","","00000000","","PEPPERS","PEPPERS, CHILE, PROCESSING, UTILIZED - PRODUCTION, MEASURED IN TONS","TOTAL","NOT SPECIFIED"," (D)",""
"SURVEY","2018","YEAR","","STATE","ARIZONA","04","","","","","","","00000000","","PEPPERS","PEPPERS, CHILE, UTILIZED - PRODUCTION, MEASURED IN CWT","TOTAL","NOT SPECIFIED","66,000",""
"SURVEY","2018","YEAR","","STATE","CALIFORNIA","06","","","","","","","00000000","","PEPPERS","PEPPERS, BELL - PRODUCTION, MEASURED IN $","TOTAL","NOT SPECIFIED","250,351,000",""
"SURVEY","2018","YEAR","","STATE","CALIFORNIA","06","","","","","","","00000000","","PEPPERS","PEPPERS, BELL - PRODUCTION, MEASURED IN CWT","TOTAL","NOT SPECIFIED","5,985,000",""
"SURVEY","2018","YEAR","","STATE","CALIFORNIA","06","","","","","","","00000000","","PEPPERS","PEPPERS, BELL, FRESH MARKET - PRODUCTION, MEASURED IN $","TOTAL","NOT SPECIFIED","198,308,000",""
"SURVEY","2018","YEAR","","STATE","CALIFORNIA","06","","","","","","","00000000","","PEPPERS","PEPPERS, BELL, FRESH MARKET, UTILIZED - PRODUCTION, MEASURED IN CWT","TOTAL","NOT SPECIFIED","2,824,900",""
"SURVEY","2018","YEAR","","STATE","CALIFORNIA","06","","","","","","","00000000","","PEPPERS","PEPPERS, BELL, NOT SOLD - PRODUCTION, MEASURED IN CWT","TOTAL","NOT SPECIFIED","6,000",""
"SURVEY","2018","YEAR","","STATE","CALIFORNIA","06","","","","","","","00000000","","PEPPERS","PEPPERS, BELL, PROCESSING - PRODUCTION, MEASURED IN $","TOTAL","NOT SPECIFIED","52,043,000",""
"SURVEY","2018","YEAR","","STATE","CALIFORNIA","06","","","","","","","00000000","","PEPPERS","PEPPERS, BELL, PROCESSING, UTILIZED - PRODUCTION, MEASURED IN TONS","TOTAL","NOT SPECIFIED","157,705",""
"SURVEY","2018","YEAR","","STATE","CALIFORNIA","06","","","","","","","00000000","","PEPPERS","PEPPERS, BELL, UTILIZED - PRODUCTION, MEASURED IN CWT","TOTAL","NOT SPECIFIED","5,979,000",""
"SURVEY","2018","YEAR","","STATE","CALIFORNIA","06","","","","","","","00000000","","PEPPERS","PEPPERS, CHILE - PRODUCTION, MEASURED IN $","TOTAL","NOT SPECIFIED","33,832,000",""
"SURVEY","2018","YEAR","","STATE","CALIFORNIA","06","","","","","","","00000000","","PEPPERS","PEPPERS, CHILE - PRODUCTION, MEASURED IN CWT","TOTAL","NOT SPECIFIED","1,193,500",""
"SURVEY","2018","YEAR","","STATE","CALIFORNIA","06","","","","","","","00000000","","PEPPERS","PEPPERS, CHILE, FRESH MARKET - PRODUCTION, MEASURED IN $","TOTAL","NOT SPECIFIED","9,365,000",""
"SURVEY","2018","YEAR","","STATE","CALIFORNIA","06","","","","","","","00000000","","PEPPERS","PEPPERS, CHILE, FRESH MARKET, UTILIZED - PRODUCTION, MEASURED IN CWT","TOTAL","NOT SPECIFIED","214,800",""
"SURVEY","2018","YEAR","","STATE","CALIFORNIA","06","","","","","","","00000000","","PEPPERS","PEPPERS, CHILE, NOT SOLD - PRODUCTION, MEASURED IN CWT","TOTAL","NOT SPECIFIED","0",""
"SURVEY","2018","YEAR","","STATE","CALIFORNIA","06","","","","","","","00000000","","PEPPERS","PEPPERS, CHILE, PROCESSING - PRODUCTION, MEASURED IN $","TOTAL","NOT SPECIFIED","24,467,000",""
"SURVEY","2018","YEAR","","STATE","CALIFORNIA","06","","","","","","","00000000","","PEPPERS","PEPPERS, CHILE, PROCESSING, UTILIZED - PRODUCTION, MEASURED IN TONS","TOTAL","NOT SPECIFIED","48,934",""
"SURVEY","2018","YEAR","","STATE","CALIFORNIA","06","","","","","","","00000000","","PEPPERS","PEPPERS, CHILE, UTILIZED - PRODUCTION, MEASURED IN CWT","TOTAL","NOT SPECIFIED","1,193,500",""
"SURVEY","2018","YEAR","","STATE","FLORIDA","12","","","","","","","00000000","","PEPPERS","PEPPERS, BELL - PRODUCTION, MEASURED IN $","TOTAL","NOT SPECIFIED","185,640,000",""
"SURVEY","2018","YEAR","","STATE","FLORIDA","12","","","","","","","00000000","","PEPPERS","PEPPERS, BELL - PRODUCTION, MEASURED IN CWT","TOTAL","NOT SPECIFIED","3,570,000",""
"SURVEY","2018","YEAR","","STATE","FLORIDA","12","","","","","","","00000000","","PEPPERS","PEPPERS, BELL, FRESH MARKET - PRODUCTION, MEASURED IN $","TOTAL","NOT SPECIFIED","185,640,000",""
"SURVEY","2018","YEAR","","STATE","FLORIDA","12","","","","","","","00000000","","PEPPERS","PEPPERS, BELL, FRESH MARKET, UTILIZED - PRODUCTION, MEASURED IN CWT","TOTAL","NOT SPECIFIED","3,570,000",""
"SURVEY","2018","YEAR","","STATE","FLORIDA","12","","","","","","","00000000","","PEPPERS","PEPPERS, BELL, NOT SOLD - PRODUCTION, MEASURED IN CWT","TOTAL","NOT SPECIFIED","0",""
"SURVEY","2018","YEAR","","STATE","FLORIDA","12","","","","","","","00000000","","PEPPERS","PEPPERS, BELL, PROCESSING - PRODUCTION, MEASURED IN $","TOTAL","NOT SPECIFIED","0",""
"SURVEY","2018","YEAR","","STATE","FLORIDA","12","","","","","","","00000000","","PEPPERS","PEPPERS, BELL, PROCESSING, UTILIZED - PRODUCTION, MEASURED IN TONS","TOTAL","NOT SPECIFIED","0",""
"SURVEY","2018","YEAR","","STATE","FLORIDA","12","","","","","","","00000000","","PEPPERS","PEPPERS, BELL, UTILIZED - PRODUCTION, MEASURED IN CWT","TOTAL","NOT SPECIFIED","3,570,000",""
"SURVEY","2018","YEAR","","STATE","GEORGIA","13","","","","","","","00000000","","PEPPERS","PEPPERS, BELL - PRODUCTION, MEASURED IN $","TOTAL","NOT SPECIFIED","55,168,000",""
"SURVEY","2018","YEAR","","STATE","GEORGIA","13","","","","","","","00000000","","PEPPERS","PEPPERS, BELL - PRODUCTION, MEASURED IN CWT","TOTAL","NOT SPECIFIED","1,037,000",""
"SURVEY","2018","YEAR","","STATE","GEORGIA","13","","","","","","","00000000","","PEPPERS","PEPPERS, BELL, FRESH MARKET - PRODUCTION, MEASURED IN $","TOTAL","NOT SPECIFIED","55,168,000",""
"SURVEY","2018","YEAR","","STATE","GEORGIA","13","","","","","","","00000000","","PEPPERS","PEPPERS, BELL, FRESH MARKET, UTILIZED - PRODUCTION, MEASURED IN CWT","TOTAL","NOT SPECIFIED","1,037,000",""
"SURVEY","2018","YEAR","","STATE","GEORGIA","13","","","","","","","00000000","","PEPPERS","PEPPERS, BELL, NOT SOLD - PRODUCTION, MEASURED IN CWT","TOTAL","NOT SPECIFIED","0",""
"SURVEY","2018","YEAR","","STATE","GEORGIA","13","","","","","","","00000000","","PEPPERS","PEPPERS, BELL, PROCESSING - PRODUCTION, MEASURED IN $","TOTAL","NOT SPECIFIED","0",""
"SURVEY","2018","YEAR","","STATE","GEORGIA","13","","","","","","","00000000","","PEPPERS","PEPPERS, BELL, PROCESSING, UTILIZED - PRODUCTION, MEASURED IN TONS","TOTAL","NOT SPECIFIED","0",""
"SURVEY","2018","YEAR","","STATE","GEORGIA","13","","","","","","","00000000","","PEPPERS","PEPPERS, BELL, UTILIZED - PRODUCTION, MEASURED IN CWT","TOTAL","NOT SPECIFIED","1,037,000",""
"SURVEY","2018","YEAR","","STATE","MICHIGAN","26","","","","","","","00000000","","PEPPERS","PEPPERS, BELL - PRODUCTION, MEASURED IN $","TOTAL","NOT SPECIFIED","17,948,000",""
"SURVEY","2018","YEAR","","STATE","MICHIGAN","26","","","","","","","00000000","","PEPPERS","PEPPERS, BELL - PRODUCTION, MEASURED IN CWT","TOTAL","NOT SPECIFIED","414,000",""
"SURVEY","2018","YEAR","","STATE","MICHIGAN","26","","","","","","","00000000","","PEPPERS","PEPPERS, BELL, FRESH MARKET - PRODUCTION, MEASURED IN $","TOTAL","NOT SPECIFIED"," (D)",""
"SURVEY","2018","YEAR","","STATE","MICHIGAN","26","","","","","","","00000000","","PEPPERS","PEPPERS, BELL, FRESH MARKET, UTILIZED - PRODUCTION, MEASURED IN CWT","TOTAL","NOT SPECIFIED"," (D)",""
"SURVEY","2018","YEAR","","STATE","MICHIGAN","26","","","","","","","00000000","","PEPPERS","PEPPERS, BELL, NOT SOLD - PRODUCTION, MEASURED IN CWT","TOTAL","NOT SPECIFIED","800",""
"SURVEY","2018","YEAR","","STATE","MICHIGAN","26","","","","","","","00000000","","PEPPERS","PEPPERS, BELL, PROCESSING - PRODUCTION, MEASURED IN $","TOTAL","NOT SPECIFIED"," (D)",""
"SURVEY","2018","YEAR","","STATE","MICHIGAN","26","","","","","","","00000000","","PEPPERS","PEPPERS, BELL, PROCESSING, UTILIZED - PRODUCTION, MEASURED IN TONS","TOTAL","NOT SPECIFIED"," (D)",""
"SURVEY","2018","YEAR","","STATE","MICHIGAN","26","","","","","","","00000000","","PEPPERS","PEPPERS, BELL, UTILIZED - PRODUCTION, MEASURED IN CWT","TOTAL","NOT SPECIFIED","413,200",""
"SURVEY","2018","YEAR","","STATE","NEW JERSEY","34","","","","","","","00000000","","PEPPERS","PEPPERS, BELL - PRODUCTION, MEASURED IN $","TOTAL","NOT SPECIFIED","36,220,000",""
"SURVEY","2018","YEAR","","STATE","NEW JERSEY","34","","","","","","","00000000","","PEPPERS","PEPPERS, BELL - PRODUCTION, MEASURED IN CWT","TOTAL","NOT SPECIFIED","852,500",""
"SURVEY","2018","YEAR","","STATE","NEW JERSEY","34","","","","","","","00000000","","PEPPERS","PEPPERS, BELL, FRESH MARKET - PRODUCTION, MEASURED IN $","TOTAL","NOT SPECIFIED","35,365,000",""
"SURVEY","2018","YEAR","","STATE","NEW JERSEY","34","","","","","","","00000000","","PEPPERS","PEPPERS, BELL, FRESH MARKET, UTILIZED - PRODUCTION, MEASURED IN CWT","TOTAL","NOT SPECIFIED","789,400",""
"SURVEY","2018","YEAR","","STATE","NEW JERSEY","34","","","","","","","00000000","","PEPPERS","PEPPERS, BELL, NOT SOLD - PRODUCTION, MEASURED IN CWT","TOTAL","NOT SPECIFIED","5,100",""
"SURVEY","2018","YEAR","","STATE","NEW JERSEY","34","","","","","","","00000000","","PEPPERS","PEPPERS, BELL, PROCESSING - PRODUCTION, MEASURED IN $","TOTAL","NOT SPECIFIED","855,000",""
"SURVEY","2018","YEAR","","STATE","NEW JERSEY","34","","","","","","","00000000","","PEPPERS","PEPPERS, BELL, PROCESSING, UTILIZED - PRODUCTION, MEASURED IN TONS","TOTAL","NOT SPECIFIED","2,899",""
"SURVEY","2018","YEAR","","STATE","NEW JERSEY","34","","","","","","","00000000","","PEPPERS","PEPPERS, BELL, UTILIZED - PRODUCTION, MEASURED IN CWT","TOTAL","NOT SPECIFIED","847,400",""
"SURVEY","2018","YEAR","","STATE","NEW MEXICO","35","","","","","","","00000000","","PEPPERS","PEPPERS, CHILE - PRODUCTION, MEASURED IN $","TOTAL","NOT SPECIFIED","53,766,000",""
"SURVEY","2018","YEAR","","STATE","NEW MEXICO","35","","","","","","","00000000","","PEPPERS","PEPPERS, CHILE - PRODUCTION, MEASURED IN CWT","TOTAL","NOT SPECIFIED","1,422,000",""
"SURVEY","2018","YEAR","","STATE","NEW MEXICO","35","","","","","","","00000000","","PEPPERS","PEPPERS, CHILE, FRESH MARKET - PRODUCTION, MEASURED IN $","TOTAL","NOT SPECIFIED","9,997,000",""
"SURVEY","2018","YEAR","","STATE","NEW MEXICO","35","","","","","","","00000000","","PEPPERS","PEPPERS, CHILE, FRESH MARKET, UTILIZED - PRODUCTION, MEASURED IN CWT","TOTAL","NOT SPECIFIED","270,200",""
"SURVEY","2018","YEAR","","STATE","NEW MEXICO","35","","","","","","","00000000","","PEPPERS","PEPPERS, CHILE, NOT SOLD - PRODUCTION, MEASURED IN CWT","TOTAL","NOT SPECIFIED","0",""
"SURVEY","2018","YEAR","","STATE","NEW MEXICO","35","","","","","","","00000000","","PEPPERS","PEPPERS, CHILE, PROCESSING - PRODUCTION, MEASURED IN $","TOTAL","NOT SPECIFIED","43,769,000",""
"SURVEY","2018","YEAR","","STATE","NEW MEXICO","35","","","","","","","00000000","","PEPPERS","PEPPERS, CHILE, PROCESSING, UTILIZED - PRODUCTION, MEASURED IN TONS","TOTAL","NOT SPECIFIED","57,591",""
"SURVEY","2018","YEAR","","STATE","NEW MEXICO","35","","","","","","","00000000","","PEPPERS","PEPPERS, CHILE, UTILIZED - PRODUCTION, MEASURED IN CWT","TOTAL","NOT SPECIFIED","1,422,000",""
"SURVEY","2018","YEAR","","STATE","NEW YORK","36","","","","","","","00000000","","PEPPERS","PEPPERS, BELL - PRODUCTION, MEASURED IN $","TOTAL","NOT SPECIFIED","8,455,000",""
"SURVEY","2018","YEAR","","STATE","NEW YORK","36","","","","","","","00000000","","PEPPERS","PEPPERS, BELL - PRODUCTION, MEASURED IN CWT","TOTAL","NOT SPECIFIED","154,000",""
"SURVEY","2018","YEAR","","STATE","NEW YORK","36","","","","","","","00000000","","PEPPERS","PEPPERS, BELL, FRESH MARKET - PRODUCTION, MEASURED IN $","TOTAL","NOT SPECIFIED","8,455,000",""
"SURVEY","2018","YEAR","","STATE","NEW YORK","36","","","","","","","00000000","","PEPPERS","PEPPERS, BELL, FRESH MARKET, UTILIZED - PRODUCTION, MEASURED IN CWT","TOTAL","NOT SPECIFIED","154,000",""
"SURVEY","2018","YEAR","","STATE","NEW YORK","36","","","","","","","00000000","","PEPPERS","PEPPERS, BELL, NOT SOLD - PRODUCTION, MEASURED IN CWT","TOTAL","NOT SPECIFIED","0",""
"SURVEY","2018","YEAR","","STATE","NEW YORK","36","","","","","","","00000000","","PEPPERS","PEPPERS, BELL, PROCESSING - PRODUCTION, MEASURED IN $","TOTAL","NOT SPECIFIED","0",""
"SURVEY","2018","YEAR","","STATE","NEW YORK","36","","","","","","","00000000","","PEPPERS","PEPPERS, BELL, PROCESSING, UTILIZED - PRODUCTION, MEASURED IN TONS","TOTAL","NOT SPECIFIED","0",""
"SURVEY","2018","YEAR","","STATE","NEW YORK","36","","","","","","","00000000","","PEPPERS","PEPPERS, BELL, UTILIZED - PRODUCTION, MEASURED IN CWT","TOTAL","NOT SPECIFIED","154,000",""
"SURVEY","2018","YEAR","","STATE","NORTH CAROLINA","37","","","","","","","00000000","","PEPPERS","PEPPERS, BELL - PRODUCTION, MEASURED IN $","TOTAL","NOT SPECIFIED","15,685,000",""
"SURVEY","2018","YEAR","","STATE","NORTH CAROLINA","37","","","","","","","00000000","","PEPPERS","PEPPERS, BELL - PRODUCTION, MEASURED IN CWT","TOTAL","NOT SPECIFIED","400,000",""
"SURVEY","2018","YEAR","","STATE","NORTH CAROLINA","37","","","","","","","00000000","","PEPPERS","PEPPERS, BELL, FRESH MARKET - PRODUCTION, MEASURED IN $","TOTAL","NOT SPECIFIED"," (D)",""
"SURVEY","2018","YEAR","","STATE","NORTH CAROLINA","37","","","","","","","00000000","","PEPPERS","PEPPERS, BELL, FRESH MARKET, UTILIZED - PRODUCTION, MEASURED IN CWT","TOTAL","NOT SPECIFIED"," (D)",""
"SURVEY","2018","YEAR","","STATE","NORTH CAROLINA","37","","","","","","","00000000","","PEPPERS","PEPPERS, BELL, NOT SOLD - PRODUCTION, MEASURED IN CWT","TOTAL","NOT SPECIFIED","24,000",""
"SURVEY","2018","YEAR","","STATE","NORTH CAROLINA","37","","","","","","","00000000","","PEPPERS","PEPPERS, BELL, PROCESSING - PRODUCTION, MEASURED IN $","TOTAL","NOT SPECIFIED"," (D)",""
"SURVEY","2018","YEAR","","STATE","NORTH CAROLINA","37","","","","","","","00000000","","PEPPERS","PEPPERS, BELL, PROCESSING, UTILIZED - PRODUCTION, MEASURED IN TONS","TOTAL","NOT SPECIFIED"," (D)",""
"SURVEY","2018","YEAR","","STATE","NORTH CAROLINA","37","","","","","","","00000000","","PEPPERS","PEPPERS, BELL, UTILIZED - PRODUCTION, MEASURED IN CWT","TOTAL","NOT SPECIFIED","376,000",""
"SURVEY","2018","YEAR","","STATE","OHIO","39","","","","","","","00000000","","PEPPERS","PEPPERS, BELL - PRODUCTION, MEASURED IN $","TOTAL","NOT SPECIFIED","12,040,000",""
"SURVEY","2018","YEAR","","STATE","OHIO","39","","","","","","","00000000","","PEPPERS","PEPPERS, BELL - PRODUCTION, MEASURED IN CWT","TOTAL","NOT SPECIFIED","280,000",""
"SURVEY","2018","YEAR","","STATE","OHIO","39","","","","","","","00000000","","PEPPERS","PEPPERS, BELL, FRESH MARKET - PRODUCTION, MEASURED IN $","TOTAL","NOT SPECIFIED","12,040,000",""
"SURVEY","2018","YEAR","","STATE","OHIO","39","","","","","","","00000000","","PEPPERS","PEPPERS, BELL, FRESH MARKET, UTILIZED - PRODUCTION, MEASURED IN CWT","TOTAL","NOT SPECIFIED","280,000",""
"SURVEY","2018","YEAR","","STATE","OHIO","39","","","","","","","00000000","","PEPPERS","PEPPERS, BELL, NOT SOLD - PRODUCTION, MEASURED IN CWT","TOTAL","NOT SPECIFIED","0",""
"SURVEY","2018","YEAR","","STATE","OHIO","39","","","","","","","00000000","","PEPPERS","PEPPERS, BELL, PROCESSING - PRODUCTION, MEASURED IN $","TOTAL","NOT SPECIFIED","0",""
"SURVEY","2018","YEAR","","STATE","OHIO","39","","","","","","","00000000","","PEPPERS","PEPPERS, BELL, PROCESSING, UTILIZED - PRODUCTION, MEASURED IN TONS","TOTAL","NOT SPECIFIED","0",""
"SURVEY","2018","YEAR","","STATE","OHIO","39","","","","","","","00000000","","PEPPERS","PEPPERS, BELL, UTILIZED - PRODUCTION, MEASURED IN CWT","TOTAL","NOT SPECIFIED","280,000",""
"SURVEY","2018","YEAR","","STATE","OTHER STATES","","","","","","","","00000000","","PEPPERS","PEPPERS, BELL, FRESH MARKET - PRODUCTION, MEASURED IN $","TOTAL","NOT SPECIFIED","41,324,000",""
"SURVEY","2018","YEAR","","STATE","OTHER STATES","","","","","","","","00000000","","PEPPERS","PEPPERS, BELL, FRESH MARKET, UTILIZED - PRODUCTION, MEASURED IN CWT","TOTAL","NOT SPECIFIED","917,700",""
"SURVEY","2018","YEAR","","STATE","OTHER STATES","","","","","","","","00000000","","PEPPERS","PEPPERS, BELL, PROCESSING - PRODUCTION, MEASURED IN $","TOTAL","NOT SPECIFIED","731,000",""
"SURVEY","2018","YEAR","","STATE","OTHER STATES","","","","","","","","00000000","","PEPPERS","PEPPERS, BELL, PROCESSING, UTILIZED - PRODUCTION, MEASURED IN TONS","TOTAL","NOT SPECIFIED","1,163",""
"SURVEY","2018","YEAR","","STATE","OTHER STATES","","","","","","","","00000000","","PEPPERS","PEPPERS, CHILE, FRESH MARKET - PRODUCTION, MEASURED IN $","TOTAL","NOT SPECIFIED","6,128,000",""
"SURVEY","2018","YEAR","","STATE","OTHER STATES","","","","","","","","00000000","","PEPPERS","PEPPERS, CHILE, FRESH MARKET, UTILIZED - PRODUCTION, MEASURED IN CWT","TOTAL","NOT SPECIFIED","94,500",""
"SURVEY","2018","YEAR","","STATE","OTHER STATES","","","","","","","","00000000","","PEPPERS","PEPPERS, CHILE, PROCESSING - PRODUCTION, MEASURED IN $","TOTAL","NOT SPECIFIED","5,405,000",""
"SURVEY","2018","YEAR","","STATE","OTHER STATES","","","","","","","","00000000","","PEPPERS","PEPPERS, CHILE, PROCESSING, UTILIZED - PRODUCTION, MEASURED IN TONS","TOTAL","NOT SPECIFIED","5,448",""
"SURVEY","2018","YEAR","","STATE","PENNSYLVANIA","42","","","","","","","00000000","","PEPPERS","PEPPERS, BELL - PRODUCTION, MEASURED IN $","TOTAL","NOT SPECIFIED","8,422,000",""
"SURVEY","2018","YEAR","","STATE","PENNSYLVANIA","42","","","","","","","00000000","","PEPPERS","PEPPERS, BELL - PRODUCTION, MEASURED IN CWT","TOTAL","NOT SPECIFIED","153,000",""
"SURVEY","2018","YEAR","","STATE","PENNSYLVANIA","42","","","","","","","00000000","","PEPPERS","PEPPERS, BELL, FRESH MARKET - PRODUCTION, MEASURED IN $","TOTAL","NOT SPECIFIED"," (D)",""
"SURVEY","2018","YEAR","","STATE","PENNSYLVANIA","42","","","","","","","00000000","","PEPPERS","PEPPERS, BELL, FRESH MARKET, UTILIZED - PRODUCTION, MEASURED IN CWT","TOTAL","NOT SPECIFIED"," (D)",""
"SURVEY","2018","YEAR","","STATE","PENNSYLVANIA","42","","","","","","","00000000","","PEPPERS","PEPPERS, BELL, NOT SOLD - PRODUCTION, MEASURED IN CWT","TOTAL","NOT SPECIFIED","1,200",""
"SURVEY","2018","YEAR","","STATE","PENNSYLVANIA","42","","","","","","","00000000","","PEPPERS","PEPPERS, BELL, PROCESSING - PRODUCTION, MEASURED IN $","TOTAL","NOT SPECIFIED"," (D)",""
"SURVEY","2018","YEAR","","STATE","PENNSYLVANIA","42","","","","","","","00000000","","PEPPERS","PEPPERS, BELL, PROCESSING, UTILIZED - PRODUCTION, MEASURED IN TONS","TOTAL","NOT SPECIFIED"," (D)",""
"SURVEY","2018","YEAR","","STATE","PENNSYLVANIA","42","","","","","","","00000000","","PEPPERS","PEPPERS, BELL, UTILIZED - PRODUCTION, MEASURED IN CWT","TOTAL","NOT SPECIFIED","151,800",""
"SURVEY","2018","YEAR","","STATE","TEXAS","48","","","","","","","00000000","","PEPPERS","PEPPERS, CHILE - PRODUCTION, MEASURED IN $","TOTAL","NOT SPECIFIED","8,873,000",""
"SURVEY","2018","YEAR","","STATE","TEXAS","48","","","","","","","00000000","","PEPPERS","PEPPERS, CHILE - PRODUCTION, MEASURED IN CWT","TOTAL","NOT SPECIFIED","137,500",""
"SURVEY","2018","YEAR","","STATE","TEXAS","48","","","","","","","00000000","","PEPPERS","PEPPERS, CHILE, FRESH MARKET - PRODUCTION, MEASURED IN $","TOTAL","NOT SPECIFIED"," (D)",""
"SURVEY","2018","YEAR","","STATE","TEXAS","48","","","","","","","00000000","","PEPPERS","PEPPERS, CHILE, FRESH MARKET, UTILIZED - PRODUCTION, MEASURED IN CWT","TOTAL","NOT SPECIFIED"," (D)",""
"SURVEY","2018","YEAR","","STATE","TEXAS","48","","","","","","","00000000","","PEPPERS","PEPPERS, CHILE, NOT SOLD - PRODUCTION, MEASURED IN CWT","TOTAL","NOT SPECIFIED","0",""
"SURVEY","2018","YEAR","","STATE","TEXAS","48","","","","","","","00000000","","PEPPERS","PEPPERS, CHILE, PROCESSING - PRODUCTION, MEASURED IN $","TOTAL","NOT SPECIFIED"," (D)",""
"SURVEY","2018","YEAR","","STATE","TEXAS","48","","","","","","","00000000","","PEPPERS","PEPPERS, CHILE, PROCESSING, UTILIZED - PRODUCTION, MEASURED IN TONS","TOTAL","NOT SPECIFIED"," (D)",""
"SURVEY","2018","YEAR","","STATE","TEXAS","48","","","","","","","00000000","","PEPPERS","PEPPERS, CHILE, UTILIZED - PRODUCTION, MEASURED IN CWT","TOTAL","NOT SPECIFIED","137,500",""
"SURVEY","2017","YEAR","","STATE","ARIZONA","04","","","","","","","00000000","","PEPPERS","PEPPERS, CHILE - PRODUCTION, MEASURED IN $","TOTAL","NOT SPECIFIED","2,039,000",""
"SURVEY","2017","YEAR","","STATE","ARIZONA","04","","","","","","","00000000","","PEPPERS","PEPPERS, CHILE - PRODUCTION, MEASURED IN CWT","TOTAL","NOT SPECIFIED","78,000",""
"SURVEY","2017","YEAR","","STATE","ARIZONA","04","","","","","","","00000000","","PEPPERS","PEPPERS, CHILE, FRESH MARKET - PRODUCTION, MEASURED IN $","TOTAL","NOT SPECIFIED"," (D)",""
"SURVEY","2017","YEAR","","STATE","ARIZONA","04","","","","","","","00000000","","PEPPERS","PEPPERS, CHILE, FRESH MARKET, UTILIZED - PRODUCTION, MEASURED IN CWT","TOTAL","NOT SPECIFIED"," (D)",""
"SURVEY","2017","YEAR","","STATE","ARIZONA","04","","","","","","","00000000","","PEPPERS","PEPPERS, CHILE, NOT SOLD - PRODUCTION, MEASURED IN CWT","TOTAL","NOT SPECIFIED","0",""
"SURVEY","2017","YEAR","","STATE","ARIZONA","04","","","","","","","00000000","","PEPPERS","PEPPERS, CHILE, PROCESSING - PRODUCTION, MEASURED IN $","TOTAL","NOT SPECIFIED"," (D)",""
"SURVEY","2017","YEAR","","STATE","ARIZONA","04","","","","","","","00000000","","PEPPERS","PEPPERS, CHILE, PROCESSING, UTILIZED - PRODUCTION, MEASURED IN TONS","TOTAL","NOT SPECIFIED"," (D)",""
"SURVEY","2017","YEAR","","STATE","ARIZONA","04","","","","","","","00000000","","PEPPERS","PEPPERS, CHILE, UTILIZED - PRODUCTION, MEASURED IN CWT","TOTAL","NOT SPECIFIED","78,000",""
"SURVEY","2017","YEAR","","STATE","CALIFORNIA","06","","","","","","","00000000","","PEPPERS","PEPPERS, BELL - PRODUCTION, MEASURED IN $","TOTAL","NOT SPECIFIED","282,452,000",""
"SURVEY","2017","YEAR","","STATE","CALIFORNIA","06","","","","","","","00000000","","PEPPERS","PEPPERS, BELL - PRODUCTION, MEASURED IN CWT","TOTAL","NOT SPECIFIED","6,678,000",""
"SURVEY","2017","YEAR","","STATE","CALIFORNIA","06","","","","","","","00000000","","PEPPERS","PEPPERS, BELL, FRESH MARKET - PRODUCTION, MEASURED IN $","TOTAL","NOT SPECIFIED","244,209,000",""
"SURVEY","2017","YEAR","","STATE","CALIFORNIA","06","","","","","","","00000000","","PEPPERS","PEPPERS, BELL, FRESH MARKET, UTILIZED - PRODUCTION, MEASURED IN CWT","TOTAL","NOT SPECIFIED","4,480,900",""
"SURVEY","2017","YEAR","","STATE","CALIFORNIA","06","","","","","","","00000000","","PEPPERS","PEPPERS, BELL, NOT SOLD - PRODUCTION, MEASURED IN CWT","TOTAL","NOT SPECIFIED","173,600",""
"SURVEY","2017","YEAR","","STATE","CALIFORNIA","06","","","","","","","00000000","","PEPPERS","PEPPERS, BELL, PROCESSING - PRODUCTION, MEASURED IN $","TOTAL","NOT SPECIFIED","38,243,000",""
"SURVEY","2017","YEAR","","STATE","CALIFORNIA","06","","","","","","","00000000","","PEPPERS","PEPPERS, BELL, PROCESSING, UTILIZED - PRODUCTION, MEASURED IN TONS","TOTAL","NOT SPECIFIED","101,172",""
"SURVEY","2017","YEAR","","STATE","CALIFORNIA","06","","","","","","","00000000","","PEPPERS","PEPPERS, BELL, UTILIZED - PRODUCTION, MEASURED IN CWT","TOTAL","NOT SPECIFIED","6,504,400",""
"SURVEY","2017","YEAR","","STATE","CALIFORNIA","06","","","","","","","00000000","","PEPPERS","PEPPERS, CHILE - PRODUCTION, MEASURED IN $","TOTAL","NOT SPECIFIED","58,874,000",""
"SURVEY","2017","YEAR","","STATE","CALIFORNIA","06","","","","","","","00000000","","PEPPERS","PEPPERS, CHILE - PRODUCTION, MEASURED IN CWT","TOTAL","NOT SPECIFIED","1,872,000",""
"SURVEY","2017","YEAR","","STATE","CALIFORNIA","06","","","","","","","00000000","","PEPPERS","PEPPERS, CHILE, FRESH MARKET - PRODUCTION, MEASURED IN $","TOTAL","NOT SPECIFIED","12,411,000",""
"SURVEY","2017","YEAR","","STATE","CALIFORNIA","06","","","","","","","00000000","","PEPPERS","PEPPERS, CHILE, FRESH MARKET, UTILIZED - PRODUCTION, MEASURED IN CWT","TOTAL","NOT SPECIFIED","280,800",""
"SURVEY","2017","YEAR","","STATE","CALIFORNIA","06","","","","","","","00000000","","PEPPERS","PEPPERS, CHILE, NOT SOLD - PRODUCTION, MEASURED IN CWT","TOTAL","NOT SPECIFIED","0",""
"SURVEY","2017","YEAR","","STATE","CALIFORNIA","06","","","","","","","00000000","","PEPPERS","PEPPERS, CHILE, PROCESSING - PRODUCTION, MEASURED IN $","TOTAL","NOT SPECIFIED","46,463,000",""
"SURVEY","2017","YEAR","","STATE","CALIFORNIA","06","","","","","","","00000000","","PEPPERS","PEPPERS, CHILE, PROCESSING, UTILIZED - PRODUCTION, MEASURED IN TONS","TOTAL","NOT SPECIFIED","79,560",""
"SURVEY","2017","YEAR","","STATE","CALIFORNIA","06","","","","","","","00000000","","PEPPERS","PEPPERS, CHILE, UTILIZED - PRODUCTION, MEASURED IN CWT","TOTAL","NOT SPECIFIED","1,872,000",""
"SURVEY","2017","YEAR","","STATE","FLORIDA","12","","","","","","","00000000","","PEPPERS","PEPPERS, BELL - PRODUCTION, MEASURED IN $","TOTAL","NOT SPECIFIED","188,940,000",""
"SURVEY","2017","YEAR","","STATE","FLORIDA","12","","","","","","","00000000","","PEPPERS","PEPPERS, BELL - PRODUCTION, MEASURED IN CWT","TOTAL","NOT SPECIFIED","4,020,000",""
"SURVEY","2017","YEAR","","STATE","FLORIDA","12","","","","","","","00000000","","PEPPERS","PEPPERS, BELL, FRESH MARKET - PRODUCTION, MEASURED IN $","TOTAL","NOT SPECIFIED","188,940,000",""
"SURVEY","2017","YEAR","","STATE","FLORIDA","12","","","","","","","00000000","","PEPPERS","PEPPERS, BELL, FRESH MARKET, UTILIZED - PRODUCTION, MEASURED IN CWT","TOTAL","NOT SPECIFIED","4,020,000",""
"SURVEY","2017","YEAR","","STATE","FLORIDA","12","","","","","","","00000000","","PEPPERS","PEPPERS, BELL, NOT SOLD - PRODUCTION, MEASURED IN CWT","TOTAL","NOT SPECIFIED","0",""
"SURVEY","2017","YEAR","","STATE","FLORIDA","12","","","","","","","00000000","","PEPPERS","PEPPERS, BELL, PROCESSING - PRODUCTION, MEASURED IN $","TOTAL","NOT SPECIFIED","0",""
"SURVEY","2017","YEAR","","STATE","FLORIDA","12","","","","","","","00000000","","PEPPERS","PEPPERS, BELL, PROCESSING, UTILIZED - PRODUCTION, MEASURED IN TONS","TOTAL","NOT SPECIFIED","0",""
"SURVEY","2017","YEAR","","STATE","FLORIDA","12","","","","","","","00000000","","PEPPERS","PEPPERS, BELL, UTILIZED - PRODUCTION, MEASURED IN CWT","TOTAL","NOT SPECIFIED","4,020,000",""
"SURVEY","2017","YEAR","","STATE","GEORGIA","13","","","","","","","00000000","","PEPPERS","PEPPERS, BELL - PRODUCTION, MEASURED IN $","TOTAL","NOT SPECIFIED","43,581,000",""
"SURVEY","2017","YEAR","","STATE","GEORGIA","13","","","","","","","00000000","","PEPPERS","PEPPERS, BELL - PRODUCTION, MEASURED IN CWT","TOTAL","NOT SPECIFIED","986,000",""
"SURVEY","2017","YEAR","","STATE","GEORGIA","13","","","","","","","00000000","","PEPPERS","PEPPERS, BELL, FRESH MARKET - PRODUCTION, MEASURED IN $","TOTAL","NOT SPECIFIED","43,581,000",""
"SURVEY","2017","YEAR","","STATE","GEORGIA","13","","","","","","","00000000","","PEPPERS","PEPPERS, BELL, FRESH MARKET, UTILIZED - PRODUCTION, MEASURED IN CWT","TOTAL","NOT SPECIFIED","986,000",""
"SURVEY","2017","YEAR","","STATE","GEORGIA","13","","","","","","","00000000","","PEPPERS","PEPPERS, BELL, NOT SOLD - PRODUCTION, MEASURED IN CWT","TOTAL","NOT SPECIFIED","0",""
"SURVEY","2017","YEAR","","STATE","GEORGIA","13","","","","","","","00000000","","PEPPERS","PEPPERS, BELL, PROCESSING - PRODUCTION, MEASURED IN $","TOTAL","NOT SPECIFIED","0",""
"SURVEY","2017","YEAR","","STATE","GEORGIA","13","","","","","","","00000000","","PEPPERS","PEPPERS, BELL, PROCESSING, UTILIZED - PRODUCTION, MEASURED IN TONS","TOTAL","NOT SPECIFIED","0",""
"SURVEY","2017","YEAR","","STATE","GEORGIA","13","","","","","","","00000000","","PEPPERS","PEPPERS, BELL, UTILIZED - PRODUCTION, MEASURED IN CWT","TOTAL","NOT SPECIFIED","986,000",""
"SURVEY","2017","YEAR","","STATE","MICHIGAN","26","","","","","","","00000000","","PEPPERS","PEPPERS, BELL - PRODUCTION, MEASURED IN $","TOTAL","NOT SPECIFIED","15,318,000",""
"SURVEY","2017","YEAR","","STATE","MICHIGAN","26","","","","","","","00000000","","PEPPERS","PEPPERS, BELL - PRODUCTION, MEASURED IN CWT","TOTAL","NOT SPECIFIED","561,000",""
"SURVEY","2017","YEAR","","STATE","MICHIGAN","26","","","","","","","00000000","","PEPPERS","PEPPERS, BELL, FRESH MARKET - PRODUCTION, MEASURED IN $","TOTAL","NOT SPECIFIED"," (D)",""
"SURVEY","2017","YEAR","","STATE","MICHIGAN","26","","","","","","","00000000","","PEPPERS","PEPPERS, BELL, FRESH MARKET, UTILIZED - PRODUCTION, MEASURED IN CWT","TOTAL","NOT SPECIFIED"," (D)",""
"SURVEY","2017","YEAR","","STATE","MICHIGAN","26","","","","","","","00000000","","PEPPERS","PEPPERS, BELL, NOT SOLD - PRODUCTION, MEASURED IN CWT","TOTAL","NOT SPECIFIED","0",""
"SURVEY","2017","YEAR","","STATE","MICHIGAN","26","","","","","","","00000000","","PEPPERS","PEPPERS, BELL, PROCESSING - PRODUCTION, MEASURED IN $","TOTAL","NOT SPECIFIED"," (D)",""
"SURVEY","2017","YEAR","","STATE","MICHIGAN","26","","","","","","","00000000","","PEPPERS","PEPPERS, BELL, PROCESSING, UTILIZED - PRODUCTION, MEASURED IN TONS","TOTAL","NOT SPECIFIED"," (D)",""
"SURVEY","2017","YEAR","","STATE","MICHIGAN","26","","","","","","","00000000","","PEPPERS","PEPPERS, BELL, UTILIZED - PRODUCTION, MEASURED IN CWT","TOTAL","NOT SPECIFIED","561,000",""
"SURVEY","2017","YEAR","","STATE","NEW JERSEY","34","","","","","","","00000000","","PEPPERS","PEPPERS, BELL - PRODUCTION, MEASURED IN $","TOTAL","NOT SPECIFIED","39,381,000",""
"SURVEY","2017","YEAR","","STATE","NEW JERSEY","34","","","","","","","00000000","","PEPPERS","PEPPERS, BELL - PRODUCTION, MEASURED IN CWT","TOTAL","NOT SPECIFIED","952,000",""
"SURVEY","2017","YEAR","","STATE","NEW JERSEY","34","","","","","","","00000000","","PEPPERS","PEPPERS, BELL, FRESH MARKET - PRODUCTION, MEASURED IN $","TOTAL","NOT SPECIFIED"," (D)",""
"SURVEY","2017","YEAR","","STATE","NEW JERSEY","34","","","","","","","00000000","","PEPPERS","PEPPERS, BELL, FRESH MARKET, UTILIZED - PRODUCTION, MEASURED IN CWT","TOTAL","NOT SPECIFIED"," (D)",""
"SURVEY","2017","YEAR","","STATE","NEW JERSEY","34","","","","","","","00000000","","PEPPERS","PEPPERS, BELL, NOT SOLD - PRODUCTION, MEASURED IN CWT","TOTAL","NOT SPECIFIED","1,000",""
"SURVEY","2017","YEAR","","STATE","NEW JERSEY","34","","","","","","","00000000","","PEPPERS","PEPPERS, BELL, PROCESSING - PRODUCTION, MEASURED IN $","TOTAL","NOT SPECIFIED"," (D)",""
"SURVEY","2017","YEAR","","STATE","NEW JERSEY","34","","","","","","","00000000","","PEPPERS","PEPPERS, BELL, PROCESSING, UTILIZED - PRODUCTION, MEASURED IN TONS","TOTAL","NOT SPECIFIED"," (D)",""
"SURVEY","2017","YEAR","","STATE","NEW JERSEY","34","","","","","","","00000000","","PEPPERS","PEPPERS, BELL, UTILIZED - PRODUCTION, MEASURED IN CWT","TOTAL","NOT SPECIFIED","951,000",""
"SURVEY","2017","YEAR","","STATE","NEW MEXICO","35","","","","","","","00000000","","PEPPERS","PEPPERS, CHILE - PRODUCTION, MEASURED IN $","TOTAL","NOT SPECIFIED","44,553,000",""
"SURVEY","2017","YEAR","","STATE","NEW MEXICO","35","","","","","","","00000000","","PEPPERS","PEPPERS, CHILE - PRODUCTION, MEASURED IN CWT","TOTAL","NOT SPECIFIED","1,254,000",""
"SURVEY","2017","YEAR","","STATE","NEW MEXICO","35","","","","","","","00000000","","PEPPERS","PEPPERS, CHILE, FRESH MARKET - PRODUCTION, MEASURED IN $","TOTAL","NOT SPECIFIED","7,899,000",""
"SURVEY","2017","YEAR","","STATE","NEW MEXICO","35","","","","","","","00000000","","PEPPERS","PEPPERS, CHILE, FRESH MARKET, UTILIZED - PRODUCTION, MEASURED IN CWT","TOTAL","NOT SPECIFIED","263,300",""
"SURVEY","2017","YEAR","","STATE","NEW MEXICO","35","","","","","","","00000000","","PEPPERS","PEPPERS, CHILE, NOT SOLD - PRODUCTION, MEASURED IN CWT","TOTAL","NOT SPECIFIED","0",""
"SURVEY","2017","YEAR","","STATE","NEW MEXICO","35","","","","","","","00000000","","PEPPERS","PEPPERS, CHILE, PROCESSING - PRODUCTION, MEASURED IN $","TOTAL","NOT SPECIFIED","36,654,000",""
"SURVEY","2017","YEAR","","STATE","NEW MEXICO","35","","","","","","","00000000","","PEPPERS","PEPPERS, CHILE, PROCESSING, UTILIZED - PRODUCTION, MEASURED IN TONS","TOTAL","NOT SPECIFIED","49,533",""
"SURVEY","2017","YEAR","","STATE","NEW MEXICO","35","","","","","","","00000000","","PEPPERS","PEPPERS, CHILE, UTILIZED - PRODUCTION, MEASURED IN CWT","TOTAL","NOT SPECIFIED","1,254,000",""
"SURVEY","2017","YEAR","","STATE","NEW YORK","36","","","","","","","00000000","","PEPPERS","PEPPERS, BELL - PRODUCTION, MEASURED IN $","TOTAL","NOT SPECIFIED","5,196,000",""
"SURVEY","2017","YEAR","","STATE","NEW YORK","36","","","","","","","00000000","","PEPPERS","PEPPERS, BELL - PRODUCTION, MEASURED IN CWT","TOTAL","NOT SPECIFIED","103,500",""
"SURVEY","2017","YEAR","","STATE","NEW YORK","36","","","","","","","00000000","","PEPPERS","PEPPERS, BELL, FRESH MARKET - PRODUCTION, MEASURED IN $","TOTAL","NOT SPECIFIED","5,196,000",""
"SURVEY","2017","YEAR","","STATE","NEW YORK","36","","","","","","","00000000","","PEPPERS","PEPPERS, BELL, FRESH MARKET, UTILIZED - PRODUCTION, MEASURED IN CWT","TOTAL","NOT SPECIFIED","97,300",""
"SURVEY","2017","YEAR","","STATE","NEW YORK","36","","","","","","","00000000","","PEPPERS","PEPPERS, BELL, NOT SOLD - PRODUCTION, MEASURED IN CWT","TOTAL","NOT SPECIFIED","6,200",""
"SURVEY","2017","YEAR","","STATE","NEW YORK","36","","","","","","","00000000","","PEPPERS","PEPPERS, BELL, PROCESSING - PRODUCTION, MEASURED IN $","TOTAL","NOT SPECIFIED","0",""
"SURVEY","2017","YEAR","","STATE","NEW YORK","36","","","","","","","00000000","","PEPPERS","PEPPERS, BELL, PROCESSING, UTILIZED - PRODUCTION, MEASURED IN TONS","TOTAL","NOT SPECIFIED","0",""
"SURVEY","2017","YEAR","","STATE","NEW YORK","36","","","","","","","00000000","","PEPPERS","PEPPERS, BELL, UTILIZED - PRODUCTION, MEASURED IN CWT","TOTAL","NOT SPECIFIED","97,300",""
"SURVEY","2017","YEAR","","STATE","NORTH CAROLINA","37","","","","","","","00000000","","PEPPERS","PEPPERS, BELL - PRODUCTION, MEASURED IN $","TOTAL","NOT SPECIFIED","25,487,000",""
"SURVEY","2017","YEAR","","STATE","NORTH CAROLINA","37","","","","","","","00000000","","PEPPERS","PEPPERS, BELL - PRODUCTION, MEASURED IN CWT","TOTAL","NOT SPECIFIED","567,000",""
"SURVEY","2017","YEAR","","STATE","NORTH CAROLINA","37","","","","","","","00000000","","PEPPERS","PEPPERS, BELL, FRESH MARKET - PRODUCTION, MEASURED IN $","TOTAL","NOT SPECIFIED"," (D)",""
"SURVEY","2017","YEAR","","STATE","NORTH CAROLINA","37","","","","","","","00000000","","PEPPERS","PEPPERS, BELL, FRESH MARKET, UTILIZED - PRODUCTION, MEASURED IN CWT","TOTAL","NOT SPECIFIED"," (D)",""
"SURVEY","2017","YEAR","","STATE","NORTH CAROLINA","37","","","","","","","00000000","","PEPPERS","PEPPERS, BELL, NOT SOLD - PRODUCTION, MEASURED IN CWT","TOTAL","NOT SPECIFIED","0",""
"SURVEY","2017","YEAR","","STATE","NORTH CAROLINA","37","","","","","","","00000000","","PEPPERS","PEPPERS, BELL, PROCESSING - PRODUCTION, MEASURED IN $","TOTAL","NOT SPECIFIED"," (D)",""
"SURVEY","2017","YEAR","","STATE","NORTH CAROLINA","37","","","","","","","00000000","","PEPPERS","PEPPERS, BELL, PROCESSING, UTILIZED - PRODUCTION, MEASURED IN TONS","TOTAL","NOT SPECIFIED"," (D)",""
"SURVEY","2017","YEAR","","STATE","NORTH CAROLINA","37","","","","","","","00000000","","PEPPERS","PEPPERS, BELL, UTILIZED - PRODUCTION, MEASURED IN CWT","TOTAL","NOT SPECIFIED","567,000",""
"SURVEY","2017","YEAR","","STATE","OHIO","39","","","","","","","00000000","","PEPPERS","PEPPERS, BELL - PRODUCTION, MEASURED IN $","TOTAL","NOT SPECIFIED","11,700,000",""
"SURVEY","2017","YEAR","","STATE","OHIO","39","","","","","","","00000000","","PEPPERS","PEPPERS, BELL - PRODUCTION, MEASURED IN CWT","TOTAL","NOT SPECIFIED","292,500",""
"SURVEY","2017","YEAR","","STATE","OHIO","39","","","","","","","00000000","","PEPPERS","PEPPERS, BELL, FRESH MARKET - PRODUCTION, MEASURED IN $","TOTAL","NOT SPECIFIED"," (D)",""
"SURVEY","2017","YEAR","","STATE","OHIO","39","","","","","","","00000000","","PEPPERS","PEPPERS, BELL, FRESH MARKET, UTILIZED - PRODUCTION, MEASURED IN CWT","TOTAL","NOT SPECIFIED"," (D)",""
"SURVEY","2017","YEAR","","STATE","OHIO","39","","","","","","","00000000","","PEPPERS","PEPPERS, BELL, NOT SOLD - PRODUCTION, MEASURED IN CWT","TOTAL","NOT SPECIFIED","0",""
"SURVEY","2017","YEAR","","STATE","OHIO","39","","","","","","","00000000","","PEPPERS","PEPPERS, BELL, PROCESSING - PRODUCTION, MEASURED IN $","TOTAL","NOT SPECIFIED"," (D)",""
"SURVEY","2017","YEAR","","STATE","OHIO","39","","","","","","","00000000","","PEPPERS","PEPPERS, BELL, PROCESSING, UTILIZED - PRODUCTION, MEASURED IN TONS","TOTAL","NOT SPECIFIED"," (D)",""
"SURVEY","2017","YEAR","","STATE","OHIO","39","","","","","","","00000000","","PEPPERS","PEPPERS, BELL, UTILIZED - PRODUCTION, MEASURED IN CWT","TOTAL","NOT SPECIFIED","292,500",""
"SURVEY","2017","YEAR","","STATE","OTHER STATES","","","","","","","","00000000","","PEPPERS","PEPPERS, BELL, FRESH MARKET - PRODUCTION, MEASURED IN $","TOTAL","NOT SPECIFIED","102,575,000",""
"SURVEY","2017","YEAR","","STATE","OTHER STATES","","","","","","","","00000000","","PEPPERS","PEPPERS, BELL, FRESH MARKET, UTILIZED - PRODUCTION, MEASURED IN CWT","TOTAL","NOT SPECIFIED","2,419,700",""
"SURVEY","2017","YEAR","","STATE","OTHER STATES","","","","","","","","00000000","","PEPPERS","PEPPERS, BELL, PROCESSING - PRODUCTION, MEASURED IN $","TOTAL","NOT SPECIFIED","2,833,000",""
"SURVEY","2017","YEAR","","STATE","OTHER STATES","","","","","","","","00000000","","PEPPERS","PEPPERS, BELL, PROCESSING, UTILIZED - PRODUCTION, MEASURED IN TONS","TOTAL","NOT SPECIFIED","8,293",""
"SURVEY","2017","YEAR","","STATE","OTHER STATES","","","","","","","","00000000","","PEPPERS","PEPPERS, CHILE, FRESH MARKET - PRODUCTION, MEASURED IN $","TOTAL","NOT SPECIFIED","2,968,000",""
"SURVEY","2017","YEAR","","STATE","OTHER STATES","","","","","","","","00000000","","PEPPERS","PEPPERS, CHILE, FRESH MARKET, UTILIZED - PRODUCTION, MEASURED IN CWT","TOTAL","NOT SPECIFIED","55,900",""
"SURVEY","2017","YEAR","","STATE","OTHER STATES","","","","","","","","00000000","","PEPPERS","PEPPERS, CHILE, PROCESSING - PRODUCTION, MEASURED IN $","TOTAL","NOT SPECIFIED","7,167,000",""
"SURVEY","2017","YEAR","","STATE","OTHER STATES","","","","","","","","00000000","","PEPPERS","PEPPERS, CHILE, PROCESSING, UTILIZED - PRODUCTION, MEASURED IN TONS","TOTAL","NOT SPECIFIED","7,704",""
"SURVEY","2017","YEAR","","STATE","PENNSYLVANIA","42","","","","","","","00000000","","PEPPERS","PEPPERS, BELL - PRODUCTION, MEASURED IN $","TOTAL","NOT SPECIFIED","13,522,000",""
"SURVEY","2017","YEAR","","STATE","PENNSYLVANIA","42","","","","","","","00000000","","PEPPERS","PEPPERS, BELL - PRODUCTION, MEASURED IN CWT","TOTAL","NOT SPECIFIED","230,000",""
"SURVEY","2017","YEAR","","STATE","PENNSYLVANIA","42","","","","","","","00000000","","PEPPERS","PEPPERS, BELL, FRESH MARKET - PRODUCTION, MEASURED IN $","TOTAL","NOT SPECIFIED"," (D)",""
"SURVEY","2017","YEAR","","STATE","PENNSYLVANIA","42","","","","","","","00000000","","PEPPERS","PEPPERS, BELL, FRESH MARKET, UTILIZED - PRODUCTION, MEASURED IN CWT","TOTAL","NOT SPECIFIED"," (D)",""
"SURVEY","2017","YEAR","","STATE","PENNSYLVANIA","42","","","","","","","00000000","","PEPPERS","PEPPERS, BELL, NOT SOLD - PRODUCTION, MEASURED IN CWT","TOTAL","NOT SPECIFIED","16,100",""
"SURVEY","2017","YEAR","","STATE","PENNSYLVANIA","42","","","","","","","00000000","","PEPPERS","PEPPERS, BELL, PROCESSING - PRODUCTION, MEASURED IN $","TOTAL","NOT SPECIFIED"," (D)",""
"SURVEY","2017","YEAR","","STATE","PENNSYLVANIA","42","","","","","","","00000000","","PEPPERS","PEPPERS, BELL, PROCESSING, UTILIZED - PRODUCTION, MEASURED IN TONS","TOTAL","NOT SPECIFIED"," (D)",""
"SURVEY","2017","YEAR","","STATE","PENNSYLVANIA","42","","","","","","","00000000","","PEPPERS","PEPPERS, BELL, UTILIZED - PRODUCTION, MEASURED IN CWT","TOTAL","NOT SPECIFIED","213,900",""
"SURVEY","2017","YEAR","","STATE","TEXAS","48","","","","","","","00000000","","PEPPERS","PEPPERS, CHILE - PRODUCTION, MEASURED IN $","TOTAL","NOT SPECIFIED","8,096,000",""
"SURVEY","2017","YEAR","","STATE","TEXAS","48","","","","","","","00000000","","PEPPERS","PEPPERS, CHILE - PRODUCTION, MEASURED IN CWT","TOTAL","NOT SPECIFIED","132,000",""
"SURVEY","2017","YEAR","","STATE","TEXAS","48","","","","","","","00000000","","PEPPERS","PEPPERS, CHILE, FRESH MARKET - PRODUCTION, MEASURED IN $","TOTAL","NOT SPECIFIED"," (D)",""
"SURVEY","2017","YEAR","","STATE","TEXAS","48","","","","","","","00000000","","PEPPERS","PEPPERS, CHILE, FRESH MARKET, UTILIZED - PRODUCTION, MEASURED IN CWT","TOTAL","NOT SPECIFIED"," (D)",""
"SURVEY","2017","YEAR","","STATE","TEXAS","48","","","","","","","00000000","","PEPPERS","PEPPERS, CHILE, NOT SOLD - PRODUCTION, MEASURED IN CWT","TOTAL","NOT SPECIFIED","0",""
"SURVEY","2017","YEAR","","STATE","TEXAS","48","","","","","","","00000000","","PEPPERS","PEPPERS, CHILE, PROCESSING - PRODUCTION, MEASURED IN $","TOTAL","NOT SPECIFIED"," (D)",""
"SURVEY","2017","YEAR","","STATE","TEXAS","48","","","","","","","00000000","","PEPPERS","PEPPERS, CHILE, PROCESSING, UTILIZED - PRODUCTION, MEASURED IN TONS","TOTAL","NOT SPECIFIED"," (D)",""
"SURVEY","2017","YEAR","","STATE","TEXAS","48","","","","","","","00000000","","PEPPERS","PEPPERS, CHILE, UTILIZED - PRODUCTION, MEASURED IN CWT","TOTAL","NOT SPECIFIED","132,000",""
"SURVEY","2016","YEAR","","STATE","ARIZONA","04","","","","","","","00000000","","PEPPERS","PEPPERS, CHILE - PRODUCTION, MEASURED IN $","TOTAL","NOT SPECIFIED","4,439,000",""
"SURVEY","2016","YEAR","","STATE","ARIZONA","04","","","","","","","00000000","","PEPPERS","PEPPERS, CHILE - PRODUCTION, MEASURED IN CWT","TOTAL","NOT SPECIFIED","121,600",""
"SURVEY","2016","YEAR","","STATE","ARIZONA","04","","","","","","","00000000","","PEPPERS","PEPPERS, CHILE, FRESH MARKET - PRODUCTION, MEASURED IN $","TOTAL","NOT SPECIFIED","180,000",""
"SURVEY","2016","YEAR","","STATE","ARIZONA","04","","","","","","","00000000","","PEPPERS","PEPPERS, CHILE, FRESH MARKET, UTILIZED - PRODUCTION, MEASURED IN CWT","TOTAL","NOT SPECIFIED","8,000",""
"SURVEY","2016","YEAR","","STATE","ARIZONA","04","","","","","","","00000000","","PEPPERS","PEPPERS, CHILE, NOT SOLD - PRODUCTION, MEASURED IN CWT","TOTAL","NOT SPECIFIED","0",""
"SURVEY","2016","YEAR","","STATE","ARIZONA","04","","","","","","","00000000","","PEPPERS","PEPPERS, CHILE, PROCESSING - PRODUCTION, MEASURED IN $","TOTAL","NOT SPECIFIED","4,259,000",""
"SURVEY","2016","YEAR","","STATE","ARIZONA","04","","","","","","","00000000","","PEPPERS","PEPPERS, CHILE, PROCESSING, UTILIZED - PRODUCTION, MEASURED IN TONS","TOTAL","NOT SPECIFIED","5,679",""
"SURVEY","2016","YEAR","","STATE","ARIZONA","04","","","","","","","00000000","","PEPPERS","PEPPERS, CHILE, UTILIZED - PRODUCTION, MEASURED IN CWT","TOTAL","NOT SPECIFIED","121,600",""
"SURVEY","2016","YEAR","","STATE","CALIFORNIA","06","","","","","","","00000000","","PEPPERS","PEPPERS, BELL - PRODUCTION, MEASURED IN $","TOTAL","NOT SPECIFIED","226,411,000",""
"SURVEY","2016","YEAR","","STATE","CALIFORNIA","06","","","","","","","00000000","","PEPPERS","PEPPERS, BELL - PRODUCTION, MEASURED IN CWT","TOTAL","NOT SPECIFIED","7,096,500",""
"SURVEY","2016","YEAR","","STATE","CALIFORNIA","06","","","","","","","00000000","","PEPPERS","PEPPERS, BELL, FRESH MARKET - PRODUCTION, MEASURED IN $","TOTAL","NOT SPECIFIED","209,819,000",""
"SURVEY","2016","YEAR","","STATE","CALIFORNIA","06","","","","","","","00000000","","PEPPERS","PEPPERS, BELL, FRESH MARKET, UTILIZED - PRODUCTION, MEASURED IN CWT","TOTAL","NOT SPECIFIED","6,081,700",""
"SURVEY","2016","YEAR","","STATE","CALIFORNIA","06","","","","","","","00000000","","PEPPERS","PEPPERS, BELL, NOT SOLD - PRODUCTION, MEASURED IN CWT","TOTAL","NOT SPECIFIED","0",""
"SURVEY","2016","YEAR","","STATE","CALIFORNIA","06","","","","","","","00000000","","PEPPERS","PEPPERS, BELL, PROCESSING - PRODUCTION, MEASURED IN $","TOTAL","NOT SPECIFIED","16,592,000",""
"SURVEY","2016","YEAR","","STATE","CALIFORNIA","06","","","","","","","00000000","","PEPPERS","PEPPERS, BELL, PROCESSING, UTILIZED - PRODUCTION, MEASURED IN TONS","TOTAL","NOT SPECIFIED","50,740",""
"SURVEY","2016","YEAR","","STATE","CALIFORNIA","06","","","","","","","00000000","","PEPPERS","PEPPERS, BELL, UTILIZED - PRODUCTION, MEASURED IN CWT","TOTAL","NOT SPECIFIED","7,096,500",""
"SURVEY","2016","YEAR","","STATE","CALIFORNIA","06","","","","","","","00000000","","PEPPERS","PEPPERS, CHILE - PRODUCTION, MEASURED IN $","TOTAL","NOT SPECIFIED","82,921,000",""
"SURVEY","2016","YEAR","","STATE","CALIFORNIA","06","","","","","","","00000000","","PEPPERS","PEPPERS, CHILE - PRODUCTION, MEASURED IN CWT","TOTAL","NOT SPECIFIED","2,548,000",""
"SURVEY","2016","YEAR","","STATE","CALIFORNIA","06","","","","","","","00000000","","PEPPERS","PEPPERS, CHILE, FRESH MARKET - PRODUCTION, MEASURED IN $","TOTAL","NOT SPECIFIED","55,421,000",""
"SURVEY","2016","YEAR","","STATE","CALIFORNIA","06","","","","","","","00000000","","PEPPERS","PEPPERS, CHILE, FRESH MARKET, UTILIZED - PRODUCTION, MEASURED IN CWT","TOTAL","NOT SPECIFIED","1,620,500",""
"SURVEY","2016","YEAR","","STATE","CALIFORNIA","06","","","","","","","00000000","","PEPPERS","PEPPERS, CHILE, NOT SOLD - PRODUCTION, MEASURED IN CWT","TOTAL","NOT SPECIFIED","0",""
"SURVEY","2016","YEAR","","STATE","CALIFORNIA","06","","","","","","","00000000","","PEPPERS","PEPPERS, CHILE, PROCESSING - PRODUCTION, MEASURED IN $","TOTAL","NOT SPECIFIED","27,500,000",""
"SURVEY","2016","YEAR","","STATE","CALIFORNIA","06","","","","","","","00000000","","PEPPERS","PEPPERS, CHILE, PROCESSING, UTILIZED - PRODUCTION, MEASURED IN TONS","TOTAL","NOT SPECIFIED","46,374",""
"SURVEY","2016","YEAR","","STATE","CALIFORNIA","06","","","","","","","00000000","","PEPPERS","PEPPERS, CHILE, UTILIZED - PRODUCTION, MEASURED IN CWT","TOTAL","NOT SPECIFIED","2,548,000",""
"SURVEY","2016","YEAR","","STATE","FLORIDA","12","","","","","","","00000000","","PEPPERS","PEPPERS, BELL - PRODUCTION, MEASURED IN $","TOTAL","NOT SPECIFIED","125,962,000",""
"SURVEY","2016","YEAR","","STATE","FLORIDA","12","","","","","","","00000000","","PEPPERS","PEPPERS, BELL - PRODUCTION, MEASURED IN CWT","TOTAL","NOT SPECIFIED","3,805,500",""
"SURVEY","2016","YEAR","","STATE","FLORIDA","12","","","","","","","00000000","","PEPPERS","PEPPERS, BELL, FRESH MARKET - PRODUCTION, MEASURED IN $","TOTAL","NOT SPECIFIED","125,962,000",""
"SURVEY","2016","YEAR","","STATE","FLORIDA","12","","","","","","","00000000","","PEPPERS","PEPPERS, BELL, FRESH MARKET, UTILIZED - PRODUCTION, MEASURED IN CWT","TOTAL","NOT SPECIFIED","3,805,500",""
"SURVEY","2016","YEAR","","STATE","FLORIDA","12","","","","","","","00000000","","PEPPERS","PEPPERS, BELL, NOT SOLD - PRODUCTION, MEASURED IN CWT","TOTAL","NOT SPECIFIED","0",""
"SURVEY","2016","YEAR","","STATE","FLORIDA","12","","","","","","","00000000","","PEPPERS","PEPPERS, BELL, PROCESSING - PRODUCTION, MEASURED IN $","TOTAL","NOT SPECIFIED","0",""
"SURVEY","2016","YEAR","","STATE","FLORIDA","12","","","","","","","00000000","","PEPPERS","PEPPERS, BELL, PROCESSING, UTILIZED - PRODUCTION, MEASURED IN TONS","TOTAL","NOT SPECIFIED","0",""
"SURVEY","2016","YEAR","","STATE","FLORIDA","12","","","","","","","00000000","","PEPPERS","PEPPERS, BELL, UTILIZED - PRODUCTION, MEASURED IN CWT","TOTAL","NOT SPECIFIED","3,805,500",""
"SURVEY","2016","YEAR","","STATE","GEORGIA","13","","","","","","","00000000","","PEPPERS","PEPPERS, BELL - PRODUCTION, MEASURED IN $","TOTAL","NOT SPECIFIED","32,736,000",""
"SURVEY","2016","YEAR","","STATE","GEORGIA","13","","","","","","","00000000","","PEPPERS","PEPPERS, BELL - PRODUCTION, MEASURED IN CWT","TOTAL","NOT SPECIFIED","960,000",""
"SURVEY","2016","YEAR","","STATE","GEORGIA","13","","","","","","","00000000","","PEPPERS","PEPPERS, BELL, FRESH MARKET - PRODUCTION, MEASURED IN $","TOTAL","NOT SPECIFIED","32,736,000",""
"SURVEY","2016","YEAR","","STATE","GEORGIA","13","","","","","","","00000000","","PEPPERS","PEPPERS, BELL, FRESH MARKET, UTILIZED - PRODUCTION, MEASURED IN CWT","TOTAL","NOT SPECIFIED","960,000",""
"SURVEY","2016","YEAR","","STATE","GEORGIA","13","","","","","","","00000000","","PEPPERS","PEPPERS, BELL, NOT SOLD - PRODUCTION, MEASURED IN CWT","TOTAL","NOT SPECIFIED","0",""
"SURVEY","2016","YEAR","","STATE","GEORGIA","13","","","","","","","00000000","","PEPPERS","PEPPERS, BELL, PROCESSING - PRODUCTION, MEASURED IN $","TOTAL","NOT SPECIFIED","0",""
"SURVEY","2016","YEAR","","STATE","GEORGIA","13","","","","","","","00000000","","PEPPERS","PEPPERS, BELL, PROCESSING, UTILIZED - PRODUCTION, MEASURED IN TONS","TOTAL","NOT SPECIFIED","0",""
"SURVEY","2016","YEAR","","STATE","GEORGIA","13","","","","","","","00000000","","PEPPERS","PEPPERS, BELL, UTILIZED - PRODUCTION, MEASURED IN CWT","TOTAL","NOT SPECIFIED","960,000",""
"SURVEY","2016","YEAR","","STATE","MICHIGAN","26","","","","","","","00000000","","PEPPERS","PEPPERS, BELL - PRODUCTION, MEASURED IN $","TOTAL","NOT SPECIFIED","16,354,000",""
"SURVEY","2016","YEAR","","STATE","MICHIGAN","26","","","","","","","00000000","","PEPPERS","PEPPERS, BELL - PRODUCTION, MEASURED IN CWT","TOTAL","NOT SPECIFIED","442,000",""
"SURVEY","2016","YEAR","","STATE","MICHIGAN","26","","","","","","","00000000","","PEPPERS","PEPPERS, BELL, FRESH MARKET - PRODUCTION, MEASURED IN $","TOTAL","NOT SPECIFIED"," (D)",""
"SURVEY","2016","YEAR","","STATE","MICHIGAN","26","","","","","","","00000000","","PEPPERS","PEPPERS, BELL, FRESH MARKET, UTILIZED - PRODUCTION, MEASURED IN CWT","TOTAL","NOT SPECIFIED"," (D)",""
"SURVEY","2016","YEAR","","STATE","MICHIGAN","26","","","","","","","00000000","","PEPPERS","PEPPERS, BELL, NOT SOLD - PRODUCTION, MEASURED IN CWT","TOTAL","NOT SPECIFIED","0",""
"SURVEY","2016","YEAR","","STATE","MICHIGAN","26","","","","","","","00000000","","PEPPERS","PEPPERS, BELL, PROCESSING - PRODUCTION, MEASURED IN $","TOTAL","NOT SPECIFIED"," (D)",""
"SURVEY","2016","YEAR","","STATE","MICHIGAN","26","","","","","","","00000000","","PEPPERS","PEPPERS, BELL, PROCESSING, UTILIZED - PRODUCTION, MEASURED IN TONS","TOTAL","NOT SPECIFIED"," (D)",""
"SURVEY","2016","YEAR","","STATE","MICHIGAN","26","","","","","","","00000000","","PEPPERS","PEPPERS, BELL, UTILIZED - PRODUCTION, MEASURED IN CWT","TOTAL","NOT SPECIFIED","442,000",""
"SURVEY","2016","YEAR","","STATE","NEW JERSEY","34","","","","","","","00000000","","PEPPERS","PEPPERS, BELL - PRODUCTION, MEASURED IN $","TOTAL","NOT SPECIFIED","29,520,000",""
"SURVEY","2016","YEAR","","STATE","NEW JERSEY","34","","","","","","","00000000","","PEPPERS","PEPPERS, BELL - PRODUCTION, MEASURED IN CWT","TOTAL","NOT SPECIFIED","935,000",""
"SURVEY","2016","YEAR","","STATE","NEW JERSEY","34","","","","","","","00000000","","PEPPERS","PEPPERS, BELL, FRESH MARKET - PRODUCTION, MEASURED IN $","TOTAL","NOT SPECIFIED","25,705,000",""
"SURVEY","2016","YEAR","","STATE","NEW JERSEY","34","","","","","","","00000000","","PEPPERS","PEPPERS, BELL, FRESH MARKET, UTILIZED - PRODUCTION, MEASURED IN CWT","TOTAL","NOT SPECIFIED","696,600",""
"SURVEY","2016","YEAR","","STATE","NEW JERSEY","34","","","","","","","00000000","","PEPPERS","PEPPERS, BELL, NOT SOLD - PRODUCTION, MEASURED IN CWT","TOTAL","NOT SPECIFIED","0",""
"SURVEY","2016","YEAR","","STATE","NEW JERSEY","34","","","","","","","00000000","","PEPPERS","PEPPERS, BELL, PROCESSING - PRODUCTION, MEASURED IN $","TOTAL","NOT SPECIFIED","3,815,000",""
"SURVEY","2016","YEAR","","STATE","NEW JERSEY","34","","","","","","","00000000","","PEPPERS","PEPPERS, BELL, PROCESSING, UTILIZED - PRODUCTION, MEASURED IN TONS","TOTAL","NOT SPECIFIED","11,921",""
"SURVEY","2016","YEAR","","STATE","NEW JERSEY","34","","","","","","","00000000","","PEPPERS","PEPPERS, BELL, UTILIZED - PRODUCTION, MEASURED IN CWT","TOTAL","NOT SPECIFIED","935,000",""
"SURVEY","2016","YEAR","","STATE","NEW MEXICO","35","","","","","","","00000000","","PEPPERS","PEPPERS, CHILE - PRODUCTION, MEASURED IN $","TOTAL","NOT SPECIFIED","51,028,000",""
"SURVEY","2016","YEAR","","STATE","NEW MEXICO","35","","","","","","","00000000","","PEPPERS","PEPPERS, CHILE - PRODUCTION, MEASURED IN CWT","TOTAL","NOT SPECIFIED","1,392,000",""
"SURVEY","2016","YEAR","","STATE","NEW MEXICO","35","","","","","","","00000000","","PEPPERS","PEPPERS, CHILE, FRESH MARKET - PRODUCTION, MEASURED IN $","TOTAL","NOT SPECIFIED","10,337,000",""
"SURVEY","2016","YEAR","","STATE","NEW MEXICO","35","","","","","","","00000000","","PEPPERS","PEPPERS, CHILE, FRESH MARKET, UTILIZED - PRODUCTION, MEASURED IN CWT","TOTAL","NOT SPECIFIED","261,700",""
"SURVEY","2016","YEAR","","STATE","NEW MEXICO","35","","","","","","","00000000","","PEPPERS","PEPPERS, CHILE, NOT SOLD - PRODUCTION, MEASURED IN CWT","TOTAL","NOT SPECIFIED","0",""
"SURVEY","2016","YEAR","","STATE","NEW MEXICO","35","","","","","","","00000000","","PEPPERS","PEPPERS, CHILE, PROCESSING - PRODUCTION, MEASURED IN $","TOTAL","NOT SPECIFIED","40,691,000",""
"SURVEY","2016","YEAR","","STATE","NEW MEXICO","35","","","","","","","00000000","","PEPPERS","PEPPERS, CHILE, PROCESSING, UTILIZED - PRODUCTION, MEASURED IN TONS","TOTAL","NOT SPECIFIED","56,515",""
"SURVEY","2016","YEAR","","STATE","NEW MEXICO","35","","","","","","","00000000","","PEPPERS","PEPPERS, CHILE, UTILIZED - PRODUCTION, MEASURED IN CWT","TOTAL","NOT SPECIFIED","1,392,000",""
"SURVEY","2016","YEAR","","STATE","NEW YORK","36","","","","","","","00000000","","PEPPERS","PEPPERS, BELL - PRODUCTION, MEASURED IN $","TOTAL","NOT SPECIFIED","7,700,000",""
"SURVEY","2016","YEAR","","STATE","NEW YORK","36","","","","","","","00000000","","PEPPERS","PEPPERS, BELL - PRODUCTION, MEASURED IN CWT","TOTAL","NOT SPECIFIED","261,000",""
"SURVEY","2016","YEAR","","STATE","NEW YORK","36","","","","","","","00000000","","PEPPERS","PEPPERS, BELL, FRESH MARKET - PRODUCTION, MEASURED IN $","TOTAL","NOT SPECIFIED"," (D)",""
"SURVEY","2016","YEAR","","STATE","NEW YORK","36","","","","","","","00000000","","PEPPERS","PEPPERS, BELL, FRESH MARKET, UTILIZED - PRODUCTION, MEASURED IN CWT","TOTAL","NOT SPECIFIED"," (D)",""
"SURVEY","2016","YEAR","","STATE","NEW YORK","36","","","","","","","00000000","","PEPPERS","PEPPERS, BELL, NOT SOLD - PRODUCTION, MEASURED IN CWT","TOTAL","NOT SPECIFIED","0",""
"SURVEY","2016","YEAR","","STATE","NEW YORK","36","","","","","","","00000000","","PEPPERS","PEPPERS, BELL, PROCESSING - PRODUCTION, MEASURED IN $","TOTAL","NOT SPECIFIED"," (D)",""
"SURVEY","2016","YEAR","","STATE","NEW YORK","36","","","","","","","00000000","","PEPPERS","PEPPERS, BELL, PROCESSING, UTILIZED - PRODUCTION, MEASURED IN TONS","TOTAL","NOT SPECIFIED"," (D)",""
"SURVEY","2016","YEAR","","STATE","NEW YORK","36","","","","","","","00000000","","PEPPERS","PEPPERS, BELL, UTILIZED - PRODUCTION, MEASURED IN CWT","TOTAL","NOT SPECIFIED","261,000",""
"SURVEY","2016","YEAR","","STATE","NORTH CAROLINA","37","","","","","","","00000000","","PEPPERS","PEPPERS, BELL - PRODUCTION, MEASURED IN $","TOTAL","NOT SPECIFIED","18,975,000",""
"SURVEY","2016","YEAR","","STATE","NORTH CAROLINA","37","","","","","","","00000000","","PEPPERS","PEPPERS, BELL - PRODUCTION, MEASURED IN CWT","TOTAL","NOT SPECIFIED","575,000",""
"SURVEY","2016","YEAR","","STATE","NORTH CAROLINA","37","","","","","","","00000000","","PEPPERS","PEPPERS, BELL, FRESH MARKET - PRODUCTION, MEASURED IN $","TOTAL","NOT SPECIFIED","18,975,000",""
"SURVEY","2016","YEAR","","STATE","NORTH CAROLINA","37","","","","","","","00000000","","PEPPERS","PEPPERS, BELL, FRESH MARKET, UTILIZED - PRODUCTION, MEASURED IN CWT","TOTAL","NOT SPECIFIED","575,000",""
"SURVEY","2016","YEAR","","STATE","NORTH CAROLINA","37","","","","","","","00000000","","PEPPERS","PEPPERS, BELL, NOT SOLD - PRODUCTION, MEASURED IN CWT","TOTAL","NOT SPECIFIED","0",""
"SURVEY","2016","YEAR","","STATE","NORTH CAROLINA","37","","","","","","","00000000","","PEPPERS","PEPPERS, BELL, PROCESSING - PRODUCTION, MEASURED IN $","TOTAL","NOT SPECIFIED","0",""
"SURVEY","2016","YEAR","","STATE","NORTH CAROLINA","37","","","","","","","00000000","","PEPPERS","PEPPERS, BELL, PROCESSING, UTILIZED - PRODUCTION, MEASURED IN TONS","TOTAL","NOT SPECIFIED","0",""
"SURVEY","2016","YEAR","","STATE","NORTH CAROLINA","37","","","","","","","00000000","","PEPPERS","PEPPERS, BELL, UTILIZED - PRODUCTION, MEASURED IN CWT","TOTAL","NOT SPECIFIED","575,000",""
"SURVEY","2016","YEAR","","STATE","OHIO","39","","","","","","","00000000","","PEPPERS","PEPPERS, BELL - PRODUCTION, MEASURED IN $","TOTAL","NOT SPECIFIED","21,279,000",""
"SURVEY","2016","YEAR","","STATE","OHIO","39","","","","","","","00000000","","PEPPERS","PEPPERS, BELL - PRODUCTION, MEASURED IN CWT","TOTAL","NOT SPECIFIED","475,000",""
"SURVEY","2016","YEAR","","STATE","OHIO","39","","","","","","","00000000","","PEPPERS","PEPPERS, BELL, FRESH MARKET - PRODUCTION, MEASURED IN $","TOTAL","NOT SPECIFIED"," (D)",""
"SURVEY","2016","YEAR","","STATE","OHIO","39","","","","","","","00000000","","PEPPERS","PEPPERS, BELL, FRESH MARKET, UTILIZED - PRODUCTION, MEASURED IN CWT","TOTAL","NOT SPECIFIED"," (D)",""
"SURVEY","2016","YEAR","","STATE","OHIO","39","","","","","","","00000000","","PEPPERS","PEPPERS, BELL, NOT SOLD - PRODUCTION, MEASURED IN CWT","TOTAL","NOT SPECIFIED","0",""
"SURVEY","2016","YEAR","","STATE","OHIO","39","","","","","","","00000000","","PEPPERS","PEPPERS, BELL, PROCESSING - PRODUCTION, MEASURED IN $","TOTAL","NOT SPECIFIED"," (D)",""
"SURVEY","2016","YEAR","","STATE","OHIO","39","","","","","","","00000000","","PEPPERS","PEPPERS, BELL, PROCESSING, UTILIZED - PRODUCTION, MEASURED IN TONS","TOTAL","NOT SPECIFIED"," (D)",""
"SURVEY","2016","YEAR","","STATE","OHIO","39","","","","","","","00000000","","PEPPERS","PEPPERS, BELL, UTILIZED - PRODUCTION, MEASURED IN CWT","TOTAL","NOT SPECIFIED","475,000",""
"SURVEY","2016","YEAR","","STATE","OTHER STATES","","","","","","","","00000000","","PEPPERS","PEPPERS, BELL - PRODUCTION, MEASURED IN $","TOTAL","NOT SPECIFIED","0",""
"SURVEY","2016","YEAR","","STATE","OTHER STATES","","","","","","","","00000000","","PEPPERS","PEPPERS, BELL - PRODUCTION, MEASURED IN CWT","TOTAL","NOT SPECIFIED","0",""
"SURVEY","2016","YEAR","","STATE","OTHER STATES","","","","","","","","00000000","","PEPPERS","PEPPERS, BELL, FRESH MARKET - PRODUCTION, MEASURED IN $","TOTAL","NOT SPECIFIED","51,600,000",""
"SURVEY","2016","YEAR","","STATE","OTHER STATES","","","","","","","","00000000","","PEPPERS","PEPPERS, BELL, FRESH MARKET, UTILIZED - PRODUCTION, MEASURED IN CWT","TOTAL","NOT SPECIFIED","1,301,400",""
"SURVEY","2016","YEAR","","STATE","OTHER STATES","","","","","","","","00000000","","PEPPERS","PEPPERS, BELL, NOT SOLD - PRODUCTION, MEASURED IN CWT","TOTAL","NOT SPECIFIED","0",""
"SURVEY","2016","YEAR","","STATE","OTHER STATES","","","","","","","","00000000","","PEPPERS","PEPPERS, BELL, PROCESSING - PRODUCTION, MEASURED IN $","TOTAL","NOT SPECIFIED","796,000",""
"SURVEY","2016","YEAR","","STATE","OTHER STATES","","","","","","","","00000000","","PEPPERS","PEPPERS, BELL, PROCESSING, UTILIZED - PRODUCTION, MEASURED IN TONS","TOTAL","NOT SPECIFIED","1,257",""
"SURVEY","2016","YEAR","","STATE","OTHER STATES","","","","","","","","00000000","","PEPPERS","PEPPERS, BELL, UTILIZED - PRODUCTION, MEASURED IN CWT","TOTAL","NOT SPECIFIED","0",""
"SURVEY","2016","YEAR","","STATE","OTHER STATES","","","","","","","","00000000","","PEPPERS","PEPPERS, CHILE - PRODUCTION, MEASURED IN $","TOTAL","NOT SPECIFIED","0",""
"SURVEY","2016","YEAR","","STATE","OTHER STATES","","","","","","","","00000000","","PEPPERS","PEPPERS, CHILE - PRODUCTION, MEASURED IN CWT","TOTAL","NOT SPECIFIED","0",""
"SURVEY","2016","YEAR","","STATE","OTHER STATES","","","","","","","","00000000","","PEPPERS","PEPPERS, CHILE, FRESH MARKET - PRODUCTION, MEASURED IN $","TOTAL","NOT SPECIFIED","0",""
"SURVEY","2016","YEAR","","STATE","OTHER STATES","","","","","","","","00000000","","PEPPERS","PEPPERS, CHILE, FRESH MARKET, UTILIZED - PRODUCTION, MEASURED IN CWT","TOTAL","NOT SPECIFIED","0",""
"SURVEY","2016","YEAR","","STATE","OTHER STATES","","","","","","","","00000000","","PEPPERS","PEPPERS, CHILE, NOT SOLD - PRODUCTION, MEASURED IN CWT","TOTAL","NOT SPECIFIED","0",""
"SURVEY","2016","YEAR","","STATE","OTHER STATES","","","","","","","","00000000","","PEPPERS","PEPPERS, CHILE, PROCESSING - PRODUCTION, MEASURED IN $","TOTAL","NOT SPECIFIED","0",""
"SURVEY","2016","YEAR","","STATE","OTHER STATES","","","","","","","","00000000","","PEPPERS","PEPPERS, CHILE, PROCESSING, UTILIZED - PRODUCTION, MEASURED IN TONS","TOTAL","NOT SPECIFIED","0",""
"SURVEY","2016","YEAR","","STATE","OTHER STATES","","","","","","","","00000000","","PEPPERS","PEPPERS, CHILE, UTILIZED - PRODUCTION, MEASURED IN CWT","TOTAL","NOT SPECIFIED","0",""
"SURVEY","2016","YEAR","","STATE","PENNSYLVANIA","42","","","","","","","00000000","","PEPPERS","PEPPERS, BELL - PRODUCTION, MEASURED IN $","TOTAL","NOT SPECIFIED","7,063,000",""
"SURVEY","2016","YEAR","","STATE","PENNSYLVANIA","42","","","","","","","00000000","","PEPPERS","PEPPERS, BELL - PRODUCTION, MEASURED IN CWT","TOTAL","NOT SPECIFIED","148,500",""
"SURVEY","2016","YEAR","","STATE","PENNSYLVANIA","42","","","","","","","00000000","","PEPPERS","PEPPERS, BELL, FRESH MARKET - PRODUCTION, MEASURED IN $","TOTAL","NOT SPECIFIED"," (D)",""
"SURVEY","2016","YEAR","","STATE","PENNSYLVANIA","42","","","","","","","00000000","","PEPPERS","PEPPERS, BELL, FRESH MARKET, UTILIZED - PRODUCTION, MEASURED IN CWT","TOTAL","NOT SPECIFIED"," (D)",""
"SURVEY","2016","YEAR","","STATE","PENNSYLVANIA","42","","","","","","","00000000","","PEPPERS","PEPPERS, BELL, NOT SOLD - PRODUCTION, MEASURED IN CWT","TOTAL","NOT SPECIFIED","0",""
"SURVEY","2016","YEAR","","STATE","PENNSYLVANIA","42","","","","","","","00000000","","PEPPERS","PEPPERS, BELL, PROCESSING - PRODUCTION, MEASURED IN $","TOTAL","NOT SPECIFIED"," (D)",""
"SURVEY","2016","YEAR","","STATE","PENNSYLVANIA","42","","","","","","","00000000","","PEPPERS","PEPPERS, BELL, PROCESSING, UTILIZED - PRODUCTION, MEASURED IN TONS","TOTAL","NOT SPECIFIED"," (D)",""
"SURVEY","2016","YEAR","","STATE","PENNSYLVANIA","42","","","","","","","00000000","","PEPPERS","PEPPERS, BELL, UTILIZED - PRODUCTION, MEASURED IN CWT","TOTAL","NOT SPECIFIED","148,500",""
"SURVEY","2016","YEAR","","STATE","TEXAS","48","","","","","","","00000000","","PEPPERS","PEPPERS, CHILE - PRODUCTION, MEASURED IN $","TOTAL","NOT SPECIFIED","6,576,000",""
"SURVEY","2016","YEAR","","STATE","TEXAS","48","","","","","","","00000000","","PEPPERS","PEPPERS, CHILE - PRODUCTION, MEASURED IN CWT","TOTAL","NOT SPECIFIED","115,000",""
"SURVEY","2016","YEAR","","STATE","TEXAS","48","","","","","","","00000000","","PEPPERS","PEPPERS, CHILE, FRESH MARKET - PRODUCTION, MEASURED IN $","TOTAL","NOT SPECIFIED","3,912,000",""
"SURVEY","2016","YEAR","","STATE","TEXAS","48","","","","","","","00000000","","PEPPERS","PEPPERS, CHILE, FRESH MARKET, UTILIZED - PRODUCTION, MEASURED IN CWT","TOTAL","NOT SPECIFIED","65,200",""
"SURVEY","2016","YEAR","","STATE","TEXAS","48","","","","","","","00000000","","PEPPERS","PEPPERS, CHILE, NOT SOLD - PRODUCTION, MEASURED IN CWT","TOTAL","NOT SPECIFIED","5,400",""
"SURVEY","2016","YEAR","","STATE","TEXAS","48","","","","","","","00000000","","PEPPERS","PEPPERS, CHILE, PROCESSING - PRODUCTION, MEASURED IN $","TOTAL","NOT SPECIFIED","2,664,000",""
"SURVEY","2016","YEAR","","STATE","TEXAS","48","","","","","","","00000000","","PEPPERS","PEPPERS, CHILE, PROCESSING, UTILIZED - PRODUCTION, MEASURED IN TONS","TOTAL","NOT SPECIFIED","2,220",""
"SURVEY","2016","YEAR","","STATE","TEXAS","48","","","","","","","00000000","","PEPPERS","PEPPERS, CHILE, UTILIZED - PRODUCTION, MEASURED IN CWT","TOTAL","NOT SPECIFIED","109,600",""
"SURVEY","2015","YEAR","","STATE","ARIZONA","04","","","","","","","00000000","","PEPPERS","PEPPERS, CHILE - PRODUCTION, MEASURED IN $","TOTAL","NOT SPECIFIED","3,915,000",""
"SURVEY","2015","YEAR","","STATE","ARIZONA","04","","","","","","","00000000","","PEPPERS","PEPPERS, CHILE - PRODUCTION, MEASURED IN CWT","TOTAL","NOT SPECIFIED","81,000",""
"SURVEY","2015","YEAR","","STATE","CALIFORNIA","06","","","","","","","00000000","","PEPPERS","PEPPERS, BELL - PRODUCTION, MEASURED IN $","TOTAL","NOT SPECIFIED","368,066,000",""
"SURVEY","2015","YEAR","","STATE","CALIFORNIA","06","","","","","","","00000000","","PEPPERS","PEPPERS, BELL - PRODUCTION, MEASURED IN CWT","TOTAL","NOT SPECIFIED","7,508,000",""
"SURVEY","2015","YEAR","","STATE","CALIFORNIA","06","","","","","","","00000000","","PEPPERS","PEPPERS, CHILE - PRODUCTION, MEASURED IN $","TOTAL","NOT SPECIFIED","76,403,000",""
"SURVEY","2015","YEAR","","STATE","CALIFORNIA","06","","","","","","","00000000","","PEPPERS","PEPPERS, CHILE - PRODUCTION, MEASURED IN CWT","TOTAL","NOT SPECIFIED","2,424,000",""
"SURVEY","2015","YEAR","","STATE","FLORIDA","12","","","","","","","00000000","","PEPPERS","PEPPERS, BELL - PRODUCTION, MEASURED IN $","TOTAL","NOT SPECIFIED","220,478,000",""
"SURVEY","2015","YEAR","","STATE","FLORIDA","12","","","","","","","00000000","","PEPPERS","PEPPERS, BELL - PRODUCTION, MEASURED IN CWT","TOTAL","NOT SPECIFIED","4,392,000",""
"SURVEY","2015","YEAR","","STATE","GEORGIA","13","","","","","","","00000000","","PEPPERS","PEPPERS, BELL - PRODUCTION, MEASURED IN $","TOTAL","NOT SPECIFIED","48,485,000",""
"SURVEY","2015","YEAR","","STATE","GEORGIA","13","","","","","","","00000000","","PEPPERS","PEPPERS, BELL - PRODUCTION, MEASURED IN CWT","TOTAL","NOT SPECIFIED","1,008,000",""
"SURVEY","2015","YEAR","","STATE","MICHIGAN","26","","","","","","","00000000","","PEPPERS","PEPPERS, BELL - PRODUCTION, MEASURED IN $","TOTAL","NOT SPECIFIED","14,896,000",""
"SURVEY","2015","YEAR","","STATE","MICHIGAN","26","","","","","","","00000000","","PEPPERS","PEPPERS, BELL - PRODUCTION, MEASURED IN CWT","TOTAL","NOT SPECIFIED","392,000",""
"SURVEY","2015","YEAR","","STATE","NEW JERSEY","34","","","","","","","00000000","","PEPPERS","PEPPERS, BELL - PRODUCTION, MEASURED IN $","TOTAL","NOT SPECIFIED","34,335,000",""
"SURVEY","2015","YEAR","","STATE","NEW JERSEY","34","","","","","","","00000000","","PEPPERS","PEPPERS, BELL - PRODUCTION, MEASURED IN CWT","TOTAL","NOT SPECIFIED","763,000",""
"SURVEY","2015","YEAR","","STATE","NEW MEXICO","35","","","","","","","00000000","","PEPPERS","PEPPERS, CHILE - PRODUCTION, MEASURED IN $","TOTAL","NOT SPECIFIED","41,090,000",""
"SURVEY","2015","YEAR","","STATE","NEW MEXICO","35","","","","","","","00000000","","PEPPERS","PEPPERS, CHILE - PRODUCTION, MEASURED IN CWT","TOTAL","NOT SPECIFIED","1,334,000",""
"SURVEY","2015","YEAR","","STATE","NORTH CAROLINA","37","","","","","","","00000000","","PEPPERS","PEPPERS, BELL - PRODUCTION, MEASURED IN $","TOTAL","NOT SPECIFIED","21,714,000",""
"SURVEY","2015","YEAR","","STATE","NORTH CAROLINA","37","","","","","","","00000000","","PEPPERS","PEPPERS, BELL - PRODUCTION, MEASURED IN CWT","TOTAL","NOT SPECIFIED","517,000",""
"SURVEY","2015","YEAR","","STATE","OHIO","39","","","","","","","00000000","","PEPPERS","PEPPERS, BELL - PRODUCTION, MEASURED IN $","TOTAL","NOT SPECIFIED","24,725,000",""
"SURVEY","2015","YEAR","","STATE","OHIO","39","","","","","","","00000000","","PEPPERS","PEPPERS, BELL - PRODUCTION, MEASURED IN CWT","TOTAL","NOT SPECIFIED","575,000",""
"SURVEY","2015","YEAR","","STATE","TEXAS","48","","","","","","","00000000","","PEPPERS","PEPPERS, CHILE - PRODUCTION, MEASURED IN $","TOTAL","NOT SPECIFIED","14,335,000",""
"SURVEY","2015","YEAR","","STATE","TEXAS","48","","","","","","","00000000","","PEPPERS","PEPPERS, CHILE - PRODUCTION, MEASURED IN CWT","TOTAL","NOT SPECIFIED","195,000",""
"SURVEY","2014","YEAR","","STATE","ARIZONA","04","","","","","","","00000000","","PEPPERS","PEPPERS, CHILE - PRODUCTION, MEASURED IN $","TOTAL","NOT SPECIFIED","2,706,000",""
"SURVEY","2014","YEAR","","STATE","ARIZONA","04","","","","","","","00000000","","PEPPERS","PEPPERS, CHILE - PRODUCTION, MEASURED IN CWT","TOTAL","NOT SPECIFIED","80,000",""
"SURVEY","2014","YEAR","","STATE","CALIFORNIA","06","","","","","","","00000000","","PEPPERS","PEPPERS, BELL - PRODUCTION, MEASURED IN $","TOTAL","NOT SPECIFIED","340,867,000",""
"SURVEY","2014","YEAR","","STATE","CALIFORNIA","06","","","","","","","00000000","","PEPPERS","PEPPERS, BELL - PRODUCTION, MEASURED IN CWT","TOTAL","NOT SPECIFIED","9,432,000",""
"SURVEY","2014","YEAR","","STATE","CALIFORNIA","06","","","","","","","00000000","","PEPPERS","PEPPERS, CHILE - PRODUCTION, MEASURED IN $","TOTAL","NOT SPECIFIED","165,013,000",""
"SURVEY","2014","YEAR","","STATE","CALIFORNIA","06","","","","","","","00000000","","PEPPERS","PEPPERS, CHILE - PRODUCTION, MEASURED IN CWT","TOTAL","NOT SPECIFIED","3,186,000",""
"SURVEY","2014","YEAR","","STATE","FLORIDA","12","","","","","","","00000000","","PEPPERS","PEPPERS, BELL - PRODUCTION, MEASURED IN $","TOTAL","NOT SPECIFIED","164,291,000",""
"SURVEY","2014","YEAR","","STATE","FLORIDA","12","","","","","","","00000000","","PEPPERS","PEPPERS, BELL - PRODUCTION, MEASURED IN CWT","TOTAL","NOT SPECIFIED","3,094,000",""
"SURVEY","2014","YEAR","","STATE","GEORGIA","13","","","","","","","00000000","","PEPPERS","PEPPERS, BELL - PRODUCTION, MEASURED IN $","TOTAL","NOT SPECIFIED","41,257,000",""
"SURVEY","2014","YEAR","","STATE","GEORGIA","13","","","","","","","00000000","","PEPPERS","PEPPERS, BELL - PRODUCTION, MEASURED IN CWT","TOTAL","NOT SPECIFIED","798,000",""
"SURVEY","2014","YEAR","","STATE","MICHIGAN","26","","","","","","","00000000","","PEPPERS","PEPPERS, BELL - PRODUCTION, MEASURED IN $","TOTAL","NOT SPECIFIED","13,468,000",""
"SURVEY","2014","YEAR","","STATE","MICHIGAN","26","","","","","","","00000000","","PEPPERS","PEPPERS, BELL - PRODUCTION, MEASURED IN CWT","TOTAL","NOT SPECIFIED","364,000",""
"SURVEY","2014","YEAR","","STATE","NEW JERSEY","34","","","","","","","00000000","","PEPPERS","PEPPERS, BELL - PRODUCTION, MEASURED IN $","TOTAL","NOT SPECIFIED","29,512,000",""
"SURVEY","2014","YEAR","","STATE","NEW JERSEY","34","","","","","","","00000000","","PEPPERS","PEPPERS, BELL - PRODUCTION, MEASURED IN CWT","TOTAL","NOT SPECIFIED","952,000",""
"SURVEY","2014","YEAR","","STATE","NEW MEXICO","35","","","","","","","00000000","","PEPPERS","PEPPERS, CHILE - PRODUCTION, MEASURED IN $","TOTAL","NOT SPECIFIED","38,695,000",""
"SURVEY","2014","YEAR","","STATE","NEW MEXICO","35","","","","","","","00000000","","PEPPERS","PEPPERS, CHILE - PRODUCTION, MEASURED IN CWT","TOTAL","NOT SPECIFIED","1,174,000",""
"SURVEY","2014","YEAR","","STATE","NORTH CAROLINA","37","","","","","","","00000000","","PEPPERS","PEPPERS, BELL - PRODUCTION, MEASURED IN $","TOTAL","NOT SPECIFIED","19,404,000",""
"SURVEY","2014","YEAR","","STATE","NORTH CAROLINA","37","","","","","","","00000000","","PEPPERS","PEPPERS, BELL - PRODUCTION, MEASURED IN CWT","TOTAL","NOT SPECIFIED","441,000",""
"SURVEY","2014","YEAR","","STATE","OHIO","39","","","","","","","00000000","","PEPPERS","PEPPERS, BELL - PRODUCTION, MEASURED IN $","TOTAL","NOT SPECIFIED","17,290,000",""
"SURVEY","2014","YEAR","","STATE","OHIO","39","","","","","","","00000000","","PEPPERS","PEPPERS, BELL - PRODUCTION, MEASURED IN CWT","TOTAL","NOT SPECIFIED","455,000",""
"SURVEY","2014","YEAR","","STATE","TEXAS","48","","","","","","","00000000","","PEPPERS","PEPPERS, CHILE - PRODUCTION, MEASURED IN $","TOTAL","NOT SPECIFIED","9,693,000",""
"SURVEY","2014","YEAR","","STATE","TEXAS","48","","","","","","","00000000","","PEPPERS","PEPPERS, CHILE - PRODUCTION, MEASURED IN CWT","TOTAL","NOT SPECIFIED","185,000",""
"SURVEY","2013","YEAR","","STATE","ARIZONA","04","","","","","","","00000000","","PEPPERS","PEPPERS, CHILE - PRODUCTION, MEASURED IN $","TOTAL","NOT SPECIFIED","6,228,000",""
"SURVEY","2013","YEAR","","STATE","ARIZONA","04","","","","","","","00000000","","PEPPERS","PEPPERS, CHILE - PRODUCTION, MEASURED IN CWT","TOTAL","NOT SPECIFIED","72,000",""
"SURVEY","2013","YEAR","","STATE","CALIFORNIA","06","","","","","","","00000000","","PEPPERS","PEPPERS, BELL - PRODUCTION, MEASURED IN $","TOTAL","NOT SPECIFIED","352,867,000",""
"SURVEY","2013","YEAR","","STATE","CALIFORNIA","06","","","","","","","00000000","","PEPPERS","PEPPERS, BELL - PRODUCTION, MEASURED IN CWT","TOTAL","NOT SPECIFIED","8,465,000",""
"SURVEY","2013","YEAR","","STATE","CALIFORNIA","06","","","","","","","00000000","","PEPPERS","PEPPERS, CHILE - PRODUCTION, MEASURED IN $","TOTAL","NOT SPECIFIED","102,251,000",""
"SURVEY","2013","YEAR","","STATE","CALIFORNIA","06","","","","","","","00000000","","PEPPERS","PEPPERS, CHILE - PRODUCTION, MEASURED IN CWT","TOTAL","NOT SPECIFIED","2,640,000",""
"SURVEY","2013","YEAR","","STATE","FLORIDA","12","","","","","","","00000000","","PEPPERS","PEPPERS, BELL - PRODUCTION, MEASURED IN $","TOTAL","NOT SPECIFIED","141,450,000",""
"SURVEY","2013","YEAR","","STATE","FLORIDA","12","","","","","","","00000000","","PEPPERS","PEPPERS, BELL - PRODUCTION, MEASURED IN CWT","TOTAL","NOT SPECIFIED","3,075,000",""
"SURVEY","2013","YEAR","","STATE","GEORGIA","13","","","","","","","00000000","","PEPPERS","PEPPERS, BELL - PRODUCTION, MEASURED IN $","TOTAL","NOT SPECIFIED","27,468,000",""
"SURVEY","2013","YEAR","","STATE","GEORGIA","13","","","","","","","00000000","","PEPPERS","PEPPERS, BELL - PRODUCTION, MEASURED IN CWT","TOTAL","NOT SPECIFIED","630,000",""
"SURVEY","2013","YEAR","","STATE","MICHIGAN","26","","","","","","","00000000","","PEPPERS","PEPPERS, BELL - PRODUCTION, MEASURED IN $","TOTAL","NOT SPECIFIED","13,875,000",""
"SURVEY","2013","YEAR","","STATE","MICHIGAN","26","","","","","","","00000000","","PEPPERS","PEPPERS, BELL - PRODUCTION, MEASURED IN CWT","TOTAL","NOT SPECIFIED","375,000",""
"SURVEY","2013","YEAR","","STATE","NEW JERSEY","34","","","","","","","00000000","","PEPPERS","PEPPERS, BELL - PRODUCTION, MEASURED IN $","TOTAL","NOT SPECIFIED","27,649,000",""
"SURVEY","2013","YEAR","","STATE","NEW JERSEY","34","","","","","","","00000000","","PEPPERS","PEPPERS, BELL - PRODUCTION, MEASURED IN CWT","TOTAL","NOT SPECIFIED","977,000",""
"SURVEY","2013","YEAR","","STATE","NEW MEXICO","35","","","","","","","00000000","","PEPPERS","PEPPERS, CHILE - PRODUCTION, MEASURED IN $","TOTAL","NOT SPECIFIED","49,478,000",""
"SURVEY","2013","YEAR","","STATE","NEW MEXICO","35","","","","","","","00000000","","PEPPERS","PEPPERS, CHILE - PRODUCTION, MEASURED IN CWT","TOTAL","NOT SPECIFIED","1,300,000",""
"SURVEY","2013","YEAR","","STATE","NORTH CAROLINA","37","","","","","","","00000000","","PEPPERS","PEPPERS, BELL - PRODUCTION, MEASURED IN $","TOTAL","NOT SPECIFIED","15,725,000",""
"SURVEY","2013","YEAR","","STATE","NORTH CAROLINA","37","","","","","","","00000000","","PEPPERS","PEPPERS, BELL - PRODUCTION, MEASURED IN CWT","TOTAL","NOT SPECIFIED","425,000",""
"SURVEY","2013","YEAR","","STATE","OHIO","39","","","","","","","00000000","","PEPPERS","PEPPERS, BELL - PRODUCTION, MEASURED IN $","TOTAL","NOT SPECIFIED","20,898,000",""
"SURVEY","2013","YEAR","","STATE","OHIO","39","","","","","","","00000000","","PEPPERS","PEPPERS, BELL - PRODUCTION, MEASURED IN CWT","TOTAL","NOT SPECIFIED","486,000",""
"SURVEY","2013","YEAR","","STATE","TEXAS","48","","","","","","","00000000","","PEPPERS","PEPPERS, CHILE - PRODUCTION, MEASURED IN $","TOTAL","NOT SPECIFIED","10,189,000",""
"SURVEY","2013","YEAR","","STATE","TEXAS","48","","","","","","","00000000","","PEPPERS","PEPPERS, CHILE - PRODUCTION, MEASURED IN CWT","TOTAL","NOT SPECIFIED","198,000",""
"SURVEY","2012","YEAR","","STATE","ARIZONA","04","","","","","","","00000000","","PEPPERS","PEPPERS, CHILE - PRODUCTION, MEASURED IN $","TOTAL","NOT SPECIFIED","3,224,000",""
"SURVEY","2012","YEAR","","STATE","ARIZONA","04","","","","","","","00000000","","PEPPERS","PEPPERS, CHILE - PRODUCTION, MEASURED IN CWT","TOTAL","NOT SPECIFIED","60,000",""
"SURVEY","2012","YEAR","","STATE","CALIFORNIA","06","","","","","","","00000000","","PEPPERS","PEPPERS, BELL - PRODUCTION, MEASURED IN $","TOTAL","NOT SPECIFIED","242,749,000",""
"SURVEY","2012","YEAR","","STATE","CALIFORNIA","06","","","","","","","00000000","","PEPPERS","PEPPERS, BELL - PRODUCTION, MEASURED IN CWT","TOTAL","NOT SPECIFIED","8,678,000",""
"SURVEY","2012","YEAR","","STATE","CALIFORNIA","06","","","","","","","00000000","","PEPPERS","PEPPERS, CHILE - PRODUCTION, MEASURED IN $","TOTAL","NOT SPECIFIED","80,576,000",""
"SURVEY","2012","YEAR","","STATE","CALIFORNIA","06","","","","","","","00000000","","PEPPERS","PEPPERS, CHILE - PRODUCTION, MEASURED IN CWT","TOTAL","NOT SPECIFIED","2,600,000",""
"SURVEY","2012","YEAR","","STATE","FLORIDA","12","","","","","","","00000000","","PEPPERS","PEPPERS, BELL - PRODUCTION, MEASURED IN $","TOTAL","NOT SPECIFIED","142,600,000",""
"SURVEY","2012","YEAR","","STATE","FLORIDA","12","","","","","","","00000000","","PEPPERS","PEPPERS, BELL - PRODUCTION, MEASURED IN CWT","TOTAL","NOT SPECIFIED","3,100,000",""
"SURVEY","2012","YEAR","","STATE","GEORGIA","13","","","","","","","00000000","","PEPPERS","PEPPERS, BELL - PRODUCTION, MEASURED IN $","TOTAL","NOT SPECIFIED","50,873,000",""
"SURVEY","2012","YEAR","","STATE","GEORGIA","13","","","","","","","00000000","","PEPPERS","PEPPERS, BELL - PRODUCTION, MEASURED IN CWT","TOTAL","NOT SPECIFIED","1,275,000",""
"SURVEY","2012","YEAR","","STATE","MICHIGAN","26","","","","","","","00000000","","PEPPERS","PEPPERS, BELL - PRODUCTION, MEASURED IN $","TOTAL","NOT SPECIFIED","15,808,000",""
"SURVEY","2012","YEAR","","STATE","MICHIGAN","26","","","","","","","00000000","","PEPPERS","PEPPERS, BELL - PRODUCTION, MEASURED IN CWT","TOTAL","NOT SPECIFIED","416,000",""
"SURVEY","2012","YEAR","","STATE","NEW JERSEY","34","","","","","","","00000000","","PEPPERS","PEPPERS, BELL - PRODUCTION, MEASURED IN $","TOTAL","NOT SPECIFIED","28,872,000",""
"SURVEY","2012","YEAR","","STATE","NEW JERSEY","34","","","","","","","00000000","","PEPPERS","PEPPERS, BELL - PRODUCTION, MEASURED IN CWT","TOTAL","NOT SPECIFIED","1,203,000",""
"SURVEY","2012","YEAR","","STATE","NEW MEXICO","35","","","","","","","00000000","","PEPPERS","PEPPERS, CHILE - PRODUCTION, MEASURED IN $","TOTAL","NOT SPECIFIED","65,410,000",""
"SURVEY","2012","YEAR","","STATE","NEW MEXICO","35","","","","","","","00000000","","PEPPERS","PEPPERS, CHILE - PRODUCTION, MEASURED IN CWT","TOTAL","NOT SPECIFIED","1,556,000",""
"SURVEY","2012","YEAR","","STATE","NORTH CAROLINA","37","","","","","","","00000000","","PEPPERS","PEPPERS, BELL - PRODUCTION, MEASURED IN $","TOTAL","NOT SPECIFIED","19,778,000",""
"SURVEY","2012","YEAR","","STATE","NORTH CAROLINA","37","","","","","","","00000000","","PEPPERS","PEPPERS, BELL - PRODUCTION, MEASURED IN CWT","TOTAL","NOT SPECIFIED","682,000",""
"SURVEY","2012","YEAR","","STATE","OHIO","39","","","","","","","00000000","","PEPPERS","PEPPERS, BELL - PRODUCTION, MEASURED IN $","TOTAL","NOT SPECIFIED","13,320,000",""
"SURVEY","2012","YEAR","","STATE","OHIO","39","","","","","","","00000000","","PEPPERS","PEPPERS, BELL - PRODUCTION, MEASURED IN CWT","TOTAL","NOT SPECIFIED","333,000",""
"SURVEY","2012","YEAR","","STATE","TEXAS","48","","","","","","","00000000","","PEPPERS","PEPPERS, CHILE - PRODUCTION, MEASURED IN $","TOTAL","NOT SPECIFIED","6,829,000",""
"SURVEY","2012","YEAR","","STATE","TEXAS","48","","","","","","","00000000","","PEPPERS","PEPPERS, CHILE - PRODUCTION, MEASURED IN CWT","TOTAL","NOT SPECIFIED","99,000",""
"SURVEY","2011","YEAR","","STATE","ARIZONA","04","","","","","","","00000000","","PEPPERS","PEPPERS, CHILE - PRODUCTION, MEASURED IN $","TOTAL","NOT SPECIFIED","3,961,000",""
"SURVEY","2011","YEAR","","STATE","ARIZONA","04","","","","","","","00000000","","PEPPERS","PEPPERS, CHILE - PRODUCTION, MEASURED IN CWT","TOTAL","NOT SPECIFIED","124,000",""
"SURVEY","2011","YEAR","","STATE","CALIFORNIA","06","","","","","","","00000000","","PEPPERS","PEPPERS, BELL - PRODUCTION, MEASURED IN $","TOTAL","NOT SPECIFIED","258,853,000",""
"SURVEY","2011","YEAR","","STATE","CALIFORNIA","06","","","","","","","00000000","","PEPPERS","PEPPERS, BELL - PRODUCTION, MEASURED IN CWT","TOTAL","NOT SPECIFIED","8,685,000",""
"SURVEY","2011","YEAR","","STATE","CALIFORNIA","06","","","","","","","00000000","","PEPPERS","PEPPERS, CHILE - PRODUCTION, MEASURED IN $","TOTAL","NOT SPECIFIED","76,790,000",""
"SURVEY","2011","YEAR","","STATE","CALIFORNIA","06","","","","","","","00000000","","PEPPERS","PEPPERS, CHILE - PRODUCTION, MEASURED IN CWT","TOTAL","NOT SPECIFIED","2,275,000",""
"SURVEY","2011","YEAR","","STATE","FLORIDA","12","","","","","","","00000000","","PEPPERS","PEPPERS, BELL - PRODUCTION, MEASURED IN $","TOTAL","NOT SPECIFIED","187,198,000",""
"SURVEY","2011","YEAR","","STATE","FLORIDA","12","","","","","","","00000000","","PEPPERS","PEPPERS, BELL - PRODUCTION, MEASURED IN CWT","TOTAL","NOT SPECIFIED","3,325,000",""
"SURVEY","2011","YEAR","","STATE","GEORGIA","13","","","","","","","00000000","","PEPPERS","PEPPERS, BELL - PRODUCTION, MEASURED IN $","TOTAL","NOT SPECIFIED","70,372,000",""
"SURVEY","2011","YEAR","","STATE","GEORGIA","13","","","","","","","00000000","","PEPPERS","PEPPERS, BELL - PRODUCTION, MEASURED IN CWT","TOTAL","NOT SPECIFIED","1,445,000",""
"SURVEY","2011","YEAR","","STATE","MICHIGAN","26","","","","","","","00000000","","PEPPERS","PEPPERS, BELL - PRODUCTION, MEASURED IN $","TOTAL","NOT SPECIFIED","14,580,000",""
"SURVEY","2011","YEAR","","STATE","MICHIGAN","26","","","","","","","00000000","","PEPPERS","PEPPERS, BELL - PRODUCTION, MEASURED IN CWT","TOTAL","NOT SPECIFIED","405,000",""
"SURVEY","2011","YEAR","","STATE","NEW JERSEY","34","","","","","","","00000000","","PEPPERS","PEPPERS, BELL - PRODUCTION, MEASURED IN $","TOTAL","NOT SPECIFIED","30,384,000",""
"SURVEY","2011","YEAR","","STATE","NEW JERSEY","34","","","","","","","00000000","","PEPPERS","PEPPERS, BELL - PRODUCTION, MEASURED IN CWT","TOTAL","NOT SPECIFIED","1,037,000",""
"SURVEY","2011","YEAR","","STATE","NEW MEXICO","35","","","","","","","00000000","","PEPPERS","PEPPERS, CHILE - PRODUCTION, MEASURED IN $","TOTAL","NOT SPECIFIED","46,716,000",""
"SURVEY","2011","YEAR","","STATE","NEW MEXICO","35","","","","","","","00000000","","PEPPERS","PEPPERS, CHILE - PRODUCTION, MEASURED IN CWT","TOTAL","NOT SPECIFIED","1,377,000",""
"SURVEY","2011","YEAR","","STATE","NORTH CAROLINA","37","","","","","","","00000000","","PEPPERS","PEPPERS, BELL - PRODUCTION, MEASURED IN $","TOTAL","NOT SPECIFIED","30,134,000",""
"SURVEY","2011","YEAR","","STATE","NORTH CAROLINA","37","","","","","","","00000000","","PEPPERS","PEPPERS, BELL - PRODUCTION, MEASURED IN CWT","TOTAL","NOT SPECIFIED","793,000",""
"SURVEY","2011","YEAR","","STATE","OHIO","39","","","","","","","00000000","","PEPPERS","PEPPERS, BELL - PRODUCTION, MEASURED IN $","TOTAL","NOT SPECIFIED","24,219,000",""
"SURVEY","2011","YEAR","","STATE","OHIO","39","","","","","","","00000000","","PEPPERS","PEPPERS, BELL - PRODUCTION, MEASURED IN CWT","TOTAL","NOT SPECIFIED","585,000",""
"SURVEY","2011","YEAR","","STATE","TEXAS","48","","","","","","","00000000","","PEPPERS","PEPPERS, CHILE - PRODUCTION, MEASURED IN $","TOTAL","NOT SPECIFIED","10,190,000",""
"SURVEY","2011","YEAR","","STATE","TEXAS","48","","","","","","","00000000","","PEPPERS","PEPPERS, CHILE - PRODUCTION, MEASURED IN CWT","TOTAL","NOT SPECIFIED","152,000",""
"SURVEY","2010","YEAR","","STATE","ARIZONA","04","","","","","","","00000000","","PEPPERS","PEPPERS, CHILE - PRODUCTION, MEASURED IN $","TOTAL","NOT SPECIFIED","10,369,000",""
"SURVEY","2010","YEAR","","STATE","ARIZONA","04","","","","","","","00000000","","PEPPERS","PEPPERS, CHILE - PRODUCTION, MEASURED IN CWT","TOTAL","NOT SPECIFIED","210,000",""
"SURVEY","2010","YEAR","","STATE","CALIFORNIA","06","","","","","","","00000000","","PEPPERS","PEPPERS, BELL - PRODUCTION, MEASURED IN $","TOTAL","NOT SPECIFIED","239,775,000",""
"SURVEY","2010","YEAR","","STATE","CALIFORNIA","06","","","","","","","00000000","","PEPPERS","PEPPERS, BELL - PRODUCTION, MEASURED IN CWT","TOTAL","NOT SPECIFIED","8,165,000",""
"SURVEY","2010","YEAR","","STATE","CALIFORNIA","06","","","","","","","00000000","","PEPPERS","PEPPERS, CHILE - PRODUCTION, MEASURED IN $","TOTAL","NOT SPECIFIED","66,146,000",""
"SURVEY","2010","YEAR","","STATE","CALIFORNIA","06","","","","","","","00000000","","PEPPERS","PEPPERS, CHILE - PRODUCTION, MEASURED IN CWT","TOTAL","NOT SPECIFIED","2,400,000",""
"SURVEY","2010","YEAR","","STATE","FLORIDA","12","","","","","","","00000000","","PEPPERS","PEPPERS, BELL - PRODUCTION, MEASURED IN $","TOTAL","NOT SPECIFIED","247,130,000",""
"SURVEY","2010","YEAR","","STATE","FLORIDA","12","","","","","","","00000000","","PEPPERS","PEPPERS, BELL - PRODUCTION, MEASURED IN CWT","TOTAL","NOT SPECIFIED","3,404,000",""
"SURVEY","2010","YEAR","","STATE","GEORGIA","13","","","","","","","00000000","","PEPPERS","PEPPERS, BELL - PRODUCTION, MEASURED IN $","TOTAL","NOT SPECIFIED","22,313,000",""
"SURVEY","2010","YEAR","","STATE","GEORGIA","13","","","","","","","00000000","","PEPPERS","PEPPERS, BELL - PRODUCTION, MEASURED IN CWT","TOTAL","NOT SPECIFIED","875,000",""
"SURVEY","2010","YEAR","","STATE","MICHIGAN","26","","","","","","","00000000","","PEPPERS","PEPPERS, BELL - PRODUCTION, MEASURED IN $","TOTAL","NOT SPECIFIED","12,144,000",""
"SURVEY","2010","YEAR","","STATE","MICHIGAN","26","","","","","","","00000000","","PEPPERS","PEPPERS, BELL - PRODUCTION, MEASURED IN CWT","TOTAL","NOT SPECIFIED","368,000",""
"SURVEY","2010","YEAR","","STATE","NEW JERSEY","34","","","","","","","00000000","","PEPPERS","PEPPERS, BELL - PRODUCTION, MEASURED IN $","TOTAL","NOT SPECIFIED","33,800,000",""
"SURVEY","2010","YEAR","","STATE","NEW JERSEY","34","","","","","","","00000000","","PEPPERS","PEPPERS, BELL - PRODUCTION, MEASURED IN CWT","TOTAL","NOT SPECIFIED","1,073,000",""
"SURVEY","2010","YEAR","","STATE","NEW MEXICO","35","","","","","","","00000000","","PEPPERS","PEPPERS, CHILE - PRODUCTION, MEASURED IN $","TOTAL","NOT SPECIFIED","41,611,000",""
"SURVEY","2010","YEAR","","STATE","NEW MEXICO","35","","","","","","","00000000","","PEPPERS","PEPPERS, CHILE - PRODUCTION, MEASURED IN CWT","TOTAL","NOT SPECIFIED","1,758,000",""
"SURVEY","2010","YEAR","","STATE","NORTH CAROLINA","37","","","","","","","00000000","","PEPPERS","PEPPERS, BELL - PRODUCTION, MEASURED IN $","TOTAL","NOT SPECIFIED","25,920,000",""
"SURVEY","2010","YEAR","","STATE","NORTH CAROLINA","37","","","","","","","00000000","","PEPPERS","PEPPERS, BELL - PRODUCTION, MEASURED IN CWT","TOTAL","NOT SPECIFIED","810,000",""
"SURVEY","2010","YEAR","","STATE","OHIO","39","","","","","","","00000000","","PEPPERS","PEPPERS, BELL - PRODUCTION, MEASURED IN $","TOTAL","NOT SPECIFIED","11,184,000",""
"SURVEY","2010","YEAR","","STATE","OHIO","39","","","","","","","00000000","","PEPPERS","PEPPERS, BELL - PRODUCTION, MEASURED IN CWT","TOTAL","NOT SPECIFIED","466,000",""
"SURVEY","2010","YEAR","","STATE","TEXAS","48","","","","","","","00000000","","PEPPERS","PEPPERS, CHILE - PRODUCTION, MEASURED IN $","TOTAL","NOT SPECIFIED","20,460,000",""
"SURVEY","2010","YEAR","","STATE","TEXAS","48","","","","","","","00000000","","PEPPERS","PEPPERS, CHILE - PRODUCTION, MEASURED IN CWT","TOTAL","NOT SPECIFIED","276,000",""
"SURVEY","2009","YEAR","","STATE","ARIZONA","04","","","","","","","00000000","","PEPPERS","PEPPERS, CHILE - PRODUCTION, MEASURED IN $","TOTAL","NOT SPECIFIED","10,429,000",""
"SURVEY","2009","YEAR","","STATE","ARIZONA","04","","","","","","","00000000","","PEPPERS","PEPPERS, CHILE - PRODUCTION, MEASURED IN CWT","TOTAL","NOT SPECIFIED","234,000",""
"SURVEY","2009","YEAR","","STATE","CALIFORNIA","06","","","","","","","00000000","","PEPPERS","PEPPERS, BELL - PRODUCTION, MEASURED IN $","TOTAL","NOT SPECIFIED","230,239,000",""
"SURVEY","2009","YEAR","","STATE","CALIFORNIA","06","","","","","","","00000000","","PEPPERS","PEPPERS, BELL - PRODUCTION, MEASURED IN CWT","TOTAL","NOT SPECIFIED","8,118,000",""
"SURVEY","2009","YEAR","","STATE","CALIFORNIA","06","","","","","","","00000000","","PEPPERS","PEPPERS, CHILE - PRODUCTION, MEASURED IN $","TOTAL","NOT SPECIFIED","53,906,000",""
"SURVEY","2009","YEAR","","STATE","CALIFORNIA","06","","","","","","","00000000","","PEPPERS","PEPPERS, CHILE - PRODUCTION, MEASURED IN CWT","TOTAL","NOT SPECIFIED","2,163,000",""
"SURVEY","2009","YEAR","","STATE","FLORIDA","12","","","","","","","00000000","","PEPPERS","PEPPERS, BELL - PRODUCTION, MEASURED IN $","TOTAL","NOT SPECIFIED","176,934,000",""
"SURVEY","2009","YEAR","","STATE","FLORIDA","12","","","","","","","00000000","","PEPPERS","PEPPERS, BELL - PRODUCTION, MEASURED IN CWT","TOTAL","NOT SPECIFIED","3,994,000",""
"SURVEY","2009","YEAR","","STATE","GEORGIA","13","","","","","","","00000000","","PEPPERS","PEPPERS, BELL - PRODUCTION, MEASURED IN $","TOTAL","NOT SPECIFIED","34,790,000",""
"SURVEY","2009","YEAR","","STATE","GEORGIA","13","","","","","","","00000000","","PEPPERS","PEPPERS, BELL - PRODUCTION, MEASURED IN CWT","TOTAL","NOT SPECIFIED","980,000",""
"SURVEY","2009","YEAR","","STATE","MICHIGAN","26","","","","","","","00000000","","PEPPERS","PEPPERS, BELL - PRODUCTION, MEASURED IN $","TOTAL","NOT SPECIFIED","11,520,000",""
"SURVEY","2009","YEAR","","STATE","MICHIGAN","26","","","","","","","00000000","","PEPPERS","PEPPERS, BELL - PRODUCTION, MEASURED IN CWT","TOTAL","NOT SPECIFIED","384,000",""
"SURVEY","2009","YEAR","","STATE","NEW JERSEY","34","","","","","","","00000000","","PEPPERS","PEPPERS, BELL - PRODUCTION, MEASURED IN $","TOTAL","NOT SPECIFIED","31,366,000",""
"SURVEY","2009","YEAR","","STATE","NEW JERSEY","34","","","","","","","00000000","","PEPPERS","PEPPERS, BELL - PRODUCTION, MEASURED IN CWT","TOTAL","NOT SPECIFIED","928,000",""
"SURVEY","2009","YEAR","","STATE","NEW MEXICO","35","","","","","","","00000000","","PEPPERS","PEPPERS, CHILE - PRODUCTION, MEASURED IN $","TOTAL","NOT SPECIFIED","57,369,000",""
"SURVEY","2009","YEAR","","STATE","NEW MEXICO","35","","","","","","","00000000","","PEPPERS","PEPPERS, CHILE - PRODUCTION, MEASURED IN CWT","TOTAL","NOT SPECIFIED","2,385,000",""
"SURVEY","2009","YEAR","","STATE","NORTH CAROLINA","37","","","","","","","00000000","","PEPPERS","PEPPERS, BELL - PRODUCTION, MEASURED IN $","TOTAL","NOT SPECIFIED","38,400,000",""
"SURVEY","2009","YEAR","","STATE","NORTH CAROLINA","37","","","","","","","00000000","","PEPPERS","PEPPERS, BELL - PRODUCTION, MEASURED IN CWT","TOTAL","NOT SPECIFIED","1,200,000",""
"SURVEY","2009","YEAR","","STATE","OHIO","39","","","","","","","00000000","","PEPPERS","PEPPERS, BELL - PRODUCTION, MEASURED IN $","TOTAL","NOT SPECIFIED","34,500,000",""
"SURVEY","2009","YEAR","","STATE","OHIO","39","","","","","","","00000000","","PEPPERS","PEPPERS, BELL - PRODUCTION, MEASURED IN CWT","TOTAL","NOT SPECIFIED","750,000",""
"SURVEY","2009","YEAR","","STATE","TEXAS","48","","","","","","","00000000","","PEPPERS","PEPPERS, CHILE - PRODUCTION, MEASURED IN $","TOTAL","NOT SPECIFIED","18,701,000",""
"SURVEY","2009","YEAR","","STATE","TEXAS","48","","","","","","","00000000","","PEPPERS","PEPPERS, CHILE - PRODUCTION, MEASURED IN CWT","TOTAL","NOT SPECIFIED","260,000",""
"SURVEY","2008","YEAR","","STATE","ARIZONA","04","","","","","","","00000000","","PEPPERS","PEPPERS, CHILE - PRODUCTION, MEASURED IN $","TOTAL","NOT SPECIFIED","10,964,000",""
"SURVEY","2008","YEAR","","STATE","ARIZONA","04","","","","","","","00000000","","PEPPERS","PEPPERS, CHILE - PRODUCTION, MEASURED IN CWT","TOTAL","NOT SPECIFIED","224,000",""
"SURVEY","2008","YEAR","","STATE","CALIFORNIA","06","","","","","","","00000000","","PEPPERS","PEPPERS, BELL - PRODUCTION, MEASURED IN $","TOTAL","NOT SPECIFIED","290,692,000",""
"SURVEY","2008","YEAR","","STATE","CALIFORNIA","06","","","","","","","00000000","","PEPPERS","PEPPERS, BELL - PRODUCTION, MEASURED IN CWT","TOTAL","NOT SPECIFIED","8,062,000",""
"SURVEY","2008","YEAR","","STATE","CALIFORNIA","06","","","","","","","00000000","","PEPPERS","PEPPERS, CHILE - PRODUCTION, MEASURED IN $","TOTAL","NOT SPECIFIED","45,595,000",""
"SURVEY","2008","YEAR","","STATE","CALIFORNIA","06","","","","","","","00000000","","PEPPERS","PEPPERS, CHILE - PRODUCTION, MEASURED IN CWT","TOTAL","NOT SPECIFIED","1,875,000",""
"SURVEY","2008","YEAR","","STATE","FLORIDA","12","","","","","","","00000000","","PEPPERS","PEPPERS, BELL - PRODUCTION, MEASURED IN $","TOTAL","NOT SPECIFIED","253,187,000",""
"SURVEY","2008","YEAR","","STATE","FLORIDA","12","","","","","","","00000000","","PEPPERS","PEPPERS, BELL - PRODUCTION, MEASURED IN CWT","TOTAL","NOT SPECIFIED","4,984,000",""
"SURVEY","2008","YEAR","","STATE","GEORGIA","13","","","","","","","00000000","","PEPPERS","PEPPERS, BELL - PRODUCTION, MEASURED IN $","TOTAL","NOT SPECIFIED","20,502,000",""
"SURVEY","2008","YEAR","","STATE","GEORGIA","13","","","","","","","00000000","","PEPPERS","PEPPERS, BELL - PRODUCTION, MEASURED IN CWT","TOTAL","NOT SPECIFIED","612,000",""
"SURVEY","2008","YEAR","","STATE","MICHIGAN","26","","","","","","","00000000","","PEPPERS","PEPPERS, BELL - PRODUCTION, MEASURED IN $","TOTAL","NOT SPECIFIED","12,000,000",""
"SURVEY","2008","YEAR","","STATE","MICHIGAN","26","","","","","","","00000000","","PEPPERS","PEPPERS, BELL - PRODUCTION, MEASURED IN CWT","TOTAL","NOT SPECIFIED","400,000",""
"SURVEY","2008","YEAR","","STATE","NEW JERSEY","34","","","","","","","00000000","","PEPPERS","PEPPERS, BELL - PRODUCTION, MEASURED IN $","TOTAL","NOT SPECIFIED","32,922,000",""
"SURVEY","2008","YEAR","","STATE","NEW JERSEY","34","","","","","","","00000000","","PEPPERS","PEPPERS, BELL - PRODUCTION, MEASURED IN CWT","TOTAL","NOT SPECIFIED","1,116,000",""
"SURVEY","2008","YEAR","","STATE","NEW MEXICO","35","","","","","","","00000000","","PEPPERS","PEPPERS, CHILE - PRODUCTION, MEASURED IN $","TOTAL","NOT SPECIFIED","42,311,000",""
"SURVEY","2008","YEAR","","STATE","NEW MEXICO","35","","","","","","","00000000","","PEPPERS","PEPPERS, CHILE - PRODUCTION, MEASURED IN CWT","TOTAL","NOT SPECIFIED","1,962,000",""
"SURVEY","2008","YEAR","","STATE","NORTH CAROLINA","37","","","","","","","00000000","","PEPPERS","PEPPERS, BELL - PRODUCTION, MEASURED IN $","TOTAL","NOT SPECIFIED","10,080,000",""
"SURVEY","2008","YEAR","","STATE","NORTH CAROLINA","37","","","","","","","00000000","","PEPPERS","PEPPERS, BELL - PRODUCTION, MEASURED IN CWT","TOTAL","NOT SPECIFIED","336,000",""
"SURVEY","2008","YEAR","","STATE","OHIO","39","","","","","","","00000000","","PEPPERS","PEPPERS, BELL - PRODUCTION, MEASURED IN $","TOTAL","NOT SPECIFIED","16,279,000",""
"SURVEY","2008","YEAR","","STATE","OHIO","39","","","","","","","00000000","","PEPPERS","PEPPERS, BELL - PRODUCTION, MEASURED IN CWT","TOTAL","NOT SPECIFIED","357,000",""
"SURVEY","2008","YEAR","","STATE","TEXAS","48","","","","","","","00000000","","PEPPERS","PEPPERS, CHILE - PRODUCTION, MEASURED IN $","TOTAL","NOT SPECIFIED","13,883,000",""
"SURVEY","2008","YEAR","","STATE","TEXAS","48","","","","","","","00000000","","PEPPERS","PEPPERS, CHILE - PRODUCTION, MEASURED IN CWT","TOTAL","NOT SPECIFIED","174,000",""
